Wilkins PLC|France|187|2624|10
Mitchell-Wilson|Russia|180|1156|1
Christian Inc|Bulgaria|321|412|0
Riley, Green and Rhodes|Russia|130|3863|5
Gill-Berry|Bulgaria|10|3731|4
Wheeler, Williams and Ruiz|Austria|263|1244|1
Alexander LLC|Greece|138|1040|7
Mckee Group|Russia|194|4880|4
Allen-Kennedy|Portugal|57|2522|2
Fisher-Blake|Chile|253|1123|5
Tucker Inc|Argentina|52|3470|4
Kennedy and Sons|Hungary|178|1261|1
Hickman, Lawson and Wilson|France|298|3274|3
Jones, Hubbard and Ramos|Romania|164|4412|3
Mcdonald, Sanchez and Adams|Argentina|131|2208|1
Abbott-Carpenter|Brazil|329|3991|8
Wilson Inc|Hungary|79|3398|9
Gibbs Inc|Australia|304|3183|3
Hayes, Curry and Lawrence|Italy|207|4561|5
Welch, Boyer and Bean|Spain|207|3089|5
Barber-Carter|Brazil|303|1324|2
Salazar, Evans and Cook|Italy|234|2078|8
Hardin, Le and Osborne|Bulgaria|269|3203|9
Villarreal Ltd|Moldavia|166|793|3
Larson Inc|South Africa|108|1913|7
Chen Ltd|New Zealand|243|530|2
Roberson, Bowers and Evans|Portugal|97|2978|6
Knapp-Henderson|Moldavia|96|3960|9
Ramirez-Suarez|China|300|2247|4
Chambers, Herrera and Lee|Portugal|291|2959|1
Smith Group|Bulgaria|60|667|1
Hernandez and Sons|Brazil|335|1234|6
Torres Group|Moldavia|28|3791|8
Thomas Inc|Australia|350|4133|0
Price, Hubbard and Ortiz|Spain|196|2824|9
Moreno-Murphy|Bulgaria|322|4613|8
Austin PLC|Australia|254|1242|4
Carroll-Flynn|Argentina|318|4420|9
Lewis-Wood|Russia|25|1981|2
Williams-Reid|Portugal|215|3235|6
Hanson-Hubbard|France|219|1822|2
Bowen, Prince and Herrera|Australia|38|4246|3
Hampton-Maynard|Russia|51|1715|9
Robinson-Sanchez|Spain|117|2958|4
Lewis, Friedman and Wang|Australia|209|2609|1
Mitchell-Fisher|Italy|81|452|9
Everett Ltd|Moldavia|102|2622|4
Davis-Hoover|Greece|238|4622|4
Marshall, Garcia and Hernandez|Portugal|107|3488|5
Mccarthy-Jones|Chile|342|3805|6
Morgan Ltd|Germany|329|2928|9
Davidson, Martinez and Smith|Australia|349|2326|2
Woodard-Rivera|Chile|238|3799|5
Padilla-Dixon|Australia|22|2746|8
Crosby LLC|Brazil|28|4248|8
Good, Harrington and Hinton|Spain|151|3318|3
Benson-Thomas|Italy|107|2650|2
Neal, Reyes and Jones|Argentina|231|4913|9
Wagner and Sons|Romania|81|4438|7
Matthews, Clarke and Reyes|Russia|97|3057|3
Aguilar-Sanchez|Spain|81|4655|4
Tyler PLC|Italy|165|4061|0
Lam Inc|New Zealand|309|1863|6
Lopez-Wolfe|South Africa|323|3171|6
Donaldson PLC|New Zealand|202|1475|0
Edwards-Mccall|Russia|120|2880|3
Chavez-Allen|Russia|302|3264|6
Moss Group|Greece|181|1607|6
Smith PLC|Spain|336|4350|0
Mcfarland, Keith and Barry|South Africa|131|4285|1
Bailey, Smith and Reeves|Austria|350|3082|9
Hernandez Group|China|250|4146|7
Pruitt-Morrison|South Africa|247|1844|9
Parker-Porter|Portugal|299|3045|5
Holland LLC|Brazil|338|2148|7
Duncan LLC|China|285|1490|8
Yang Group|Australia|350|1799|3
Turner-Winters|Greece|186|559|5
Hines-Brown|Chile|294|1934|2
Hunter, Foster and Cervantes|Bulgaria|161|763|1
Webb, Huber and Miller|China|8|3770|8
Lane, Chen and Robertson|Germany|51|3337|4
Russo Ltd|New Zealand|334|2505|7
Martin PLC|Moldavia|322|648|1
Gray and Sons|Romania|138|3830|1
Evans, Delgado and Garcia|Argentina|124|3253|8
Wheeler Group|Greece|232|1110|6
Calhoun-Martin|China|183|3569|0
Hobbs, Hancock and Cooper|Croatia|156|4761|2
Collins Ltd|Brazil|251|3124|10
Roberts-Colon|South Africa|180|493|3
Gonzales-Murphy|Hungary|50|2844|7
Montgomery Inc|Chile|89|1822|3
Gonzalez-Williams|USA|130|2821|10
Walker, Hinton and Parks|Bulgaria|307|1550|2
Zamora LLC|Portugal|136|4200|1
Tanner-Ward|Brazil|2|3766|5
Jensen, Soto and Aguirre|Romania|228|400|2
Galvan, Johnson and Boyd|New Zealand|26|468|9
Esparza-Lucas|Greece|260|4891|0
Elliott LLC|New Zealand|158|3480|8
Harris Group|Australia|232|4850|0
Mueller and Sons|Portugal|80|1664|4
Rivera Ltd|Croatia|241|2115|8
Hernandez Ltd|Chile|93|3595|8
Rivera Inc|Croatia|208|2475|9
Velazquez-Mcdonald|Germany|290|3326|5
Molina, King and Collins|Croatia|223|4666|4
Flowers-Herrera|New Zealand|123|1989|7
Crane LLC|Spain|304|2906|3
Perkins-Herring|Austria|74|411|5
Harris PLC|Croatia|346|1375|1
West-Herrera|New Zealand|40|3373|7
Gonzalez-Anderson|Portugal|43|4137|10
Murray, Holmes and Russo|China|77|4278|9
Townsend-Young|Croatia|46|3240|10
Mcmillan-Walker|Spain|69|3688|5
Bradley LLC|Spain|244|2019|1
Graham PLC|South Africa|164|4612|5
Owens and Sons|Portugal|211|2969|6
Smith, Johnson and Peters|Italy|173|778|0
Edwards, Wright and King|Portugal|338|1955|9
Rodgers Inc|Portugal|306|3730|10
Wilson-Adams|Austria|247|1976|6
Miller PLC|South Africa|283|4500|7
Patterson LLC|USA|120|1910|1
Sandoval, Rangel and Gomez|USA|56|1781|4
Johnson and Sons|Chile|14|1206|6
Mitchell, Torres and Andersen|South Africa|316|2763|5
Brooks, Newman and Willis|Bulgaria|287|4360|4
Silva, Rivera and Flores|Portugal|277|524|4
Harrison, Collins and Hickman|Croatia|47|1754|5
Taylor-Mcbride|New Zealand|98|620|1
Juarez-Paul|Chile|105|1711|6
Miller-Hayes|Italy|197|895|7
Garcia PLC|France|134|1917|7
Ross-Taylor|Croatia|283|1988|4
Davis Group|Romania|18|3006|4
Price, Juarez and Smith|New Zealand|170|2568|8
Griffith, Murray and Pace|Brazil|66|3296|0
Wise Ltd|South Africa|282|3843|5
Chapman and Sons|Romania|8|1119|1
Roberts Ltd|Chile|186|3752|7
Hudson, Cox and Martin|Moldavia|139|4065|1
Townsend-Bond|Spain|242|4321|8
Mclaughlin-Tucker|Australia|135|1121|10
Gonzalez-White|Brazil|297|1621|10
Anderson-Orozco|Bulgaria|208|4352|5
Benton, Duncan and Webster|Croatia|83|4776|8
Gibson, Olson and Williams|Germany|289|2926|10
Burton-Casey|China|102|3727|8
Brown-Evans|Argentina|237|3674|3
Curtis, Good and Horton|South Africa|171|3644|4
Tyler and Sons|China|161|4370|2
Ross-Becker|New Zealand|148|3263|2
Holden-Anderson|China|36|1766|6
Stuart and Sons|Argentina|307|3094|3
Sims LLC|Moldavia|285|4969|10
Smith-Jones|Russia|117|1975|5
Schneider-Griffith|Austria|124|1356|6
Colon Ltd|Germany|143|2575|4
Bell Inc|France|240|3509|2
Farrell-Wilson|Chile|241|2775|3
Holmes, Rodriguez and Harrington|France|42|2413|4
Adams-Jarvis|Spain|168|2571|3
Williams-Scott|Brazil|277|2094|2
Wheeler-Wong|Russia|78|3182|10
Jones-Henry|China|60|4552|2
Gonzalez Ltd|South Africa|83|1712|8
Reid and Sons|China|297|1576|6
Rich-Braun|Brazil|348|2487|10
Lee-Fisher|Bulgaria|150|3035|5
Moody, Gregory and Hartman|Brazil|268|4271|3
Mcdowell-Miller|New Zealand|17|4962|6
Diaz and Sons|Italy|61|1191|10
Morris, Anderson and Jenkins|New Zealand|88|2867|2
Greene-Melendez|South Africa|74|1012|6
Anderson, Kramer and Martin|USA|82|2746|4
Dawson Group|Germany|291|513|3
Gardner and Sons|Greece|129|2177|4
Brown-Blake|Russia|88|3366|8
Martin, Townsend and Butler|Australia|297|4927|0
King, Gardner and Mitchell|Hungary|256|1812|7
Taylor, Sullivan and Cook|Brazil|195|4391|7
Myers, Frost and Anderson|Portugal|63|3967|5
Solomon PLC|Chile|188|4959|8
Little-Davis|USA|227|1827|0
Phillips Group|Hungary|234|1030|6
Lucero-Powell|New Zealand|257|1227|8
Roy, Harris and Hammond|South Africa|48|4123|8
Gay and Sons|Italy|134|1158|7
Davis PLC|Croatia|82|4038|4
Salinas PLC|Romania|310|4816|8
Leon-Alexander|Russia|343|4581|5
Davis-Cole|Australia|100|4318|7
Carson-Silva|Austria|255|3325|4
Coleman, Crawford and Moore|Romania|217|520|6
Braun Inc|Brazil|194|3442|1
Salazar, Newton and Weaver|Italy|263|4359|10
Phillips PLC|Russia|279|4103|1
Gardner-Boyd|Bulgaria|276|4732|10
Wood, Frederick and Rosario|Italy|324|1119|4
Cook-Hood|France|224|4126|0
Prince Group|Spain|124|2055|10
Kent-Johnson|South Africa|206|1163|3
Gamble-Nelson|Spain|42|1615|4
Allen LLC|Austria|317|3515|10
Wilkins-Long|Moldavia|85|1545|6
Perry LLC|Moldavia|326|3108|2
Frost, Martinez and Watts|Italy|302|1718|9
Goodwin and Sons|Portugal|186|4353|7
Klein, Robinson and Rice|Russia|266|2455|7
Perez-Dominguez|Romania|213|4117|8
Morales Inc|Moldavia|11|3933|5
Morrow, Barber and Levy|Austria|55|4077|3
Kim, Jennings and Stewart|Bulgaria|106|553|2
Singh, Freeman and Fisher|Australia|301|3194|2
Thompson LLC|Bulgaria|99|3771|5
Lewis Ltd|Russia|54|4578|8
Ramirez Ltd|Brazil|125|2030|6
Edwards-Franklin|New Zealand|344|1361|7
Green-Robbins|France|198|1037|6
James, Robinson and Martin|Italy|228|2251|0
Davis-Anderson|China|341|1878|6
Bailey and Sons|Moldavia|275|1612|2
Garrett, Clark and Mckenzie|Croatia|69|2530|0
Moyer Ltd|Hungary|86|1759|8
Barron-Rowe|Chile|206|4572|5
Morrison-Gonzales|Italy|185|687|9
May Group|Bulgaria|16|4147|0
Johnson-Fletcher|Chile|297|1715|1
Jones LLC|Croatia|148|4836|1
Anderson, Jones and Vargas|Hungary|179|4834|8
Boyd, Doyle and Dillon|Moldavia|332|767|2
Santos and Sons|Russia|11|3250|2
Kennedy-Duran|USA|262|3896|7
Dawson and Sons|Croatia|62|3694|6
Boyd, Miller and Rodriguez|Australia|123|2818|3
Cervantes-Rodgers|Chile|145|3781|6
Pugh PLC|Germany|284|2827|10
Munoz, Rhodes and Flores|Brazil|262|3075|3
Cross PLC|China|200|1981|0
Coleman-Flynn|Moldavia|65|4256|0
Finley Group|Russia|314|1947|6
Warren PLC|Bulgaria|233|1142|2
Miller LLC|Brazil|327|2225|9
Hamilton PLC|New Zealand|209|3541|7
Price-Nicholson|France|214|3763|8
Riley-Barnes|Moldavia|46|3649|3
Ballard Ltd|Greece|271|664|3
Phillips, Skinner and Lowe|Italy|208|659|6
Gray Inc|Moldavia|350|2502|6
Myers, Smith and Johnson|Italy|93|1209|5
Sanchez, Colon and Melendez|USA|169|4544|8
Ramirez-Lee|Brazil|324|3125|2
Hill, Mcdowell and Phillips|Australia|155|1846|2
Osborne, Walker and Smith|Australia|101|3397|0
Pacheco, Neal and Morales|Austria|167|3248|2
Campbell PLC|Moldavia|212|740|5
Weaver-Moody|Chile|228|1970|4
Jones-Powers|New Zealand|246|1928|7
Roman, Ballard and Harvey|Bulgaria|91|3535|0
Ramos, Carter and Torres|Hungary|197|4849|0
Carr Group|South Africa|201|4660|3
Fisher, Davies and Palmer|Spain|176|1658|0
Warner, Lee and Burton|France|200|4943|4
Bennett-Owens|Germany|168|519|10
Walter PLC|Chile|168|3176|5
Rogers, Martinez and Boyd|Hungary|264|635|5
Moore, Little and Jones|Spain|8|3702|8
Moore-Jenkins|Portugal|336|1661|1
Fitzpatrick-Lopez|Moldavia|84|1390|1
Jones-Thomas|Hungary|232|4842|7
Sims-Hughes|New Zealand|116|2859|5
Warren-Morales|Bulgaria|38|674|0
Henderson LLC|New Zealand|64|4139|2
Kelley-Wilson|Spain|226|430|4
Herrera Ltd|Argentina|106|4889|9
Wu, Reeves and Williams|Austria|26|1748|6
Ryan-Miller|Russia|76|2707|3
Parker-Clayton|Romania|277|3151|3
Kelley Group|China|222|4754|5
Walters-Wilson|Brazil|253|1655|6
Hernandez, Martin and Perry|Germany|18|2116|10
Woods, Krause and Reynolds|France|143|2818|6
Jones-Johnson|Germany|129|3718|10
Webb, Porter and Martin|Hungary|139|1915|0
Wilson Group|Australia|200|4974|9
Berg PLC|South Africa|344|3902|2
Burke, Combs and Washington|Greece|148|1589|6
Rogers Ltd|Hungary|219|2542|6
West and Sons|Australia|35|4136|5
Hansen-Stein|Croatia|141|1704|0
Jackson PLC|Chile|261|1720|1
Lopez PLC|Romania|272|2782|10
Jones-Scott|South Africa|338|1568|9
Black, Miller and Smith|Germany|251|4606|0
Giles, Schultz and Franklin|Portugal|272|934|5
Owens, Hinton and Ortiz|Spain|174|4435|0
Collier-Walker|China|9|2194|6
Mitchell-Riley|Austria|88|4602|2
Davis, Wall and Dean|Portugal|35|4200|6
Stone-Davis|Russia|283|793|1
Myers-Patterson|Brazil|272|1190|6
Dawson-Elliott|Russia|12|1968|0
Rodriguez PLC|Hungary|177|1991|9
Parrish Group|Russia|26|4030|7
Rosario, Collins and Massey|Spain|206|1666|4
Thomas, Russell and Murphy|France|317|4803|7
Diaz Inc|Bulgaria|159|3586|4
Jenkins PLC|Spain|60|4772|2
Jones Group|South Africa|24|4403|6
Willis-Kelly|Hungary|274|1160|6
Shepherd PLC|South Africa|297|2724|4
Green Inc|France|180|1854|6
Chambers-Hall|Moldavia|162|2340|5
Nelson-Harvey|Croatia|49|4993|5
Brown Group|Bulgaria|249|2798|2
Sullivan, Ryan and Snyder|Bulgaria|111|3226|0
Alvarez PLC|Bulgaria|17|1032|5
Burch Ltd|Argentina|94|2185|1
Tanner Group|Hungary|350|2032|6
Rivera Group|Austria|343|2031|0
Gonzalez PLC|Portugal|57|3024|8
Torres, Cohen and Moore|France|201|2431|2
Barnes-Rodriguez|New Zealand|256|564|2
Wood-Pacheco|Greece|46|4689|0
Thomas-Gallegos|Romania|216|1805|5
Santiago, Bradley and Wade|Hungary|64|4997|1
Burns, Solomon and Bell|Moldavia|73|4509|1
Brooks-Rodriguez|South Africa|333|3889|3
Carter-Gonzalez|China|281|1430|5
Garrison-Jones|Italy|24|2144|7
Parker-Smith|Greece|63|4569|7
Greer, Lopez and Morgan|New Zealand|108|531|6
Garrett LLC|Moldavia|13|888|6
Brown-Dennis|Italy|226|4828|4
Flynn, Gross and Golden|Chile|134|2526|0
Fisher-Hernandez|Chile|231|1333|9
Swanson, Brown and Rodriguez|Hungary|135|3749|0
Harrington, Brown and Henderson|Russia|60|917|6
Spencer Ltd|Spain|49|1466|2
Johnson-Smith|New Zealand|309|1595|1
Williams-Sparks|China|257|1365|9
Callahan-Jones|China|310|4598|9
Cox, Reynolds and Ray|Romania|154|2353|3
Cox PLC|China|82|2000|3
Edwards PLC|Chile|221|2229|10
House PLC|Argentina|16|3736|7
Hernandez, Baker and Medina|Portugal|186|3518|6
Tanner-Hernandez|France|277|4132|6
Jennings and Sons|Argentina|206|2232|0
Kelly Ltd|Spain|5|1588|7
Dillon, Bell and Spence|Bulgaria|30|3481|10
Jacobs-Peterson|Austria|144|4801|4
Schneider, Brown and Chandler|Romania|296|2334|5
Reyes-Edwards|Australia|188|3232|9
Miles LLC|France|290|4423|2
Jackson, Rogers and Barr|Moldavia|279|2612|0
Weber, Thomas and Lynch|South Africa|320|2938|3
Hopkins Inc|South Africa|210|3489|4
Joyce-Spears|Italy|225|4458|1
Preston-Leach|Australia|92|3103|3
Hudson, Miller and French|USA|212|3478|0
Jones PLC|Spain|158|1997|0
Anderson, Hill and Lopez|France|72|3043|2
Owen and Sons|Germany|123|4927|5
Parks-Richardson|Spain|264|4063|3
Boyle, Spencer and Arroyo|Hungary|72|1190|9
Kim, Petty and Williams|Austria|31|4092|7
Moran-Lewis|Greece|90|3614|9
Blake, Wolfe and Hammond|Brazil|194|1154|7
Jenkins, Lin and Obrien|Romania|58|992|9
Duncan Group|Romania|72|3271|6
Scott, Gray and Johnson|South Africa|192|2160|1
Higgins-Reyes|Australia|242|4900|4
Chung, Johnson and Reyes|Germany|190|1784|7
Weiss and Sons|Romania|12|1954|1
Ford Group|USA|306|930|8
Bennett, Mitchell and Wilson|Chile|322|2898|10
Medina-Martinez|Moldavia|324|620|4
Edwards, Gray and Wilson|Bulgaria|101|2710|7
Smith-Parker|France|17|4781|2
Lynch Group|Germany|137|789|9
Sanchez, Jones and Moore|Croatia|88|3304|10
Mack Group|New Zealand|221|796|9
Weber, Ruiz and Barry|Romania|45|2120|9
Sanchez Group|China|323|475|10
Jimenez-Rodriguez|Moldavia|1|2316|5
Murphy-Miller|Portugal|270|4165|4
Walker-Pruitt|Germany|46|2954|7
Franklin Inc|Russia|19|4105|0
King-Conley|New Zealand|65|2384|9
Phillips, Carter and Hood|Portugal|253|2241|9
Johnson, Smith and Hamilton|Austria|203|1317|1
Harris-Lewis|Austria|318|1003|8
Ruiz-Mcguire|Australia|130|4139|0
Mathews, Rivas and Stephens|Brazil|325|1758|3
Lee-Miller|China|330|4958|6
Aguirre, Peterson and Greer|Portugal|183|2408|2
Crawford-Smith|Italy|330|2284|2
Phillips-Arnold|Brazil|178|3990|1
Fox-Rose|Chile|138|4107|1
Cunningham Group|France|105|2280|6
Phillips LLC|Romania|14|4104|5
Richardson PLC|Hungary|271|4051|8
Cooper, Smith and Murphy|Moldavia|280|773|6
Roth-Smith|Hungary|155|3519|9
Watson, Olson and Williams|Russia|153|2652|5
Warren Group|Spain|70|3800|1
Ward-Anderson|Greece|201|510|8
Franco, Carter and Walker|Romania|122|2513|3
Goodman, Mckee and Berg|Spain|28|3169|8
Ortega, Flores and Brady|Germany|140|4145|2
Clark Inc|Italy|294|4618|0
Cole PLC|France|27|4684|2
Hughes-Romero|Australia|136|4326|2
Newman-Vega|Australia|149|1246|5
Richard, Webb and Mendoza|Portugal|308|605|6
Weber Ltd|Bulgaria|147|2769|8
Olson, Richardson and Spencer|France|170|1007|5
Rose, Martinez and Kim|Portugal|217|2200|0
Armstrong-Oliver|USA|13|1559|7
Griffin LLC|Portugal|344|414|3
Garcia, Walker and Brown|Hungary|171|2024|6
Miller, Stewart and Hernandez|Portugal|262|4205|2
Thompson-Roberts|Greece|327|4730|4
Savage, Sexton and Parker|Moldavia|245|1404|10
Moore Inc|Italy|168|1057|2
Rogers Inc|Austria|345|3538|9
Arias-Clark|Bulgaria|327|1889|7
Hopkins and Sons|Romania|306|4545|8
Herrera-Fleming|Spain|231|488|0
Smith, Flores and Smith|Russia|95|3485|10
Owens-Wilson|China|156|4626|0
Dunn, Lane and Day|Russia|319|1236|8
Parks-Jones|Hungary|120|2501|5
Sanchez, Fox and Roberson|South Africa|222|4526|0
Chambers Ltd|Spain|137|3793|8
Grant-Carroll|Germany|167|4779|4
Ramos, Bruce and Bradley|Moldavia|338|4911|7
Crawford PLC|Italy|188|4833|9
Mclean-Dawson|Argentina|141|827|3
Pugh, Gonzalez and Jones|South Africa|13|1787|7
Flores and Sons|China|225|2466|3
Kelly LLC|USA|180|2221|6
Farmer Inc|Bulgaria|302|4048|6
Bailey, Blair and Villarreal|Portugal|251|2590|2
Green, Singh and Smith|Spain|107|3213|4
Thompson-Patterson|Austria|146|4996|8
Bridges-Castro|Bulgaria|11|3090|8
Lester, Henderson and Torres|Italy|15|3708|4
Carey, Tyler and Jackson|China|203|2226|8
Khan-Mccall|Italy|189|3112|1
Fletcher, Swanson and Gallegos|Spain|279|595|9
Kramer, Alvarado and Martinez|France|125|4753|9
Gray PLC|Chile|80|976|7
Mclaughlin, Erickson and Kramer|France|142|3393|2
Garcia-Hardy|Austria|281|1436|5
Anderson-Mccoy|Bulgaria|57|1572|0
Schwartz Inc|Spain|31|2029|1
Brown, Stephens and Harrison|Romania|256|3522|6
Vaughan, Johnson and Yang|Brazil|65|4595|8
Lynch, Malone and Lawson|Russia|232|2691|0
Espinoza Group|USA|332|2675|8
Black-Hernandez|Bulgaria|88|3167|10
Gray, Wilson and King|Argentina|136|1027|5
Frost-Parker|South Africa|335|3203|2
Green, Salazar and Myers|Germany|134|3010|0
Miranda, Garcia and Gomez|Russia|191|1434|1
Davis LLC|Australia|287|4608|4
Beck-Steele|Brazil|154|2906|0
Chandler, Hansen and Dunn|Austria|140|4789|1
Lopez, Phelps and Abbott|Greece|88|580|5
Rodriguez, King and Rogers|Moldavia|106|4563|3
Hernandez, Williams and Martinez|South Africa|52|4028|8
Sanchez Inc|Italy|12|1880|0
Walker LLC|Italy|49|1724|9
Duncan-Rodgers|Russia|195|1048|3
Reynolds, Cannon and Hickman|Russia|259|3956|3
Lozano, Rowland and Robinson|Australia|194|4298|4
Reyes-Goodman|South Africa|336|1893|3
Davis, Taylor and Murphy|Romania|145|2922|0
Mcbride Group|China|81|4170|2
Lee-Reyes|Hungary|301|1322|6
Lam, Terry and Henry|Argentina|63|4211|7
Barnes-Anderson|China|68|3811|4
Ellis Ltd|France|51|4525|3
Ward Inc|Greece|186|1185|5
Ayala-Russell|Bulgaria|292|1472|0
Wilson-Bailey|Brazil|285|2758|8
Morrow LLC|Germany|200|3877|6
Kramer, Davis and Lewis|Spain|271|3386|4
Bond Inc|Italy|231|4232|1
Gonzalez Inc|China|3|3545|8
Zavala LLC|USA|290|4743|10
Freeman PLC|Bulgaria|159|1376|3
Hoffman-Shaw|Hungary|5|2417|5
Freeman, Orr and Garcia|New Zealand|26|1526|1
Howell-Michael|Germany|211|1502|0
Berger, Alexander and Guerrero|USA|1|4230|1
Williamson-Day|Greece|73|4363|8
Clark Ltd|Greece|307|1361|4
Clarke PLC|South Africa|251|3622|5
Deleon LLC|France|166|2713|6
Gutierrez Ltd|Chile|175|1120|2
Strickland-Dillon|Germany|263|3830|0
Michael, Hughes and Cannon|Austria|186|2673|1
May-Whitney|South Africa|32|987|8
Ortega-Daniel|Hungary|114|4126|5
Simpson-Thompson|Italy|38|4773|9
Mitchell, Villanueva and Patterson|New Zealand|221|3997|2
Foley-Rogers|Moldavia|73|3767|9
Hart-White|Romania|185|4221|10
Long Ltd|Bulgaria|287|1091|7
Smith-Bates|Hungary|217|1569|5
Lee and Sons|Russia|111|4581|0
Horton PLC|Moldavia|27|793|5
Sparks-Sawyer|Greece|325|840|2
Meyer, Jones and Hall|New Zealand|175|3173|2
Mann-Sanchez|France|191|2475|4
Cruz-Stewart|Spain|140|3156|2
Jennings Inc|France|14|581|10
Griffin-Griffin|Chile|207|1636|5
Manning-Durham|Russia|117|556|3
Chen, Stanley and Cordova|Argentina|188|880|5
Hamilton, Hopkins and Curry|Moldavia|119|2590|6
Potter, Mcfarland and Warren|Spain|45|4668|6
Charles Inc|Romania|156|4084|10
Jones, Maldonado and Rivas|France|272|1397|3
Gonzalez-Contreras|New Zealand|304|3959|4
Griffin, Adams and Wilson|South Africa|258|682|10
Sanders and Sons|Austria|40|577|2
Jensen Ltd|Australia|74|3240|3
Lewis, Lopez and Singleton|Greece|87|2532|3
Andrews, Miller and Wright|Croatia|239|2561|4
Silva, Young and Miller|Greece|297|2737|1
Nguyen Ltd|Romania|327|686|2
Frazier Ltd|Chile|91|2303|3
Clark, Burton and Luna|France|156|2199|9
Johnson, Andrews and Williams|Spain|194|1714|5
Russo-Townsend|Russia|95|3705|5
Marsh, Williams and Little|China|136|1174|3
Taylor-Turner|Austria|76|2909|6
Zamora-Garcia|France|233|1231|7
Yang-Thompson|Romania|211|2970|7
Ramirez, Lam and Bradley|Italy|2|443|10
Garrett Inc|South Africa|147|4328|5
King Inc|Croatia|99|2543|5
Garcia LLC|Hungary|25|3290|6
Cervantes, Rogers and Kim|Portugal|225|3442|8
Reed LLC|Greece|95|2778|4
Mason Group|Brazil|55|2607|1
Walton, Little and Quinn|Russia|1|4894|0
Stewart, Davila and Harris|Chile|203|1121|10
Cummings, Moyer and Velasquez|Italy|29|3827|8
Adams, Contreras and Edwards|New Zealand|350|3624|3
Gonzalez and Sons|China|37|1366|3
Schaefer-Clay|South Africa|345|4138|1
Hernandez-Dickson|Spain|306|562|5
Roberts LLC|Argentina|272|3581|5
Beasley, Cole and Allen|Spain|339|1405|0
Lara, Bryan and Warren|Croatia|17|3263|0
Downs PLC|Bulgaria|148|2486|10
Johnson Group|Romania|179|3322|9
Barton, Lopez and Davis|Hungary|24|1124|8
Holloway-Johnson|Bulgaria|128|4578|2
Anderson and Sons|Australia|117|3947|2
Smith, Taylor and Martinez|Chile|163|4504|0
Powell, Espinoza and Spencer|China|186|4102|1
Johnson-Wright|Chile|340|3004|8
Hernandez-Thomas|Chile|273|2039|5
Wilson, Carlson and Bell|USA|187|2180|3
Crawford LLC|Chile|296|1672|2
Kelley-Conway|Brazil|228|2864|10
Bates Ltd|Australia|108|1120|1
Evans Ltd|Russia|192|1162|5
Padilla, Reed and Quinn|Germany|176|2776|3
Clarke-Tucker|Italy|333|4743|5
Wood-Henry|Bulgaria|295|3285|9
Cruz, Gibson and Day|South Africa|142|4728|9
Sims, Mcconnell and Martinez|China|122|3723|3
Reynolds, Brown and Johnson|Moldavia|326|4406|4
Smith Ltd|Argentina|338|1414|10
Callahan-Holland|South Africa|14|1884|6
Davis, Meadows and Mccoy|New Zealand|239|3325|0
Jones, Harris and Strickland|Russia|282|4701|1
King, Sawyer and Jacobson|Romania|350|3624|2
Lee-Smith|Russia|311|2849|10
Jenkins Ltd|Portugal|254|3522|2
Nunez LLC|Austria|76|4608|2
Norton and Sons|China|118|578|7
Friedman-Cox|Italy|54|884|3
Mcmillan-Rodriguez|Bulgaria|345|2693|5
Harvey Group|New Zealand|4|1328|3
Robinson Group|Portugal|313|1027|4
Oliver LLC|Spain|318|1339|3
Weiss Group|Chile|311|4708|10
Martin-Flores|Austria|105|4298|1
Lawson Inc|Hungary|88|2344|5
Miller-Hall|Austria|200|1720|4
Edwards-Ward|USA|128|4291|7
Schwartz, Lewis and Acosta|Romania|96|3815|6
Haynes Ltd|Bulgaria|100|1471|10
Mcmillan-Thompson|USA|192|3984|8
Parsons Ltd|Germany|143|3939|10
Wallace Inc|Moldavia|102|4681|7
Martin Inc|New Zealand|52|1102|0
Duran, Macdonald and Hill|Spain|240|3150|5
King LLC|Romania|253|4689|6
Poole, Moore and Scott|Russia|14|771|10
Green-Wall|Chile|148|3247|2
Schmidt-Medina|Argentina|109|4770|8
Ramos, Dickerson and Johnson|Brazil|220|3757|8
Scott-Henderson|Greece|23|3020|3
Singh-Clarke|Bulgaria|115|1408|4
Carter, Cummings and Anderson|Bulgaria|65|4932|3
George-Valdez|Bulgaria|270|4476|1
Pittman and Sons|Romania|188|2736|6
Nelson, Lawson and Green|Greece|162|2924|7
Rivera, Moreno and Williams|Spain|338|831|5
Matthews PLC|Austria|130|4165|4
Hubbard, Collins and Allen|Portugal|320|4593|9
Smith-Hall|Moldavia|161|3822|6
Green-Guerrero|Bulgaria|219|2813|8
Thompson-Watson|New Zealand|163|4118|3
Phillips, Smith and Robinson|Austria|222|1746|2
Montoya PLC|China|294|4030|10
Miller, Yoder and Moore|USA|202|1117|7
Mcmahon, Martin and Beasley|USA|311|755|4
Guerra and Sons|Bulgaria|150|2855|1
Rogers Group|Chile|90|4110|4
Carter-Li|New Zealand|120|4536|0
Barron LLC|Greece|179|1012|4
Wheeler PLC|Moldavia|303|3127|5
Guzman, Kane and Edwards|Argentina|143|3254|10
Terry and Sons|Austria|246|1477|1
Martin-Lindsey|Russia|7|1559|8
Maldonado-Watkins|Greece|37|488|10
Parker, Smith and Oneal|USA|206|2543|8
Richards LLC|Brazil|325|4753|6
Gordon-Edwards|Romania|158|1152|0
Maldonado PLC|Croatia|292|2583|3
Parsons, Martinez and Alvarez|Russia|9|1163|5
Morgan-Smith|Portugal|168|1156|10
Newman-Melendez|New Zealand|96|3751|4
Hobbs-Sanchez|USA|345|793|6
Santiago and Sons|Italy|18|3069|4
Roberts, Johnson and Lawson|Argentina|243|2556|10
Miller-Oneal|Argentina|251|1531|5
Hayes Ltd|Hungary|127|806|10
Martin-Livingston|France|169|4500|3
Walton Group|Greece|245|4136|3
Mason LLC|Greece|36|1664|5
Baker Inc|New Zealand|290|4884|3
Williams, Gonzales and Ramirez|Croatia|297|4309|7
Flynn and Sons|Croatia|171|3733|9
Morgan LLC|Germany|129|3238|4
Thomas-Petty|Moldavia|339|2830|3
Graham, Mendoza and Cruz|New Zealand|288|3701|1
Stone-Wolfe|France|315|4364|5
Clark, Quinn and Gonzalez|Italy|153|4986|6
Moon-Branch|New Zealand|258|3336|7
Morris PLC|Spain|296|2178|6
Phillips-Baxter|Russia|195|4475|3
Johnson-Underwood|Romania|43|2159|10
Le-Abbott|Romania|307|4101|10
Stein-Willis|Argentina|226|3754|1
Vincent Group|Spain|202|4774|1
Burton, Lewis and Holmes|South Africa|131|824|1
Wilson-Foster|Portugal|348|1220|0
Rice Inc|Australia|303|3360|5
Jimenez-Cooper|Portugal|87|4531|6
Doyle, Henson and Harris|Moldavia|282|3640|2
Howell-Singh|Germany|256|931|8
Cook, Valentine and West|New Zealand|238|1294|2
Miller Inc|Romania|71|1002|1
Brown, Barnett and Abbott|New Zealand|321|1096|8
Anderson, Mccullough and Walton|France|262|1220|0
Barr, Foley and Stewart|Italy|91|3863|0
Landry Group|Moldavia|73|1020|0
Lopez-Gamble|Croatia|241|2983|8
Harrell and Sons|Italy|338|846|9
Beck Ltd|Italy|303|3125|6
Galloway Group|Moldavia|60|3081|4
Lopez, Jackson and Taylor|Germany|282|3117|5
Galloway PLC|France|224|3071|3
Gill, Morrow and Kirby|Argentina|292|1448|1
Martin-Gomez|Romania|54|568|6
Ellis Inc|USA|242|3968|1
Mora LLC|New Zealand|226|2263|8
Martin LLC|New Zealand|135|2051|8
Barrett-Berry|Croatia|65|4185|2
Carter, Johnson and Nelson|Portugal|113|3806|7
Wilson, Cooke and Clark|Chile|80|3827|6
Nash-Herrera|South Africa|127|2415|2
Carter Ltd|Germany|156|1607|3
Franklin-Lynn|Romania|183|1913|3
Taylor and Sons|Croatia|144|605|7
Taylor LLC|Portugal|132|3507|6
Hawkins LLC|Hungary|327|3892|5
Hale-Randall|Bulgaria|322|4001|0
Zhang Ltd|Italy|200|549|1
Cowan Group|Portugal|5|1529|2
Myers LLC|Romania|294|3651|2
Mccoy LLC|Russia|54|2930|1
Mitchell, Taylor and Boone|Portugal|57|2633|8
Davis-Ward|France|347|2354|9
Nelson-Singh|Spain|330|4883|8
Pacheco, Dougherty and Welch|China|275|869|2
Dominguez-Russell|Australia|182|633|5
Stewart-Murray|China|138|1284|0
West LLC|Portugal|166|4552|6
Taylor-Wheeler|Austria|14|4222|10
Ford and Sons|China|90|4690|2
Montgomery, Robinson and Walker|Portugal|208|2390|6
Ballard Group|Spain|276|447|0
Holland, Newman and Colon|Hungary|40|1413|3
Sanchez-Allen|Russia|273|2822|8
Phillips, Warren and Miller|Argentina|307|1465|2
Duncan, Snyder and Dorsey|Austria|331|2243|9
Mcdowell, Carpenter and Luna|Greece|283|2395|2
Kramer, Campbell and Park|New Zealand|79|2874|10
Orozco LLC|South Africa|124|1214|8
Williams, Krause and Alvarado|Romania|208|4941|2
Armstrong, Evans and Jennings|Hungary|317|2777|5
Garcia Inc|China|8|2586|1
Rowe-Gill|Austria|341|1640|2
Luna-Gomez|France|123|4082|7
Harvey-Vazquez|Spain|85|914|3
Stephenson, Webster and Mccarthy|Portugal|255|3139|9
Palmer PLC|Croatia|103|1990|4
Johnson PLC|South Africa|104|2118|4
Pierce, Anderson and Simmons|Australia|95|2598|10
Fleming, Thompson and Elliott|France|168|4750|1
Montgomery, Ellis and Barnes|Spain|310|3298|3
Brown-Dyer|China|275|3545|3
Washington Ltd|France|324|2365|10
Fisher-Strickland|Moldavia|322|449|6
Martin, Cunningham and Hunter|Argentina|81|4066|3
Hoffman, Howard and Calhoun|Russia|23|3669|4
Sparks Inc|Hungary|214|3155|6
Kim-Salas|Greece|113|3999|0
Allen, Garcia and Lucas|China|9|4096|2
Thompson, Carpenter and Riley|Argentina|150|1379|10
Ortiz, Garcia and Barton|USA|156|3256|3
Hooper-Lopez|Argentina|316|1189|9
Smith, Hickman and Smith|Chile|93|662|2
Brown Inc|Greece|249|3237|0
Norman PLC|USA|345|4561|9
Martin-Vaughan|Hungary|79|1947|5
Carter-Crawford|China|100|711|3
Wright-Floyd|Spain|212|3796|5
Walls-Guerra|Russia|214|3442|4
Kane Ltd|Italy|9|3838|1
Reynolds, Morgan and Moore|France|297|4814|7
Gonzales Ltd|Portugal|83|2976|6
Eaton-Stevenson|Romania|313|2542|0
Morris-Chavez|Argentina|55|1979|0
Owens, Byrd and Bruce|France|178|1892|10
Wilson-Garcia|Spain|28|3338|5
Greer LLC|China|329|1225|3
Odom-Thompson|Italy|31|4754|3
Johnson-Miller|Portugal|203|1419|0
Owens LLC|USA|130|3179|6
Smith-Collins|Portugal|227|4823|8
Sullivan Inc|South Africa|345|4090|6
Warren, Webster and Gonzales|New Zealand|312|2842|10
Robertson and Sons|South Africa|203|4358|2
Johnson Ltd|Italy|176|4993|3
Bell, Zamora and Preston|USA|185|935|3
Reese, Hansen and Burns|Romania|238|2338|8
Pacheco Inc|Australia|260|4015|7
Olson LLC|Bulgaria|289|1056|8
Rogers, Freeman and Malone|Australia|126|4325|7
Bradley, Sanford and Thompson|Greece|233|4562|9
Carter, Phillips and Thompson|China|72|4707|4
Spence-Leonard|Germany|280|1457|0
Miranda-Griffin|Croatia|302|3872|8
Gaines-Morgan|Russia|297|3406|2
Lee, Jones and Murray|Germany|20|1614|8
Mclaughlin, Robles and Greene|Germany|163|447|5
Howell-Buchanan|Brazil|270|1484|6
Baker, Zimmerman and Mcconnell|South Africa|275|4834|3
Adams Group|Moldavia|72|3660|6
Anderson PLC|Italy|225|3494|10
Brown, Colon and Aguilar|Argentina|293|3690|0
Bryant, Armstrong and Ford|Brazil|26|1033|7
Moore-Jacobson|Russia|200|1989|7
Davis and Sons|Moldavia|319|1390|2
Graham-Williams|Argentina|266|4248|10
Alvarez-Potts|Hungary|202|4764|6
Galloway and Sons|Croatia|225|1044|0
Martinez Inc|Croatia|46|2801|8
Smith Inc|Spain|132|406|10
Payne, Reyes and Martinez|Australia|149|2950|1
Perez Group|Germany|196|2779|6
Daniel-Hamilton|Germany|116|5000|0
Buck Group|Germany|294|2311|9
Haynes-Jimenez|USA|26|3522|9
Griffith and Sons|Greece|343|4932|5
Greer and Sons|Brazil|331|1180|3
White, Jones and Berry|Portugal|270|3686|6
Ball-Davis|Portugal|72|463|8
Howard PLC|Bulgaria|14|2107|2
Keller LLC|Australia|5|2860|4
Leon-Thompson|Germany|249|4992|2
Cunningham, Carter and Johnson|Hungary|36|1471|4
Ramos, Knight and Murphy|France|44|4822|3
Vargas Group|Croatia|281|562|7
Fisher, Martinez and Nichols|South Africa|308|3011|4
Garrison-Martin|USA|16|518|5
Holland, Luna and Oliver|Spain|291|2045|8
Sanchez-Jones|Spain|66|3770|2
Nelson PLC|Hungary|245|3322|1
Warner-Jones|France|45|3813|6
Marshall Inc|Austria|292|1114|7
Rogers-Douglas|Bulgaria|307|4341|10
Jensen Group|Argentina|105|2743|5
Wallace, Benson and Myers|Australia|294|4443|3
Wise-Benson|Australia|338|2336|4
Guzman Ltd|Russia|184|4938|2
Brown-Rice|Germany|147|3606|1
Molina, Moore and Baker|Russia|68|3068|10
Deleon, Oconnell and Gutierrez|Hungary|64|1239|3
Robertson LLC|Spain|345|4435|2
Sandoval-Le|China|173|2504|7
Lopez Ltd|Australia|251|3582|7
Davis-White|Bulgaria|148|2400|10
Guzman Group|Greece|137|2813|8
Rush LLC|China|152|4537|9
Jordan and Sons|Italy|318|3588|7
Potter, Thompson and Cochran|Austria|230|2076|10
Bell and Sons|Croatia|15|3695|5
Cole Group|China|241|1751|0
Miller-Fox|Moldavia|255|1819|8
Soto, Jones and Russell|China|257|1999|2
Henry-Diaz|Spain|103|2331|9
Price, Morales and Duran|China|26|1539|0
Lynn, Matthews and Norman|Greece|152|1887|7
Carlson PLC|Russia|174|3601|4
Fisher, Fisher and Rosario|Italy|256|4990|1
Howard LLC|Germany|334|945|10
Skinner-Grant|China|95|759|6
Dickerson Ltd|New Zealand|346|3321|2
Johnson, Garcia and Moreno|Greece|96|1589|2
Lee, Welch and Christensen|Australia|334|1816|0
Watkins Ltd|Portugal|167|2642|2
Ryan Group|Greece|217|4388|8
Bradley-York|Bulgaria|312|2903|9
Ruiz, Ramirez and Meza|Moldavia|347|3765|2
Mckay-Dixon|Greece|303|3466|3
Hill, Young and Garcia|USA|327|4070|7
Sandoval-Snyder|South Africa|17|3570|0
Benjamin LLC|Australia|165|736|5
Wagner-Arnold|France|96|4219|4
Evans-Hill|Italy|349|3359|6
Lee, Stein and Smith|Moldavia|332|1902|2
Wilson-Williams|Australia|338|3248|0
Larson Ltd|Portugal|88|3812|10
Mitchell-Taylor|South Africa|47|3299|3
Barker, Williams and Johns|Romania|174|4180|2
Orozco PLC|Moldavia|192|3602|10
Lopez-Martinez|Italy|107|2792|9
Young-Willis|Moldavia|211|3681|1
Moore-Johnson|Brazil|271|727|10
Morales-Braun|Brazil|113|2170|9
Gonzalez LLC|France|335|2864|10
Richardson-Smith|Bulgaria|129|3530|1
Gates Group|Bulgaria|125|4379|0
Turner, Monroe and Morris|Bulgaria|143|1998|1
Anderson-Ortega|Brazil|167|2196|10
Jones Inc|Chile|47|3854|3
Davis, Aguilar and Gutierrez|Greece|129|3764|4
Davis-Novak|France|130|467|6
Daniels-Escobar|Romania|42|2626|0
Mueller-Martinez|Brazil|90|4595|8
Thompson, Cline and Jimenez|Bulgaria|330|854|0
Williams, Arroyo and Bailey|France|208|973|6
Green Ltd|Austria|259|3082|4
Rogers and Sons|Russia|43|2427|1
Peterson Group|Bulgaria|264|3210|2
Butler PLC|Austria|318|3753|9
Benitez, Frey and Harris|Portugal|230|4715|6
Nunez, Craig and Rodriguez|Italy|327|3974|1
Hughes, Waller and Riggs|Chile|37|4591|9
Weiss LLC|Australia|305|1707|4
Barnes, Poole and Barnett|Brazil|121|2018|1
Smith, Farley and Castro|USA|347|4724|5
Dickerson Inc|Brazil|142|2065|10
Chan, Stone and Baxter|New Zealand|289|824|7
Stanton, Stafford and Clark|Italy|228|758|7
Pham-Anderson|Hungary|235|3531|5
Foster, Thomas and Cisneros|Romania|304|4787|0
Ortega, Rios and King|China|1|3744|4
Haas-Miranda|Italy|54|1939|5
Mccarthy-Holmes|Portugal|155|3447|3
Washington, Hernandez and Becker|New Zealand|59|2746|4
Hudson-Frazier|Germany|44|4641|4
Oliver, Robinson and Kim|Bulgaria|84|1551|3
Wright-Russell|Argentina|9|4385|1
Flores, Patel and Bailey|Chile|306|3745|7
Marshall PLC|Germany|162|552|2
Jones, Miller and Howell|Moldavia|8|2230|4
Hawkins-Valdez|Brazil|333|3264|6
Young-Brady|Austria|46|3165|10
Taylor, Austin and Marshall|Chile|82|2192|10
Jordan Ltd|Spain|340|4881|10
Frank PLC|Romania|2|2267|5
Martin Ltd|France|174|1361|9
Schaefer-Lewis|France|61|982|0
Bryant-Carter|Portugal|193|1546|6
Harris and Sons|Greece|326|784|2
Russo PLC|Moldavia|183|4384|0
Erickson, Monroe and Shaw|China|39|1148|3
Wilson Ltd|USA|148|3844|8
Cuevas Inc|France|347|4828|1
Manning, Farmer and Elliott|Chile|28|3591|10
Webster, Soto and Abbott|USA|128|1746|5
Luna, Mack and Peterson|South Africa|337|1289|9
Hughes Inc|Romania|31|4943|4
Bennett, Cortez and Shaw|Italy|33|2157|0
Lewis-Vargas|Greece|143|4183|7
Brown, Lambert and Silva|Greece|127|1466|8
Everett PLC|Chile|309|4679|8
Williams, Wilson and Martinez|Moldavia|204|1133|1
Lee LLC|Chile|246|3604|3
Quinn LLC|Germany|282|769|9
Myers-West|Croatia|74|2058|2
Castro and Sons|Greece|14|4925|1
Ferguson, Hines and Lee|Hungary|348|4615|6
Martin and Sons|Moldavia|346|1552|8
King, Fisher and Lucas|Croatia|156|4122|9
Levy, Zimmerman and Clark|Austria|127|2850|7
Chavez-Miller|New Zealand|228|734|9
Gentry and Sons|Moldavia|262|3508|9
Norman-Phillips|Portugal|169|2724|4
Myers-Lewis|Argentina|270|2374|4
Carter-Torres|Austria|121|778|10
Thompson-Oconnor|China|260|4118|9
Lee-Strong|USA|126|928|3
Pruitt, Cook and Chang|Moldavia|272|600|3
Donaldson, Carr and Ruiz|Argentina|18|501|3
Kim PLC|China|44|2207|4
Schmitt Ltd|South Africa|195|555|4
Chen, Williams and Manning|France|315|2251|10
Swanson, Randall and Becker|Moldavia|32|871|7
Joseph, Wright and Lynch|Croatia|327|2064|0
Diaz, Ball and Reese|Hungary|70|1019|3
Shaw-Moss|Italy|118|2779|3
Cole Ltd|Argentina|286|4054|2
Bennett-Lambert|Austria|261|3390|1
Butler Ltd|Greece|277|4084|3
Warner Inc|Portugal|283|3068|7
Griffin Ltd|Bulgaria|121|1314|8
Hartman Group|Austria|342|1006|10
Berry-Williams|Greece|300|4941|1
Mclean Inc|China|78|3458|0
Hubbard, Dillon and Robinson|Italy|277|3739|6
Medina-Becker|Greece|15|1821|4
Robinson-Reynolds|France|258|597|1
George Ltd|Argentina|178|2765|8
Gutierrez, Hernandez and Tucker|Brazil|109|3376|10
Oneal, Harper and Gentry|Russia|3|1301|0
Allen Inc|Greece|121|4236|7
Brown, Burns and Black|New Zealand|111|4270|5
Stewart LLC|France|31|440|0
Benitez-Walker|Portugal|20|4664|4
Hoffman LLC|Moldavia|198|1807|9
Hall Inc|Germany|110|1097|4
Gardner-Mccormick|Chile|93|3446|10
Davis-Rangel|Australia|23|1732|9
Smith, Smith and Leonard|Bulgaria|96|3483|4
Williams-Rose|Chile|82|4358|3
Rogers-Jones|France|139|1930|8
Bautista, Carlson and Hodge|Australia|246|1810|10
Miller-Freeman|Hungary|151|3832|6
Terrell, Tyler and Serrano|Germany|299|2857|10
Long, Vaughn and Horton|Portugal|124|1264|8
Dean, Wilson and Dickerson|USA|78|1450|5
Fletcher, Mcmillan and Mendoza|China|151|512|0
Smith-Swanson|Austria|80|1650|5
Young, Alvarez and Brown|South Africa|301|3489|10
Sexton Group|Croatia|192|2127|2
Mcfarland PLC|Bulgaria|236|2283|7
Foster, Robertson and Whitehead|Greece|267|3122|2
Williams and Sons|Moldavia|88|1026|1
Morgan, Curry and Taylor|Chile|139|4108|4
Perez LLC|Greece|17|4049|1
Jackson-Collins|South Africa|129|4203|6
Evans PLC|USA|288|674|1
Jimenez Group|Portugal|30|3315|2
Ortiz Inc|Bulgaria|222|982|5
Leblanc-Anderson|Romania|38|680|6
Acosta-Marsh|Spain|110|496|4
Henry, Boyer and Thomas|Spain|307|3578|3
Jackson LLC|Portugal|111|3318|5
Buck LLC|Argentina|283|4011|8
West PLC|Croatia|109|3472|1
Chen-Hernandez|Romania|137|4256|5
