1,Арчи,Скунс,1,641,822,653
2,Алекс,Енот,9,798,912,552
3,Амур,Собака,16,240,928,597
4,Алтaй,Собака,17,804,812,119
5,Альф,Канарейка,7,84,511,629
6,Алмаз,Лиса,2,980,48,438
7,Атос,Змея,7,138,182,764
8,Амиго,Лошадь,18,33,88,128
9,Аксель,Волк,1,178,751,220
10,Ангел,Осел,2,998,117,100
11,Адам,Паук,2,495,237,864
12,Арнольд,Хомяк,8,497,809,356
13,Август,Ягуар,14,227,950,880
14,Айрон,Скунс,11,270,354,36
15,Акс,Лягушка,16,583,145,479
16,Альт,Гусь,3,876,130,419
17,Арго,Оца,11,701,315,131
18,Арес,Обезьяна,13,804,482,856
19,Атаман,Кролик,2,884,670,375
20,Арс,Индюк,12,572,626,626
21,Айран,Шиншилла,11,522,806,351
22,Антей,Обезьяна,5,508,913,309
23,Арамис,Собака,1,860,203,311
24,Азор,Волк,11,568,642,113
25,Апельсин,Ягуар,4,108,645,44
26,Азарт,Змея,14,459,812,993
27,Аркан,Хамелеон,2,390,577,793
28,Аскольд,Канарейка,19,973,600,871
29,Артос,Гусь,9,918,117,479
30,Антонио,Кролик,7,7,481,720
31,Арман,Ягуар,3,296,647,945
32,Аватар,Осел,20,820,587,810
33,Арахис,Гусь,8,445,533,674
34,Альма,Канарейка,10,955,218,470
35,Альфа,Лягушка,9,797,251,648
36,Адель,Гусь,12,601,201,110
37,Ася,Лиса,19,150,491,376
38,Айза,Индюк,18,295,579,917
39,Аська,Скунс,15,572,829,269
40,Айра,Лягушка,15,264,376,373
41,Аврора,Волк,2,136,518,290
42,Алиса,Оца,20,888,52,448
43,Ада,Змея,4,312,402,502
44,Альба,Осел,2,547,643,507
45,Афина,Шиншилла,11,779,612,3
46,Айка,Волк,4,185,972,475
47,Айна,Шиншилла,8,540,179,948
48,Амели,Свинка,9,765,359,767
49,Ариша,Осел,8,768,401,584
50,Айва,Хамелеон,14,638,190,468
51,Анабель,Мышка,9,803,155,150
52,Айда,Хамелеон,12,562,994,399
53,Афродита,Рыбка,18,718,36,75
54,Агнесса,Лягушка,6,930,371,472
55,Айрис,Енот,18,164,215,422
56,Алиша,Хамелеон,11,996,799,485
57,Ариэль,Оца,7,507,657,524
58,Астра,Обезьяна,12,170,770,12
59,Ассоль,Собака,15,739,34,677
60,Айса,Канарейка,15,609,836,148
61,Асти,Оца,5,877,322,80
62,Анфиса,Осел,20,450,586,95
63,Альма,Ягуар,3,490,463,469
64,Альпа,Лошадь,20,246,197,889
65,Арья,Паук,9,745,468,804
66,Акира,Канарейка,5,834,68,495
67,Барон,Змея,5,722,203,925
68,Бутч,Змея,9,233,113,677
69,Боня,Обезьяна,13,949,831,354
70,Бим,Осел,6,593,471,290
71,Бадди,Змея,4,550,69,712
72,Барни,Мышка,20,959,476,825
73,Балу,Рыбка,18,432,750,699
74,Барс,Скунс,8,343,740,171
75,Балто,Паук,5,823,44,657
76,Бакси,Оца,5,178,172,807
77,Байкал,Шиншилла,3,10,56,456
78,Буран,Собака,15,53,752,923
79,Босс,Попугай,17,657,285,586
80,Блэк,Волк,2,183,9,34
81,Бой,Собака,15,75,306,404
82,Бублик,Попугай,3,257,537,661
83,Бумер,Индюк,5,414,230,351
84,Бек,Змея,17,231,576,535
85,Бандит,Обезьяна,20,227,738,376
86,Барри,Обезьяна,4,610,106,478
87,Бен,Хамелеон,9,189,322,711
88,Бакстер,Змея,6,644,481,435
89,Веста,Мышка,18,282,117,274
90,Вэнди,Попугай,6,98,949,538
91,Вита,Змея,3,995,779,423
92,Вишенка,Канарейка,8,12,400,597
93,Вега,Волк,10,32,134,13
94,Василиса,Лиса,6,737,511,515
95,Верона,Свинка,11,738,581,822
96,Виктория,Хомяк,12,326,936,296
97,Вета,Лягушка,9,474,550,400
98,Венера,Обезьяна,1,26,638,784
99,Виолетта,Попугай,15,983,550,744
100,Ванда,Кролик,1,268,813,123
101,Ваниль,Хомяк,20,277,313,916
102,Виола,Ягуар,1,42,340,514
103,Виолетта,Скунс,14,465,291,614
104,Вэлла,Обезьяна,18,977,196,44
105,Вильма,Мышка,13,475,913,752
106,Гангстер,Попугай,8,486,274,236
107,Гарри,Хомяк,8,964,825,997
108,Гранд,Хомяк,20,610,707,218
109,Голливуд,Лиса,14,344,22,593
110,Гуфи,Кролик,6,589,97,592
111,Герцог,Рыбка,20,29,482,811
112,Гермес,Кошка,20,12,455,753
113,Гамлет,Змея,7,142,589,352
114,Грем,Шиншилла,12,211,80,23
115,Генри,Осел,14,452,18,161
116,Грек,Енот,3,77,43,522
117,Гавр,Кролик,7,174,214,754
118,Гомер,Обезьяна,7,254,896,920
119,Гарольд,Кролик,11,553,5,887
120,Гордон,Кролик,15,848,579,41
121,Гэри,Ягуар,7,26,124,47
122,Грейт,Енот,1,385,796,279
123,Грин,Осел,1,556,545,400
124,Гарфилд,Змея,13,136,953,408
125,Гек,Индюк,1,907,902,64
126,Геральд,Кролик,15,250,254,940
127,Герой,Свинка,17,398,356,695
128,Джесси,Хамелеон,2,677,316,132
129,Дана,Лиса,16,283,324,318
130,Джессика,Гусь,9,471,369,615
131,Дейзи,Кошка,2,484,759,513
132,Джина,Свинка,19,462,732,666
133,Дора,Рыбка,5,824,22,807
134,Дарси,Оца,16,246,544,266
135,Джуля,Собака,6,704,960,81
136,Долли,Оца,5,618,806,419
137,Дымка,Индюк,5,532,255,420
138,Дайна,Паук,15,204,542,662
139,Дебби,Кролик,11,410,2,320
140,Джуди,Шиншилла,1,574,325,646
141,Доня,Хомяк,15,458,525,902
142,Даффи,Кошка,6,520,417,131
143,Дакота,Собака,16,866,299,82
144,Дафни,Гусь,5,375,9,435
145,Дженни,Лягушка,1,266,74,535
146,Жорик,Хомяк,15,631,667,859
147,Жан,Индюк,17,609,962,244
148,Жак,Хамелеон,9,899,865,433
149,Жулик,Хомяк,19,647,960,132
150,Жоржик,Рыбка,7,797,434,936
151,Жофрей,Шиншилла,11,492,775,415
152,Жиган,Скунс,18,506,592,416
153,Жюльен,Кролик,2,942,772,924
154,Жерар,Лиса,19,916,627,178
155,Жаспер,Ягуар,19,254,784,303
156,Живчик,Хамелеон,18,920,327,636
157,Жеpap,Ягуар,2,762,870,707
158,Жоффрей,Канарейка,2,214,958,963
159,Жером,Свинка,12,12,617,419
160,Жардан,Скунс,3,663,443,131
161,Ириска,Волк,9,889,667,820
162,Ирма,Скунс,20,301,684,481
163,Изабель,Змея,3,128,370,973
164,Инфинити,Лиса,18,570,436,677
165,Иви,Лягушка,8,581,887,144
166,Инди,Хамелеон,12,641,966,756
167,Ильма,Мышка,20,909,739,44
168,Инга,Собака,2,742,571,871
169,Иветта,Мышка,20,929,987,745
170,Ида,Лошадь,20,487,116,845
171,Ирис,Лиса,12,426,641,19
172,Ива,Волк,18,561,623,570
173,Илана,Енот,18,548,831,4
174,Искра,Шиншилла,6,146,58,459
175,Ильда,Хомяк,20,165,445,825
176,Иста,Кошка,14,281,220,270
177,Иджи,Оца,11,816,969,604
178,Изида,Лиса,10,202,286,788
179,Иллиада,Хамелеон,19,758,185,818
180,Каспер,Хомяк,13,753,106,782
181,Кекс,Рыбка,16,838,775,746
182,Кузя,Хомяк,10,642,954,788
183,Кай,Рыбка,8,819,360,84
184,Кент,Лошадь,12,834,221,817
185,Карат,Ягуар,6,194,8,598
186,Клайд,Лошадь,6,159,28,718
187,Кокс,Кошка,19,539,742,592
188,Красавчик,Собака,11,522,108,948
189,Крис,Канарейка,6,208,886,777
190,Кастиэль,Оца,20,312,918,907
191,Кекс,Гусь,2,143,498,249
192,Кайл,Обезьяна,5,289,954,270
193,Космос,Хамелеон,12,693,502,910
194,Курт,Оца,2,424,576,952
195,Князь,Собака,2,577,899,313
196,Кубик,Кролик,18,7,790,6
197,Купер,Индюк,8,394,252,205
198,Кэп,Лиса,16,320,467,911
199,Коди,Гусь,19,953,390,222
200,Кнопик,Паук,20,570,521,493
201,Клык,Лиса,9,392,34,985
202,Кинг,Кошка,14,810,915,598
203,Клаус,Шиншилла,16,370,174,58
204,Лаки,Осел,20,514,964,349
205,Линда,Шиншилла,20,584,696,897
206,Лора,Лошадь,1,441,637,661
207,Ляля,Паук,12,943,723,786
208,Лола,Кролик,8,219,84,706
209,Лилу,Шиншилла,3,859,223,516
210,Леди,Шиншилла,7,832,264,863
211,Луна,Индюк,19,676,744,279
212,Лесси,Оца,13,114,317,63
213,Лиза,Канарейка,4,506,77,603
214,Люси,Лошадь,15,503,299,411
215,Лилу,Кошка,3,230,706,505
216,Ласка,Волк,2,953,264,39
217,Лара,Собака,12,221,400,2
218,Лилли,Свинка,12,568,917,52
219,Лулу,Лягушка,14,918,209,806
220,Лапа,Шиншилла,12,712,786,373
221,Лайда,Свинка,9,206,684,777
222,Лэкси,Кролик,7,626,795,888
223,Линси,Свинка,5,977,999,567
224,Лаура,Свинка,5,390,572,178
225,Лисичка,Лягушка,14,210,660,235
226,Лаффи,Лягушка,10,362,328,605
227,Леона,Собака,4,246,216,182
228,Лея,Хамелеон,17,490,158,941
229,Макс,Попугай,18,522,238,742
230,Майло,Кролик,1,432,63,802
231,Марсель,Собака,19,46,834,604
232,Малыш,Лиса,13,799,838,383
233,Майк,Паук,17,731,297,874
234,Мартин,Ягуар,16,192,665,279
235,Микки,Лошадь,3,829,207,741
236,Марс,Осел,19,628,390,529
237,Мухтар,Свинка,3,188,985,296
238,Мотя,Рыбка,16,188,47,857
239,Марти,Змея,8,332,110,538
240,Мэнни,Лошадь,14,407,201,704
241,Майкл,Собака,20,744,991,505
242,Марк,Кролик,14,852,821,511
243,Мейсон,Ягуар,2,724,411,192
244,Майки,Оца,12,659,710,547
245,Митяй,Рыбка,1,46,314,51
246,Мустанг,Паук,3,848,130,593
247,Марик,Волк,15,290,490,915
248,Мич,Индюк,19,933,211,344
249,Маврик,Гусь,10,673,436,710
250,Мэлвин,Оца,17,82,397,123
251,Монти,Индюк,11,634,852,90
252,Мачо,Попугай,6,746,719,276
253,Максимус,Индюк,8,803,48,645
254,Масик,Мышка,7,663,810,857
255,Михей,Оца,5,718,220,538
256,Ника,Осел,3,918,99,538
257,Нюша,Канарейка,12,303,61,446
258,Найда,Шиншилла,7,255,862,62
259,Нора,Мышка,17,772,454,575
260,Николь,Гусь,13,921,748,512
261,Ники,Оца,16,650,681,965
262,Нэнси,Канарейка,16,874,384,885
263,Нана,Ягуар,17,241,771,251
264,Няша,Индюк,11,647,836,896
265,Нелли,Скунс,18,391,658,95
266,Нюся,Хомяк,13,120,674,383
267,Николетта,Хомяк,10,714,93,11
268,Наоми,Шиншилла,2,17,740,78
269,Найта,Кролик,19,972,443,418
270,Ночка,Енот,10,252,215,686
271,Нэлли,Шиншилла,4,412,814,746
272,Нюра,Лягушка,8,67,467,882
273,Нота,Осел,12,978,135,203
274,Нори,Волк,7,502,78,621
275,Нанни,Змея,20,284,107,595
276,Наня,Ягуар,5,780,260,177
277,Нева,Хамелеон,7,303,624,6
278,Найк,Кошка,12,747,302,671
279,Ник,Шиншилла,13,329,15,892
280,Норд,Лиса,9,871,779,929
281,Найс,Змея,2,857,659,869
282,Нельсон,Осел,19,295,387,719
283,Найт,Енот,15,918,980,252
284,Найджел,Лошадь,13,970,94,154
285,Нафаня,Лошадь,3,56,240,841
286,Норман,Кошка,18,697,628,902
287,Нильсон,Осел,4,938,933,966
288,Ной,Кошка,14,720,138,553
289,Нико,Ягуар,13,279,972,360
290,Нэш,Паук,14,665,316,804
291,Нордик,Лягушка,15,988,206,390
292,Никас,Волк,7,304,155,486
293,Нео,Гусь,5,854,97,999
294,Нойз,Енот,20,877,49,135
295,Ньютон,Ягуар,13,197,108,382
296,Немо,Волк,15,613,987,667
297,Нильс,Скунс,2,523,207,319
298,Норрис,Мышка,10,147,41,894
299,Нортон,Обезьяна,4,528,502,634
300,Нейсон,Кошка,19,111,649,238
301,Николас,Змея,8,647,693,205
302,Никос,Енот,5,232,50,305
303,Несквик,Канарейка,13,798,168,549
304,Найл,Канарейка,20,140,25,205
305,Нокс,Лиса,5,203,578,519
306,Нолик,Ягуар,11,6,217,322
307,Нуар,Змея,10,911,814,915
308,Николя,Шиншилла,1,941,586,497
309,Оливия,Ягуар,6,95,212,409
310,Оpхидея,Волк,13,387,79,58
311,Одри,Кролик,9,266,816,31
312,Олли,Хомяк,18,912,363,825
313,Ося,Свинка,8,513,501,943
314,Офелия,Змея,3,879,977,270
315,Оливка,Кошка,5,687,556,306
316,Оззи,Шиншилла,3,584,694,716
317,Орли,Лошадь,16,17,637,532
318,Оделия,Шиншилла,18,377,705,779
319,Ости,Попугай,16,110,846,504
320,Одетта,Лягушка,3,96,528,105
321,Отти,Попугай,2,909,413,950
322,Олика,Хамелеон,16,78,656,687
323,Омелия,Змея,18,879,955,65
324,Оня,Гусь,9,938,708,867
325,Оскар,Канарейка,4,39,13,921
326,Остин,Кролик,2,764,246,130
327,Одди,Хамелеон,10,272,227,182
328,Оливер,Осел,4,389,930,861
329,Отис,Обезьяна,13,835,70,566
330,Огонёк,Скунс,7,981,655,548
331,Олаф,Лошадь,10,742,178,850
332,Отто,Паук,5,784,569,92
333,Оникс,Енот,10,751,162,439
334,Орфей,Хамелеон,13,778,848,257
335,Осман,Осел,1,251,1000,647
336,Один,Волк,17,296,845,687
337,Орландо,Лошадь,4,126,89,690
338,Оби Ван,Свинка,1,905,861,183
339,Оушен,Канарейка,13,636,52,435
340,Оз,Лиса,9,881,875,391
341,Олимпус,Змея,4,781,608,499
342,Одис,Хомяк,8,642,411,906
343,Ольф,Лиса,19,216,3,93
344,Омон,Шиншилла,20,108,733,196
345,Орион,Скунс,18,190,135,511
346,Орлик,Волк,13,769,328,922
347,Одиссей,Ягуар,11,788,384,557
348,Освальд,Кролик,6,965,86,794
349,Олимп,Змея,1,916,995,169
350,Пандора,Рыбка,6,970,394,184
351,Прада,Ягуар,4,824,388,244
352,Пума,Осел,17,136,122,937
353,Персик,Кролик,12,748,838,797
354,Пальма,Енот,3,121,307,746
355,Плюшка,Осел,19,868,292,556
356,Полли,Енот,13,702,784,61
357,Пинки,Лошадь,18,835,652,923
358,Пепси,Ягуар,18,353,22,206
359,Петти,Кошка,12,595,186,545
360,Патриция,Лягушка,15,439,159,158
361,Памелла,Индюк,18,819,3,767
362,Прима,Обезьяна,18,29,943,345
363,Пуговка,Мышка,18,700,395,635
364,Пантера,Рыбка,15,414,843,904
365,Пелагея,Скунс,17,374,493,256
366,Пушинка,Оца,20,750,885,642
367,Пеппи,Кролик,15,613,776,74
368,Пэрис,Хамелеон,18,496,6,979
369,Печенюшка,Попугай,4,510,599,991
370,Принцесса,Кролик,17,992,389,81
371,Пуффи,Рыбка,11,769,480,663
372,Пегги,Хамелеон,13,461,98,169
373,Пайпер,Хамелеон,9,873,866,928
374,Панда,Гусь,14,713,600,943
375,Пигги,Ягуар,9,53,744,1
376,Полночь,Лошадь,17,587,100,481
377,Пейдж,Паук,10,428,433,415
378,Персик,Кошка,6,479,427,396
379,Пират,Оца,19,956,704,917
380,Пайк,Обезьяна,10,145,18,291
381,Патрик,Обезьяна,8,548,489,844
382,Принц,Оца,19,724,317,758
383,Полкан,Рыбка,15,535,938,546
384,Перс,Ягуар,14,489,728,549
385,Прайм,Ягуар,12,961,614,829
386,Пуфик,Лошадь,2,922,893,407
387,Плуто,Лошадь,5,389,280,614
388,Пумба,Паук,6,773,512,682
389,Персей,Кролик,3,715,956,983
390,Порш,Волк,10,892,201,438
391,Прайд,Хамелеон,8,414,872,213
392,Паркер,Лягушка,14,167,548,273
393,Панчо,Оца,1,523,721,548
394,Перри,Осел,11,884,77,636
395,Пегас,Канарейка,12,556,40,483
396,Пинки,Змея,3,83,284,171
397,Пух,Лиса,17,464,488,266
398,Пуф,Лошадь,7,432,309,198
399,Плюш,Енот,1,321,933,473
400,Парис,Лошадь,14,343,606,448
401,Платон,Паук,9,522,959,895
402,Пряник,Попугай,17,648,957,55
403,Паки,Кошка,11,617,661,458
404,Потап,Енот,12,952,998,389
405,Пако,Попугай,1,319,956,460
406,Пинк,Индюк,2,829,690,743
407,Понго,Попугай,20,810,986,497
408,Пьер,Собака,14,606,839,750
409,Паппи,Лягушка,8,75,298,395
410,Пирожок,Мышка,6,580,622,180
411,Портос,Шиншилла,19,166,584,229
412,Рада,Шиншилла,5,102,811,489
413,Рокси,Канарейка,16,489,661,768
414,Рона,Индюк,4,9,720,318
415,Рози,Оца,20,371,52,668
416,Руна,Кролик,13,96,243,346
417,Руби,Лиса,10,964,730,840
418,Роза,Гусь,2,95,991,548
419,Рута,Хамелеон,13,734,617,96
420,Рэйчел,Осел,5,626,730,727
421,Рэкси,Шиншилла,2,15,323,940
422,Рина,Скунс,19,210,434,849
423,Рони,Рыбка,6,650,759,623
424,Райна,Осел,18,569,218,316
425,Рита,Свинка,18,884,199,411
426,Росси,Лиса,12,322,608,920
427,Роксана,Шиншилла,17,923,225,482
428,Руффи,Канарейка,12,511,802,926
429,Радуга,Обезьяна,16,116,516,627
430,Реми,Обезьяна,17,530,767,69
431,Реджина,Волк,8,688,288,69
432,Рэйда,Кролик,2,393,950,306
433,Рыся,Лиса,16,438,692,496
434,Ребекка,Хамелеон,1,748,751,675
435,Ронда,Осел,6,957,813,516
436,Ренди,Хамелеон,16,344,175,184
437,Радость,Обезьяна,3,516,619,652
438,Рашель,Ягуар,3,658,389,451
439,Рианна,Ягуар,4,138,206,60
440,Райфи,Индюк,8,648,551,849
441,Реджи,Осел,1,404,90,598
442,Рейна,Осел,20,160,652,324
443,Риджи,Собака,10,561,569,279
444,Рэкс,Кошка,8,147,677,318
445,Риччи,Скунс,5,7,408,86
446,Рэй,Хамелеон,19,677,813,930
447,Ричард,Лиса,8,272,673,803
448,Рэм,Кошка,4,35,501,21
449,Рой,Скунс,20,437,426,622
450,Рэм,Собака,6,672,101,344
451,Рикки,Канарейка,18,738,510,30
452,Райд,Осел,10,615,331,801
453,Рамзес,Паук,19,420,860,759
454,Ронни,Оца,13,727,470,842
455,Рок,Собака,18,743,64,976
456,Руди,Паук,3,810,158,914
457,Раф,Кролик,5,833,893,71
458,Ред,Лиса,18,955,787,452
459,Рико,Ягуар,11,101,198,514
460,Рио,Канарейка,15,970,82,77
461,Райт,Ягуар,16,878,869,532
462,Рай,Кролик,16,620,764,219
463,Рейн,Скунс,13,405,368,21
464,Рэд,Шиншилла,17,389,872,712
465,Райдер,Собака,20,152,182,515
466,Рольф,Скунс,12,442,529,775
467,Рафаель,Енот,4,527,284,363
468,Рэмбо,Лиса,20,889,202,214
469,Рамштайн,Оца,20,46,701,106
470,Руфус,Змея,16,598,649,746
471,Райс,Мышка,14,868,802,15
472,Райф,Лягушка,15,602,457,128
473,Ретт Батлер,Ягуар,13,470,870,552
474,Руни,Оца,5,958,939,4
475,Реми,Хомяк,10,679,770,795
476,Рокс,Индюк,3,25,225,176
477,Рубик,Оца,20,245,961,315
478,Рэмми,Индюк,20,530,112,347
479,Соня,Шиншилла,8,813,148,405
480,Стелла,Гусь,18,570,447,40
481,Сара,Кролик,13,423,671,504
482,Сима,Шиншилла,9,10,377,410
483,Софи,Мышка,15,486,408,597
484,Сильва,Хамелеон,10,503,971,635
485,Синди,Лошадь,11,882,443,913
486,Стеша,Кошка,11,951,70,873
487,Салли,Индюк,1,579,620,417
488,Снежинка,Свинка,2,420,434,920
489,Сандра,Оца,2,769,574,461
490,Стеффи,Шиншилла,1,907,605,921
491,Сюзи,Паук,13,62,207,873
492,Симона,Хомяк,13,928,113,334
493,Сакура,Кошка,6,870,276,180
494,Сэнди,Попугай,3,491,527,596
495,Саманта,Обезьяна,18,535,595,372
496,Сьюзи,Хамелеон,6,781,949,986
497,Санни,Лошадь,3,135,896,562
498,Стешка,Змея,15,116,932,262
499,Стейси,Осел,14,479,8,643
500,Смолли,Собака,7,965,162,336
501,Скарлетт,Оца,18,184,236,742
502,Самбука,Свинка,15,330,895,493
503,Смайла,Ягуар,17,728,328,753
504,Селина,Ягуар,13,647,380,280
505,Стрелка,Ягуар,2,180,923,663
506,Сальма,Змея,13,402,713,77
507,Скалли,Кролик,10,274,598,859
508,Спайк,Оца,14,224,59,713
509,Скуби Ду,Змея,18,422,737,346
510,Саймон,Обезьяна,6,244,493,47
511,Стич,Лиса,17,241,978,787
512,Скай,Лошадь,8,480,516,402
513,Султан,Паук,6,100,564,795
514,Снежок,Обезьяна,6,162,952,366
515,Сириус,Лошадь,1,815,671,625
516,Снупи,Канарейка,11,201,874,313
517,Спартак,Кошка,14,33,10,245
518,Сникерс,Оца,7,520,223,36
519,Скиф,Енот,6,262,476,794
520,Стиф,Осел,19,76,312,592
521,Сэт,Хомяк,5,76,465,686
522,Сильвер,Обезьяна,19,908,820,621
523,Самсон,Мышка,14,191,13,855
524,Смайл,Лиса,4,976,871,810
525,Старк,Скунс,10,651,463,800
526,Снуп Дог,Скунс,6,794,134,392
527,Север,Хомяк,12,997,451,812
528,Спарки,Кошка,12,11,314,232
529,Сэр,Индюк,5,269,101,846
530,Соломон,Канарейка,6,2,421,199
531,Счастливчик,Шиншилла,13,961,574,197
532,Сет,Хамелеон,17,866,854,149
533,Стэн,Оца,16,412,892,187
534,Санчо,Рыбка,14,782,306,177
535,Симон,Собака,19,511,31,51
536,Смоки,Гусь,7,307,938,875
537,Санта,Волк,14,383,50,554
538,Северус,Гусь,1,217,79,486
539,Симбо,Ягуар,5,123,118,425
540,Саурон,Оца,7,532,688,462
541,Сантьяго,Кролик,8,560,20,587
542,Спок,Ягуар,3,875,182,381
543,Стинг,Хомяк,2,983,61,116
544,Сапфир,Ягуар,20,464,572,221
545,Сидней,Осел,5,570,348,930
546,Сумрак,Лягушка,16,195,763,631
547,Стив,Индюк,2,898,416,323
548,Тори,Кошка,11,143,165,977
549,Тося,Гусь,11,900,144,157
550,Тина,Шиншилла,3,298,702,714
551,Тайга,Волк,9,19,605,199
552,Терри,Кошка,13,729,407,899
553,Тиффани,Попугай,20,619,6,728
554,Тайра,Индюк,15,149,664,704
555,Тася,Хамелеон,17,568,556,416
556,Тяпа,Енот,20,6,907,736
557,Тэсси,Мышка,4,61,572,534
558,Туся,Лошадь,12,672,438,123
559,Тэффи,Змея,17,71,602,693
560,Таша,Обезьяна,10,469,117,271
561,Триша,Хамелеон,7,68,449,275
562,Трейси,Мышка,5,835,795,826
563,Тайна,Енот,1,209,718,695
564,Тэрра,Канарейка,3,349,575,152
565,Таффи,Хомяк,14,643,252,892
566,Тора,Хамелеон,2,399,630,541
567,Тучка,Хомяк,18,554,683,495
568,Тави,Скунс,17,789,923,976
569,Тэсси,Гусь,1,554,302,753
570,Тутси,Шиншилла,7,369,155,551
571,Тефтелька,Шиншилла,20,97,46,104
572,Таппи,Енот,4,120,385,412
573,Тая,Хамелеон,17,621,166,840
574,Тейсти,Волк,5,881,333,535
575,Тильда,Паук,9,182,374,569
576,Троя,Кролик,20,575,25,659
577,Тэйси,Лошадь,11,278,772,880
578,Тинки,Хамелеон,16,260,528,478
579,Тaйсон,Рыбка,11,851,525,787
580,Татошка,Собака,13,478,899,979
581,Тэдди,Паук,6,30,840,817
582,Тимка,Осел,14,398,399,395
583,Тошка,Лягушка,3,208,750,641
584,Тишка,Кошка,19,289,922,976
585,Тимоша,Обезьяна,14,767,745,41
586,Тор,Шиншилла,14,44,46,741
587,Тобик,Хомяк,3,437,307,121
588,Том,Скунс,4,169,620,772
589,Туман,Енот,19,276,556,275
590,Тэдди,Скунс,14,572,313,298
591,Тайфун,Обезьяна,7,431,493,159
592,Тай,Рыбка,6,852,262,264
593,Ти-Джей,Осел,4,945,38,86
594,Тайлер,Паук,17,280,537,140
595,Тимон,Волк,15,256,53,248
596,Томас,Осел,16,982,991,733
597,Тэд,Кролик,13,748,407,655
598,Тайгер,Енот,8,925,933,919
599,Топик,Индюк,17,432,484,230
600,Терри,Попугай,9,390,465,44
601,Тигр,Лягушка,1,15,469,793
602,Твикс,Енот,17,557,139,687
603,Трой,Хамелеон,18,408,881,556
604,Тео,Собака,14,528,542,779
605,Тайс,Индюк,10,547,642,872
606,Тайрон,Гусь,10,476,234,806
607,Тито,Хомяк,15,398,363,239
608,Тихон,Рыбка,14,11,992,742
609,Тони,Канарейка,1,269,287,884
610,Такер,Обезьяна,13,219,256,279
611,Топаз,Индюк,9,374,125,666
612,Трюфель,Змея,6,14,645,16
613,Тейлор,Собака,20,905,865,119
614,Турбо,Лягушка,2,974,386,149
615,Тимур,Волк,15,389,959,460
616,Тигран,Шиншилла,8,591,196,473
617,Тимофей,Кошка,1,55,608,846
618,Талисман,Хомяк,5,67,647,722
619,Таир,Лошадь,4,864,882,497
620,Тарзан,Попугай,13,609,309,975
621,Теодор,Собака,20,109,82,512
622,Умка,Енот,1,673,522,904
623,Уна,Канарейка,10,149,351,345
624,Уитни,Гусь,17,332,116,401
625,Ульяна,Канарейка,19,669,541,242
626,Уми,Канарейка,5,639,961,749
627,Ультра,Осел,12,312,312,719
628,Урсула,Оца,6,657,168,392
629,Ульма,Лиса,19,720,345,940
630,Уника,Свинка,8,869,712,619
631,Уляша,Шиншилла,5,985,793,549
632,Удача,Мышка,20,380,765,154
633,Улитка,Ягуар,18,709,200,736
634,Улана,Лягушка,20,741,226,992
635,Унга,Лиса,10,611,78,216
636,Уинни,Обезьяна,12,798,487,183
637,Ундина,Лягушка,2,147,12,966
638,Умка,Ягуар,7,513,398,416
639,Уран,Лошадь,15,354,853,983
640,Уайт,Собака,10,523,533,327
641,Уголек,Шиншилла,1,578,855,452
642,Уилфред,Лягушка,12,99,80,575
643,Уильям,Осел,19,376,42,652
644,Урман,Енот,17,200,909,107
645,Улан,Шиншилла,12,765,150,880
646,Урал,Хамелеон,16,299,605,252
647,Уолт,Собака,5,337,945,662
648,Уолтер,Змея,17,431,297,137
649,Успех,Шиншилла,15,988,392,387
650,Умник,Енот,6,127,557,867
651,Урс,Лягушка,2,73,403,461
652,Урри,Паук,16,617,366,570
653,Урфи Джус,Кошка,10,159,431,713
654,Уно,Скунс,13,259,856,95
655,Унгар,Паук,18,411,379,729
656,Уго,Собака,20,841,824,369
657,Уникум,Кошка,13,705,290,926
658,Урган,Лошадь,9,552,857,71
659,Фиби,Ягуар,15,168,565,233
660,Фиона,Гусь,11,195,966,351
661,Феня,Хомяк,13,239,733,950
662,Фанни,Обезьяна,4,125,810,759
663,Фенечка,Обезьяна,17,885,310,64
664,Фиджи,Гусь,6,652,902,626
665,Фисташка,Паук,4,587,62,4
666,Фрида,Кролик,8,928,307,905
667,Флора,Ягуар,15,892,109,264
668,Фабби,Лягушка,18,179,108,544
669,Фея,Лягушка,2,181,437,395
670,Флаффи,Осел,20,513,642,812
671,Флер,Лиса,10,201,116,21
672,Фанта,Осел,2,191,550,479
673,Фелиция,Гусь,17,716,697,563
674,Фи-фи,Енот,18,190,321,789
675,Фрутти,Осел,20,248,428,816
676,Франческа,Змея,14,849,984,806
677,Фиалка,Рыбка,19,949,969,75
678,Фиеста,Свинка,10,657,150,22
679,Фифа,Енот,10,937,224,63
680,Фортуна,Паук,12,290,511,689
681,Фимка,Кролик,16,5,285,53
682,Фира,Лошадь,13,418,15,359
683,Фокс,Попугай,7,791,765,267
684,Фил,Змея,13,110,87,671
685,Филя,Ягуар,20,340,853,960
686,Фунтик,Лиса,2,774,397,720
687,Феликс,Волк,7,551,399,35
688,Фред,Шиншилла,18,382,107,513
689,Фантик,Скунс,5,34,546,800
690,Феня,Обезьяна,4,411,86,994
691,Флэш,Шиншилла,1,382,603,700
692,Флинт,Паук,20,824,979,350
693,Флай,Змея,5,896,73,738
694,Фредди,Лягушка,9,353,216,194
695,Фараон,Хомяк,19,374,320,463
696,Феникс,Рыбка,8,188,517,15
697,Фрай,Рыбка,7,943,196,621
698,Форест,Хомяк,4,374,765,644
699,Френки,Индюк,5,950,821,109
700,Федор,Оца,9,544,158,954
701,Филипп,Индюк,12,489,739,134
702,Франц,Змея,14,307,10,124
703,Фаер,Индюк,10,44,926,692
704,Фидель,Индюк,19,438,214,466
705,Фауст,Скунс,1,777,806,323
706,Филимон,Оца,17,210,989,790
707,Фабиан,Кролик,6,454,394,375
708,Файер,Попугай,4,115,647,775
709,Фигаро,Обезьяна,1,795,246,462
710,Френд,Кошка,12,10,313,900
711,Фродо,Скунс,15,979,547,6
712,Финн,Шиншилла,14,494,647,620
713,Франк,Оца,5,260,623,179
714,Фрей,Обезьяна,2,286,715,39
715,Флойд,Лошадь,11,712,382,254
716,Хлоя,Лиса,5,878,8,16
717,Холли,Хомяк,12,775,202,51
718,Ханна,Скунс,16,663,20,547
719,Хайди,Ягуар,1,689,293,335
720,Хонда,Свинка,19,125,604,150
721,Хельга,Индюк,9,316,458,755
722,Харти,Шиншилла,5,178,755,253
723,Хиллари,Лягушка,15,529,722,804
724,Хильда,Гусь,7,218,226,194
725,Ханни,Индюк,2,197,792,558
726,Ханти,Рыбка,18,509,522,261
727,Харси,Мышка,14,419,671,631
728,Хейли,Лошадь,19,67,105,215
729,Хелен,Змея,15,329,166,746
730,Хатико,Обезьяна,7,834,304,114
731,Хан,Рыбка,4,941,951,758
732,Хайди,Свинка,12,199,626,57
733,Хантер,Змея,1,613,357,200
734,Халк,Собака,17,467,345,269
735,Хэппи,Хомяк,9,398,193,328
736,Хуч,Лягушка,8,133,517,185
737,Хьюго,Оца,11,291,757,427
738,Хвостик,Попугай,17,441,426,406
739,Хаммер,Мышка,14,747,293,879
740,Хич,Енот,8,201,887,95
741,Харт,Лошадь,1,46,240,626
742,Харди,Индюк,14,312,810,676
743,Харли,Оца,8,550,136,777
744,Хью,Лошадь,16,781,620,790
745,Хэнк,Индюк,12,694,729,345
746,Хутч,Мышка,7,427,251,240
747,Хасан,Ягуар,14,96,220,156
748,Хаки,Ягуар,17,677,639,458
749,Харлей,Обезьяна,1,249,910,837
750,Харви,Скунс,1,849,304,894
751,Хьюстон,Кошка,9,486,724,592
752,Хайк,Паук,4,60,162,433
753,Халиф,Хомяк,15,903,716,21
754,Хагрид,Кролик,19,689,969,939
755,Харти,Хамелеон,10,729,905,196
756,Хамер,Кошка,1,445,382,113
757,Хотабыч,Лошадь,1,281,61,592
758,Хамфри,Волк,19,239,824,93
759,Хитч,Обезьяна,6,609,602,243
760,Хакер,Мышка,15,586,515,586
761,Ханс,Мышка,10,896,904,380
762,Харрис,Змея,12,94,309,882
763,Хорт,Скунс,10,358,29,584
764,Хайс,Скунс,8,632,77,205
765,Цея,Скунс,3,196,367,906
766,Цезария,Собака,9,312,870,216
767,Цара,Лягушка,9,373,997,243
768,Цаца,Мышка,17,954,524,765
769,Царина,Лягушка,3,988,133,648
770,Цесса,Осел,14,313,484,11
771,Цефи,Шиншилла,14,299,217,409
772,Цветочек,Мышка,9,577,58,488
773,Центурия,Змея,13,804,777,75
774,Цири,Енот,14,104,873,576
775,Циля,Змея,10,657,684,801
776,Цапа,Ягуар,11,62,955,399
777,Церцея,Кошка,2,75,706,900
778,Цими,Мышка,5,897,660,74
779,Цезарь,Хамелеон,9,781,90,144
780,Цербер,Рыбка,3,61,303,452
781,Царь,Мышка,4,372,76,214
782,Цейс,Ягуар,18,182,759,185
783,Цент,Свинка,15,907,196,729
784,Центурион,Индюк,15,962,643,184
785,Циклон,Скунс,2,419,484,666
786,Цукат,Свинка,1,355,663,724
787,Цицерон,Оца,10,31,193,86
788,Церби,Индюк,10,139,812,307
789,Цезарион,Змея,9,925,555,849
790,Цедрик,Мышка,7,217,668,695
791,Цыган,Оца,14,862,399,830
792,Церон,Лошадь,9,797,565,739
793,Цефей,Лошадь,10,396,879,224
794,Челси,Кошка,2,698,202,40
795,Чапа,Оца,2,199,972,19
796,Черри,Попугай,16,298,940,15
797,Чика,Рыбка,20,516,56,971
798,Чита,Кошка,15,136,30,121
799,Чуча,Лягушка,9,798,525,714
800,Чили,Кошка,16,637,808,205
801,Чейза,Скунс,10,980,610,641
802,Чернышка,Лошадь,7,611,903,707
803,Чика,Свинка,11,321,728,327
804,Черника,Рыбка,4,112,920,227
805,Чиби,Свинка,16,654,835,201
806,Челси,Кошка,18,903,856,125
807,Чана,Лиса,9,560,800,753
808,Чарси,Змея,6,448,720,145
809,Чилита,Гусь,16,60,709,718
810,Чарли,Попугай,2,752,191,306
811,Чак,Змея,12,303,463,471
812,Чип,Индюк,1,990,540,118
813,Честер,Индюк,17,122,85,199
814,Чапик,Лягушка,13,659,833,563
815,Чоп,Паук,19,272,306,212
816,Челси,Попугай,10,420,809,798
817,Чипс,Рыбка,8,505,691,398
818,Чудо,Канарейка,5,682,534,212
819,Черныш,Шиншилла,13,244,257,222
820,Чейз,Хамелеон,5,975,377,697
821,Чарльз,Индюк,17,146,61,624
822,Чингиз Хан,Оца,11,590,891,365
823,Чико,Кошка,13,899,129,669
824,Че Гевара,Ягуар,18,901,193,663
825,Чингиз,Индюк,11,617,523,406
826,Черчиль,Индюк,14,985,453,655
827,Чиф,Енот,19,183,253,119
828,Чивас,Рыбка,13,152,632,889
829,Чао,Канарейка,19,10,840,773
830,Чендлер,Шиншилла,5,535,826,77
831,Чемпион,Хамелеон,15,411,144,354
832,Читер,Паук,5,373,713,775
833,Чавес,Ягуар,6,810,400,349
834,Шэрри,Собака,2,923,41,96
835,Шанель,Хомяк,9,799,109,376
836,Шелли,Обезьяна,10,41,86,117
837,Шейла,Енот,4,702,358,65
838,Шакира,Собака,17,999,339,391
839,Шанти,Рыбка,15,567,650,843
840,Шарлотта,Ягуар,2,147,705,884
841,Шоколадка,Оца,4,475,56,862
842,Шайна,Шиншилла,11,597,649,670
843,Шанталь,Осел,15,662,985,368
844,Шанси,Оца,18,690,245,686
845,Шива,Змея,15,288,581,119
846,Шарлиз,Рыбка,20,225,664,4
847,Шая,Змея,17,691,780,403
848,Шкода,Рыбка,4,493,831,540
849,Шуша,Рыбка,14,52,389,305
850,Шейна,Мышка,15,566,91,117
851,Шерли,Мышка,4,690,99,256
852,Шедоу,Волк,7,404,639,669
853,Шоко,Лягушка,20,685,1000,277
854,Шармель,Хамелеон,17,681,819,972
855,Шарик,Осел,7,451,67,976
856,Шерхан,Обезьяна,12,710,668,544
857,Шелдон,Рыбка,20,182,597,929
858,Шерлок,Лиса,1,225,253,666
859,Шаман,Осел,7,641,21,503
860,Шериф,Кошка,5,43,891,209
861,Шон,Канарейка,19,169,442,41
862,Шульц,Рыбка,16,243,180,330
863,Шелтон,Паук,9,822,214,431
864,Шерри,Паук,18,880,528,38
865,Шеф,Мышка,19,366,360,827
866,Шепард,Оца,10,987,138,681
867,Шрек,Хамелеон,6,946,510,803
868,Шварц,Волк,14,348,531,61
869,Шейк,Рыбка,2,696,857,566
870,Шустрик,Змея,19,9,37,744
871,Шанс,Енот,14,878,438,484
872,Шнурок,Индюк,17,848,699,818
873,Шэдо,Мышка,14,169,40,182
874,Шейх,Лягушка,19,354,729,884
875,Шони,Змея,11,461,243,405
876,Шторм,Хомяк,6,2,57,530
877,Шафран,Обезьяна,14,318,159,246
878,Шерман,Кролик,4,69,328,743
879,Шнапс,Паук,7,246,388,228
880,Шоколад,Шиншилла,5,87,422,686
881,Шастик,Попугай,17,922,532,180
882,Шекспир,Кролик,12,419,742,946
883,Штирлиц,Кошка,15,193,181,889
884,Швепс,Шиншилла,5,244,964,297
885,Эльза,Скунс,12,361,793,703
886,Эшли,Лиса,4,850,228,394
887,Эбби,Обезьяна,19,101,553,147
888,Элис,Гусь,2,855,587,294
889,Эмма,Волк,15,759,30,590
890,Элли,Индюк,8,177,612,672
891,Энджи,Хамелеон,11,1000,376,480
892,Элизабет,Попугай,6,141,252,345
893,Элси,Скунс,20,98,694,957
894,Эмили,Змея,13,522,483,740
895,Эстер,Гусь,14,724,281,976
896,Энни,Змея,2,358,714,626
897,Эсми,Оца,4,509,481,783
898,Эстель,Свинка,2,347,981,475
899,Элиссон,Шиншилла,5,679,502,301
900,Эврика,Змея,19,351,340,80
901,Элеонора,Попугай,10,230,133,951
902,Эмбер,Лошадь,3,427,418,191
903,Эйвари,Лягушка,5,918,464,776
904,Элисия,Мышка,11,827,982,757
905,Эдмон,Змея,12,555,814,886
906,Элвис,Свинка,16,256,614,268
907,Эрик,Осел,12,725,253,716
908,Эдди,Свинка,18,555,875,716
909,Элвин,Скунс,18,900,395,207
910,Эрни,Собака,20,153,232,252
911,Эдельвейс,Мышка,7,528,731,168
912,Эштон,Лошадь,11,97,554,856
913,Энди,Волк,14,596,344,174
914,Эйнштейн,Волк,17,90,645,164
915,Эдгар,Попугай,4,886,390,444
916,Эмир,Хомяк,1,232,197,413
917,Эдвард,Ягуар,12,490,655,175
918,Эней,Паук,18,5,953,508
919,Эль- Дьябло,Оца,7,144,919,800
920,Эльф,Лягушка,2,401,3,160
921,Эйс Вентура,Енот,11,228,724,664
922,Эскимо,Гусь,13,546,609,116
923,Эклер,Лиса,5,524,962,973
924,Эдем,Лошадь,8,567,910,994
925,Эмиль,Мышка,19,992,925,338
926,Эдвин,Шиншилла,10,157,674,593
927,Эй-Джей,Рыбка,11,966,427,17
928,Эйр,Лягушка,6,344,210,338
929,Эверест,Кошка,14,710,101,165
930,Эллорд,Мышка,13,559,524,891
931,Юта,Мышка,15,772,289,368
932,Юна,Змея,10,813,36,431
933,Юнона,Шиншилла,13,757,520,962
934,Юся,Оца,1,40,789,78
935,Юми,Хомяк,6,725,452,121
936,Юста,Гусь,19,417,345,678
937,Юша,Хомяк,17,80,700,879
938,Юзя,Лиса,13,845,194,949
939,Юла,Скунс,13,632,742,588
940,Ювента,Кролик,16,913,833,851
941,Юлика,Кролик,3,555,471,869
942,Юнна,Мышка,9,601,215,590
943,Ювелия,Кролик,11,972,579,819
944,Южана,Кошка,20,612,560,16
945,Юмина,Лошадь,5,487,369,653
946,Юджин,Лягушка,7,692,825,752
947,Юстас,Лягушка,2,332,922,285
948,Юрчик,Змея,10,886,402,316
949,Юкки,Кролик,5,695,297,255
950,Юлий,Рыбка,9,807,163,187
951,Юлий Цезарь,Осел,11,179,501,573
952,Юпитер,Гусь,15,204,477,365
953,Ювентус,Кролик,2,539,910,389
954,Юкон,Волк,2,998,320,642
955,Юник,Оца,6,244,105,948
956,Юго,Осел,10,343,681,331
957,Юпи,Канарейка,5,709,413,671
958,Юрай,Ягуар,4,4,17,519
959,Юкан,Змея,6,215,564,937
960,Юг,Индюк,16,80,499,482
961,Юзеф,Хомяк,2,573,957,414
962,Юкас,Оца,15,378,838,627
963,Юкс,Лиса,12,322,14,901
964,Юлик,Свинка,18,771,517,708
965,Юнгар,Обезьяна,12,234,368,717
966,Юстин,Скунс,15,206,87,885
967,Юнайт,Индюк,10,87,490,927
968,Юнга,Попугай,8,874,899,478
969,Юнур,Шиншилла,8,101,770,263
970,Юрхан,Попугай,5,188,574,181
971,Юстиниан,Лиса,20,988,720,188
972,Яся,Змея,13,933,872,896
973,Яра,Попугай,2,108,209,74
974,Ягодка,Паук,5,948,199,268
975,Ясмин,Обезьяна,12,608,486,972
976,Ямайка,Попугай,7,364,556,704
977,Яффи,Рыбка,10,872,30,590
978,Ясна,Лиса,17,512,236,556
979,Янга,Гусь,19,941,525,788
980,Яшма,Собака,1,882,883,572
981,Янина,Волк,2,712,837,862
982,Ялика,Свинка,6,332,310,871
983,Ярославна,Кошка,10,468,93,475
984,Янни,Гусь,11,816,873,980
985,Ярда,Индюк,8,595,584,541
986,Ярита,Кошка,1,760,845,923
987,Ядвига,Енот,20,510,876,65
988,Яффи,Собака,2,74,590,236
989,Янчи,Обезьяна,12,357,589,77
990,Ярик,Лягушка,13,918,860,285
991,Ян,Осел,2,390,329,371
992,Ясик,Енот,4,616,755,360
993,Ясон,Паук,1,639,416,49
994,Якут,Осел,7,883,257,610
995,Ярый,Гусь,2,765,849,638
996,Яр,Собака,19,556,484,373
997,Янтарь,Оца,18,586,452,201
998,Янис,Волк,20,247,588,183
999,Яхонт,Гусь,4,537,193,645
1000,Ярд,Енот,1,598,953,905
