1,Аббревиатоз,2014-05-22,Легкая,Не требуется
2,Абсцесс,2018-06-09,Тяжелая,Требуется
3,Абсцесс глазницы,2017-12-08,Средняя,Не требуется
4,Абсцесс зуба,2016-11-30,Средняя,Не требуется
5,Абсцесс кишечника,2012-07-12,Тяжелая,Требуется
6,Абсцесс легкого,2014-04-16,Легкая,Не требуется
7,Абсцесс мозга,2017-11-24,Средняя,Не требуется
8,Абсцесс мозжечка,2017-09-27,Средняя,Не требуется
9,Абсцесс полости рта,2014-09-23,Тяжелая,Требуется
10,Абсцесс предстательной железы,2010-11-14,Тяжелая,Требуется
11,Абсцесс селезенки,2017-04-16,Легкая,Не требуется
12,Абфракция,2015-07-25,Легкая,Не требуется
13,Авитаминоз,2016-12-12,Легкая,Не требуется
14,Авиттеллиноз,2018-10-10,Легкая,Не требуется
15,Агалактия,2019-05-03,Тяжелая,Требуется
16,Агенезия и Аплазия,2018-01-04,Тяжелая,Требуется
17,Агнозия,2016-04-07,Легкая,Не требуется
18,Агорафобия,2012-09-07,Тяжелая,Требуется
19,Агранулоцитоз,2019-03-21,Тяжелая,Требуется
20,Адгезивный средний отит,2011-03-14,Легкая,Не требуется
21,Аддисонический криз,2018-07-16,Средняя,Не требуется
22,Аддисонов криз,2019-07-08,Тяжелая,Требуется
23,Аденовирус,2016-01-19,Тяжелая,Требуется
24,Аденовирусная инфекция,2010-03-14,Тяжелая,Требуется
25,Аденовирусная инфекция КРС,2016-04-10,Средняя,Не требуется
26,Аденовирусная инфекция у детей,2015-01-30,Легкая,Не требуется
27,Аденовирусный кератоконъюнктивит,2021-04-08,Легкая,Не требуется
28,Аденовирусный конъюнктивит,2017-10-09,Тяжелая,Требуется
29,Аденовирусный энтерит,2015-11-09,Легкая,Не требуется
30,Аденокарцинома,2017-02-05,Легкая,Не требуется
31,Аденокарцинома матки,2015-11-08,Средняя,Не требуется
32,Аденокарцинома предстательной железы,2016-11-05,Легкая,Не требуется
33,Аденома,2015-12-17,Легкая,Не требуется
34,Аденома гипофиза,2010-03-15,Тяжелая,Требуется
35,Аденома молочной железы,2020-03-24,Средняя,Не требуется
36,Аденома надпочечника,2010-11-07,Легкая,Не требуется
37,Аденома паращитовидной железы,2014-01-10,Тяжелая,Требуется
38,Аденома паращитовидных желез,2011-06-07,Легкая,Не требуется
39,Аденома предстательной железы,2021-09-11,Легкая,Не требуется
40,Аденома простаты,2016-07-24,Тяжелая,Требуется
41,Аденома сальной железы,2019-07-06,Тяжелая,Требуется
42,Аденома третьего века,2016-12-18,Тяжелая,Требуется
43,Аденома щитовидной железы,2015-01-31,Средняя,Не требуется
44,Аденоматозный полип,2019-09-30,Легкая,Не требуется
45,Аденомиоз,2016-04-28,Легкая,Не требуется
46,Аденофлегмона,2019-06-10,Средняя,Не требуется
47,Адентия,2020-10-28,Легкая,Не требуется
48,Адентия зубов,2019-10-04,Средняя,Не требуется
49,Адипозогенитальная дистрофия,2021-04-13,Тяжелая,Требуется
50,Аднексит,2013-02-08,Легкая,Не требуется
51,Адреногенитальное нарушение неуточненное,2018-11-12,Тяжелая,Требуется
52,Адреногенитальные расстройства,2019-06-01,Тяжелая,Требуется
53,Адреногенитальный синдром,2017-12-23,Средняя,Не требуется
54,Азооспермия,2011-09-25,Средняя,Не требуется
55,Азотное отравление,2014-05-23,Тяжелая,Требуется
56,Акантамебный кератит,2011-02-03,Средняя,Не требуется
57,Акантохейлонематоз,2019-05-24,Средняя,Не требуется
58,Акантоцефалезы,2019-03-19,Средняя,Не требуется
59,Акантоцефалёзы,2020-03-11,Легкая,Не требуется
60,Акарапидоз,2020-06-26,Средняя,Не требуется
61,Акариазы,2014-06-15,Средняя,Не требуется
62,Акародерматит,2013-03-30,Легкая,Не требуется
63,Аквагенная крапивница,2020-10-15,Средняя,Не требуется
64,Акрания,2018-03-06,Тяжелая,Требуется
65,Акрокефалия,2016-01-16,Тяжелая,Требуется
66,Акромегалия,2016-01-19,Тяжелая,Требуется
67,Акропахия,2013-08-10,Средняя,Не требуется
68,Актинический кератоз,2011-03-22,Средняя,Не требуется
69,Актинический ретикулоид,2019-08-11,Легкая,Не требуется
70,Актинический хейлит,2017-09-26,Легкая,Не требуется
71,Актиномикоз,2018-05-31,Легкая,Не требуется
72,Актиномикоз челюстно-лицевой области,2011-08-29,Легкая,Не требуется
73,Акушерские параличи,2015-09-02,Тяжелая,Требуется
74,Алеутская болезнь,2011-01-23,Средняя,Не требуется
75,Аллергические реакции на введение инсулина,2018-07-14,Тяжелая,Требуется
76,Аллергический бронхит,2011-01-07,Легкая,Не требуется
77,Аллергический ринит,2017-02-01,Тяжелая,Требуется
78,Аллопеция,2010-12-30,Легкая,Не требуется
79,Альвеококкоз,2014-10-11,Легкая,Не требуется
80,Альвеолярный протеиноз,2020-12-16,Средняя,Не требуется
81,Аляриоз,2013-01-28,Легкая,Не требуется
82,Анаэробная дизентерия,2019-11-21,Легкая,Не требуется
83,Анаэробная инфекционная энтеротоксемия,2015-06-08,Тяжелая,Требуется
84,Ангидроз,2012-02-08,Легкая,Не требуется
85,Анемия,2011-09-28,Легкая,Не требуется
86,Анизакидоз,2016-08-01,Легкая,Не требуется
87,Анизометропия,2018-05-31,Средняя,Не требуется
88,Анкилоз,2019-06-27,Средняя,Не требуется
89,Анкилостоматидозы плотоядных,2018-12-03,Тяжелая,Требуется
90,Аномалия развития дуги аорты,2012-04-16,Легкая,Не требуется
91,Анострия,2011-06-18,Средняя,Не требуется
92,Аортит,2020-03-24,Легкая,Не требуется
93,Апиосомоз,2020-11-20,Тяжелая,Требуется
94,Аплазия,2014-06-06,Легкая,Не требуется
95,Апластическая анемия,2010-12-03,Легкая,Не требуется
96,Апофаллоз,2014-07-20,Средняя,Не требуется
97,Апудома,2011-09-15,Тяжелая,Требуется
98,Арахноидальная киста,2015-04-16,Тяжелая,Требуется
99,Арахноэнтомозы,2011-02-12,Средняя,Не требуется
100,Аргентинская геморрагическая лихорадка,2016-10-28,Легкая,Не требуется
101,Артроз,2020-03-30,Средняя,Не требуется
102,Асептический серозный синовит,2015-01-06,Средняя,Не требуется
103,Аскаридиоз,2011-01-07,Средняя,Не требуется
104,Аскаридоз,2014-08-07,Средняя,Не требуется
105,Аспергиллома,2012-05-04,Легкая,Не требуется
106,Аспирационная пневмония,2011-04-26,Легкая,Не требуется
107,Астма,2018-03-13,Легкая,Не требуется
108,Асфиксия новорожденных,2010-04-05,Средняя,Не требуется
109,Атаксия Фридрейха,2020-08-23,Тяжелая,Требуется
110,Ателектаз,2013-11-28,Средняя,Не требуется
111,Атония преджелудков,2021-09-14,Легкая,Не требуется
112,Атопический дерматит,2017-11-22,Средняя,Не требуется
113,Атриовентрикулярная блокада,2015-07-10,Тяжелая,Требуется
114,Атрофия поджелудочной железы,2013-06-25,Средняя,Не требуется
115,Ауески болезнь,2011-01-12,Тяжелая,Требуется
116,Аутоиммунная гемолитическая анемия,2014-05-18,Легкая,Не требуется
117,Аутоиммунные болезни,2016-09-09,Тяжелая,Требуется
118,Аутоиммунный полиэндокринный синдром,2010-04-29,Тяжелая,Требуется
119,Афазия Брока,2012-08-08,Легкая,Не требуется
120,Афазия Вернике,2011-09-27,Легкая,Не требуется
121,Африканская чума,2019-12-28,Средняя,Не требуется
122,Ахалазия кардии,2015-12-17,Тяжелая,Требуется
123,Ахалазия крикофарингельная,2018-03-16,Средняя,Не требуется
124,Ахиллобурсит,2017-12-21,Средняя,Не требуется
125,Ахолия,2012-07-14,Тяжелая,Требуется
126,Ацетонемический синдром,2017-03-31,Тяжелая,Требуется
127,Бабезиоз,2019-10-16,Легкая,Не требуется
128,Базалиома,2020-07-18,Тяжелая,Требуется
129,Бактериальная пневмония,2012-02-26,Тяжелая,Требуется
130,Балантидиаз,2011-07-22,Легкая,Не требуется
131,Балантидиоз свиней,2015-06-01,Тяжелая,Требуется
132,Бартолинит,2017-02-12,Тяжелая,Требуется
133,Бесплодие самки,2017-09-10,Средняя,Не требуется
134,Бешенство,2015-06-20,Легкая,Не требуется
135,Блокада внутрисердечной проводимости,2013-10-08,Тяжелая,Требуется
136,Блокада сердца,2012-04-04,Средняя,Не требуется
137,Блохи,2017-03-02,Тяжелая,Требуется
138,Болезни век,2015-04-20,Легкая,Не требуется
139,Болезни кожи,2013-09-24,Легкая,Не требуется
140,Болезнь Абта-Леттерера-Сиве,2021-03-16,Тяжелая,Требуется
141,Болезнь Альцгеймера,2017-09-24,Легкая,Не требуется
142,Болезнь Гиппеля — Линдау,2013-11-26,Тяжелая,Требуется
143,Болезнь Горхема,2017-01-27,Легкая,Не требуется
144,Болезнь Дарье — Уайта,2021-08-25,Легкая,Не требуется
145,Болезнь Кашина — Бека,2013-01-29,Средняя,Не требуется
146,Болезнь Кирле,2010-05-26,Средняя,Не требуется
147,Болезнь Легга-Кальве-Пертеса,2010-06-11,Тяжелая,Требуется
148,Болезнь Минаматы,2016-12-26,Легкая,Не требуется
149,Болезнь Пика,2013-08-24,Легкая,Не требуется
150,Болезнь Рота — Бернгардта,2017-02-14,Тяжелая,Требуется
151,Болезнь Уиппла,2010-12-30,Тяжелая,Требуется
152,Болезнь Фавра-Ракушо,2016-10-20,Тяжелая,Требуется
153,Болезнь Шагаса,2012-03-31,Средняя,Не требуется
154,Болезнь Шейермана-Мау,2013-10-19,Легкая,Не требуется
155,Болезнь итай-итай,2013-07-17,Тяжелая,Требуется
156,Бородавчатая эпидермодисплазия,2012-12-21,Легкая,Не требуется
157,Боррелиоз,2014-06-05,Средняя,Не требуется
158,Ботулизм,2017-09-26,Легкая,Не требуется
159,Брадзот,2010-07-01,Средняя,Не требуется
160,Брахиметатарзия,2020-02-25,Легкая,Не требуется
161,Бридость,2014-05-16,Средняя,Не требуется
162,Бронхит,2013-11-02,Легкая,Не требуется
163,Бронхиты и их осложнения,2018-07-17,Средняя,Не требуется
164,Бронхопневмония,2013-12-10,Легкая,Не требуется
165,Бруцеллёз,2017-07-29,Легкая,Не требуется
166,Бубонная чума,2015-08-04,Средняя,Не требуется
167,Буллёзный эпидермолиз,2011-08-02,Тяжелая,Требуется
168,Бульбит,2015-02-26,Тяжелая,Требуется
169,Варроз,2011-06-17,Тяжелая,Требуется
170,Васкулиты,2014-11-17,Средняя,Не требуется
171,Везикулит,2016-03-07,Средняя,Не требуется
172,Везикулярная болезнь,2014-12-20,Тяжелая,Требуется
173,Везикулярная экзантема,2015-09-27,Легкая,Не требуется
174,Везикулярный стоматит,2012-06-13,Тяжелая,Требуется
175,Вестибулярный нейронит,2013-12-29,Тяжелая,Требуется
176,Вибриоз,2019-02-27,Средняя,Не требуется
177,Вирусная геморрагическая септицемия,2016-10-25,Легкая,Не требуется
178,Вирусный иммунодефицит,2018-12-14,Средняя,Не требуется
179,Висна-Маеди болезнь,2014-02-27,Средняя,Не требуется
180,Височная эпилепсия,2017-07-28,Тяжелая,Требуется
181,Водянка глаза,2011-06-11,Тяжелая,Требуется
182,Водянка плодных оболочек,2017-05-04,Тяжелая,Требуется
183,Водянка сердца,2016-04-10,Тяжелая,Требуется
184,Волосяной лишай,2011-12-22,Легкая,Не требуется
185,Вольфартиоз,2017-01-29,Легкая,Не требуется
186,Воспаление век,2013-07-06,Легкая,Не требуется
187,Воспаление конъюнктивы,2015-10-22,Легкая,Не требуется
188,Воспаление слезного мешка,2016-04-21,Средняя,Не требуется
189,Воспаление слёзной железы,2018-07-30,Средняя,Не требуется
190,Воспаление спинного мозга миелит,2021-01-10,Легкая,Не требуется
191,Воспаление среднего уха,2011-09-02,Тяжелая,Требуется
192,Впадина грудной клетки,2019-12-30,Легкая,Не требуется
193,Врожденные пороки ЦНС,2019-07-29,Легкая,Не требуется
194,Вторичная атония матки и задержка отделения последов,2014-12-14,Легкая,Не требуется
195,Вульвит,2014-05-29,Легкая,Не требуется
196,Вульводиния,2015-12-28,Средняя,Не требуется
197,Вывих глазного яблока,2015-10-04,Тяжелая,Требуется
198,Вывих коленной чашечки,2013-03-30,Средняя,Не требуется
199,Вывих локтевого сустава врожденный,2010-05-10,Средняя,Не требуется
200,Вывихи суставов и дисплазия,2010-11-11,Тяжелая,Требуется
201,Выворот век,2013-06-25,Легкая,Не требуется
202,Выпадение прямой кишки,2013-06-26,Тяжелая,Требуется
203,Габронемоз,2019-10-28,Легкая,Не требуется
204,Гамборо болезнь,2011-01-02,Тяжелая,Требуется
205,Ганглионеврит,2019-12-14,Тяжелая,Требуется
206,Гангулетеракидоз,2014-08-22,Средняя,Не требуется
207,Гаспинг-синдром,2015-04-20,Средняя,Не требуется
208,Гастрит острый катаральный,2020-10-11,Легкая,Не требуется
209,Гастрит хронический,2010-05-17,Легкая,Не требуется
210,Гастротиляксоз,2013-01-01,Легкая,Не требуется
211,Гастрофилёз,2013-08-01,Средняя,Не требуется
212,Гастроэзофагеальная рефлюксная болезнь,2017-09-11,Легкая,Не требуется
213,Гафниоз,2015-04-25,Средняя,Не требуется
214,Гемартроз,2013-06-30,Легкая,Не требуется
215,Гематома носовой перегородки,2012-07-15,Средняя,Не требуется
216,Гематома ушной раковины,2015-11-24,Легкая,Не требуется
217,Гематомиелия,2019-10-13,Тяжелая,Требуется
218,Гемифациальный спазм,2018-04-23,Средняя,Не требуется
219,Гемобартонеллёз кошек,2014-03-13,Средняя,Не требуется
220,Гемонхоз,2016-09-16,Тяжелая,Требуется
221,Геморрагический диатез,2012-10-08,Тяжелая,Требуется
222,Гемофилезный полисерозит,2015-05-27,Средняя,Не требуется
223,Гемохроматоз,2015-11-22,Средняя,Не требуется
224,Гепатит инфекционный,2015-01-19,Легкая,Не требуется
225,Гепатоз,2016-01-15,Тяжелая,Требуется
226,Гепатопатии хронические,2012-01-21,Средняя,Не требуется
227,Герметиоз,2017-04-30,Средняя,Не требуется
228,Герпес,2021-02-03,Средняя,Не требуется
229,Гибель новорожденных щенков,2016-12-23,Тяжелая,Требуется
230,Гидрометра,2012-07-30,Средняя,Не требуется
231,Гиперлексия,2012-06-27,Легкая,Не требуется
232,Гиперсенситивный пищевод,2015-05-24,Средняя,Не требуется
233,Гипертензивный церебральный криз,2019-07-13,Тяжелая,Требуется
234,Гипертонический криз,2012-05-04,Тяжелая,Требуется
235,Гиперчувствительность,2014-02-19,Средняя,Не требуется
236,Гиповитаминоз,2020-03-06,Средняя,Не требуется
237,Гиповитаминоз B1,2014-06-28,Тяжелая,Требуется
238,Гиповитаминоз B12,2019-01-12,Легкая,Не требуется
239,Гиповитаминоз B6,2011-10-05,Легкая,Не требуется
240,Гиповитаминоз D,2020-08-06,Тяжелая,Требуется
241,Гиповитаминоз А,2018-02-28,Средняя,Не требуется
242,Гиповитаминоз В2,2016-10-04,Средняя,Не требуется
243,Гиповитаминоз пантотеновой кислоты витамина В3,2021-08-11,Тяжелая,Требуется
244,Гиповитаминоз фолиевой кислоты,2016-04-01,Легкая,Не требуется
245,Гиповитаминоз холина витамина В4,2017-07-07,Средняя,Не требуется
246,Гиповитаминозы,2019-01-26,Средняя,Не требуется
247,Гипогалактия,2015-12-12,Легкая,Не требуется
248,Гипогликемическая кома,2017-05-18,Тяжелая,Требуется
249,Гипогликемия,2018-07-02,Тяжелая,Требуется
250,Гиподерматоз,2012-10-31,Тяжелая,Требуется
251,Гипоменорея,2015-09-07,Средняя,Не требуется
252,Гипопаратиреоз,2019-12-13,Средняя,Не требуется
253,Гипоплазия коркового вещества почек,2013-08-03,Легкая,Не требуется
254,Гипотиреоз,2018-08-11,Тяжелая,Требуется
255,Гипотония преджелудков,2019-04-11,Средняя,Не требуется
256,Гипохондроплазия,2016-02-03,Тяжелая,Требуется
257,Гистоплазмоз,2021-03-25,Тяжелая,Требуется
258,Глаукома,2012-04-09,Средняя,Не требуется
259,Гликогевзия,2017-06-12,Средняя,Не требуется
260,Гломерулонефрит острый диффузный,2012-07-09,Средняя,Не требуется
261,Глубокое воспаление век,2010-03-23,Тяжелая,Требуется
262,Глюкагонома,2015-09-25,Тяжелая,Требуется
263,Гнойные раны,2019-08-27,Легкая,Не требуется
264,Гнойный артрит,2011-02-19,Тяжелая,Требуется
265,Гнойный конъюнктивит,2016-02-05,Средняя,Не требуется
266,Гнойный миозит,2020-06-23,Легкая,Не требуется
267,Гнойный остеоартрит,2012-08-19,Средняя,Не требуется
268,Гнойный периостит,2012-08-13,Легкая,Не требуется
269,Гнойный синовит,2014-06-30,Легкая,Не требуется
270,Гнойный тендовагинит,2016-02-27,Тяжелая,Требуется
271,Гонгилонематоз,2012-09-30,Средняя,Не требуется
272,Гранулоцитопения,2017-06-12,Легкая,Не требуется
273,Гранулёзный конъюнктивит,2010-11-03,Средняя,Не требуется
274,Грипп,2019-05-17,Легкая,Не требуется
275,Грипп лошадей,2011-02-04,Средняя,Не требуется
276,Грыжа Шморля,2013-01-13,Легкая,Не требуется
277,Грыжа бедренная,2019-09-26,Легкая,Не требуется
278,Грыжа белой линии,2012-04-10,Средняя,Не требуется
279,Грыжа паховая,2012-01-01,Средняя,Не требуется
280,Грыжа пищеводного отверстия диафрагмы,2016-12-23,Средняя,Не требуется
281,Грыжи,2017-12-24,Легкая,Не требуется
282,Грязный дерматоз Дункана,2018-01-27,Тяжелая,Требуется
283,Губкообразная энцефалопатия,2013-03-06,Средняя,Не требуется
284,ДВС-синдром,2015-12-21,Легкая,Не требуется
285,Дакриоцистит,2015-11-28,Средняя,Не требуется
286,Двигательные и волевые расстройства,2021-08-17,Средняя,Не требуется
287,Двурогая матка,2014-08-03,Легкая,Не требуется
288,Дебильность,2012-03-06,Тяжелая,Требуется
289,Дегенеративно-дистрофическое заболевание диска,2021-03-06,Средняя,Не требуется
290,Дегенеративные и сосудистые болезни уха,2018-03-23,Тяжелая,Требуется
291,Дегенерация сетчатки пигментная,2015-09-29,Тяжелая,Требуется
292,Дегенерация сетчатки центральная,2013-01-06,Легкая,Не требуется
293,Дейтеранопия,2020-11-22,Тяжелая,Требуется
294,Декомпрессионная болезнь,2012-04-30,Тяжелая,Требуется
295,Декстрокардия,2016-11-29,Легкая,Не требуется
296,Делеции части хромосомы,2021-07-16,Легкая,Не требуется
297,Делирий,2020-08-31,Тяжелая,Требуется
298,Демиелинизация,2016-09-14,Тяжелая,Требуется
299,Демодекоз,2018-10-17,Тяжелая,Требуется
300,Демпинг-синдром,2018-06-03,Тяжелая,Требуется
301,Дерматит,2017-06-27,Легкая,Не требуется
302,Дерматит жуков-нарывников,2021-01-08,Средняя,Не требуется
303,Дерматобиаз,2013-12-26,Легкая,Не требуется
304,Дерматоз,2017-12-12,Тяжелая,Требуется
305,Дефицит 1α-гидроксилазы,2017-06-14,Тяжелая,Требуется
306,Дефицит селена,2015-08-19,Легкая,Не требуется
307,Диабетическая ангиопатия,2015-01-04,Тяжелая,Требуется
308,Диабетическая нейропатия,2015-04-23,Тяжелая,Требуется
309,Диабетическая нефропатия,2012-05-03,Тяжелая,Требуется
310,Дивертикул пищевода,2021-07-11,Тяжелая,Требуется
311,Дикроцелиоз,2020-02-22,Средняя,Не требуется
312,Дилатация предсердий,2017-11-16,Тяжелая,Требуется
313,Дилятационная кардиомиопатия,2014-07-13,Средняя,Не требуется
314,Дипилидиоз,2015-03-18,Тяжелая,Требуется
315,Диплококкоз,2018-02-12,Легкая,Не требуется
316,Дирофиляриоз,2011-07-28,Средняя,Не требуется
317,Дискинезия желчевыводящих путей,2012-10-12,Средняя,Не требуется
318,Дискинезия пищевода,2019-10-09,Средняя,Не требуется
319,Дископатия,2019-04-02,Легкая,Не требуется
320,Дисплазия тазобедренного сустава,2015-09-11,Легкая,Не требуется
321,Дистимия,2020-12-09,Тяжелая,Требуется
322,Дифиллоботриоз,2011-11-28,Тяжелая,Требуется
323,Диффузный спазм пищевода,2012-09-11,Тяжелая,Требуется
324,Доброкачественное позиционное пароксизмальное головокружение,2021-07-23,Тяжелая,Требуется
325,Долихоколон,2014-01-20,Тяжелая,Требуется
326,Долихосигма,2021-01-01,Средняя,Не требуется
327,Дранкорексия,2011-01-17,Средняя,Не требуется
328,Дромомания,2018-06-05,Тяжелая,Требуется
329,Желточный перитонит,2020-11-23,Средняя,Не требуется
330,Желудка расширение,2013-07-02,Тяжелая,Требуется
331,Желчного пузыря камни,2014-04-11,Средняя,Не требуется
332,Желчнокаменная болезнь,2020-01-17,Тяжелая,Требуется
333,Заворот век,2019-09-16,Легкая,Не требуется
334,Заворот доли легкого,2012-01-29,Легкая,Не требуется
335,Заворот желудка,2015-03-18,Легкая,Не требуется
336,Заворот рога беременной матки,2017-08-23,Тяжелая,Требуется
337,Заворот третьего века,2020-03-26,Тяжелая,Требуется
338,Закрытый гнойный синовит,2013-10-24,Средняя,Не требуется
339,Залёживание беременных,2021-06-15,Тяжелая,Требуется
340,Застойная кардиомиопатия,2020-02-10,Средняя,Не требуется
341,Затёк,2019-04-21,Тяжелая,Требуется
342,Злокачественная катаральная горячка,2013-05-09,Средняя,Не требуется
343,Злокачественный нейролептический синдром,2014-08-24,Тяжелая,Требуется
344,Злокачественный отёк,2019-08-12,Тяжелая,Требуется
345,Зоб,2012-06-04,Легкая,Не требуется
346,Зубной камень,2017-02-02,Легкая,Не требуется
347,Зудневая чесотка,2017-11-05,Тяжелая,Требуется
348,Идиопатическая неспецифическая интерстициальная пневмония,2019-10-21,Средняя,Не требуется
349,Идиопатическая тромбоцитопения,2018-05-09,Тяжелая,Требуется
350,Идиопатические энцефалопатии,2012-10-10,Средняя,Не требуется
351,Изоспороз,2010-11-19,Легкая,Не требуется
352,Инородные тела в глотке,2016-10-07,Легкая,Не требуется
353,Инородные тела в желудке,2012-02-17,Легкая,Не требуется
354,Инородные тела в кишечнике,2013-08-27,Легкая,Не требуется
355,Инородные тела в пищеводе,2020-02-12,Средняя,Не требуется
356,Инородные тела в трахее,2010-11-22,Средняя,Не требуется
357,Инородные тела во рту,2013-09-30,Легкая,Не требуется
358,Инородные тела гортани,2010-07-31,Средняя,Не требуется
359,Инсулинома,2017-06-03,Тяжелая,Требуется
360,Инфаркт миокарда,2017-12-03,Тяжелая,Требуется
361,Инфекционная агалактия,2010-12-14,Тяжелая,Требуется
362,Инфекционная анемия,2013-01-31,Средняя,Не требуется
363,Инфекционная энтеротоксемия,2018-03-11,Средняя,Не требуется
364,Инфекционный гепатит,2011-10-01,Тяжелая,Требуется
365,Инфекционный ларинготрахеит,2016-01-26,Тяжелая,Требуется
366,Инфекционный перитонит,2013-01-06,Тяжелая,Требуется
367,Инфекционный ринотрахеит,2018-06-11,Тяжелая,Требуется
368,Инфекционный эндокардит,2020-11-10,Средняя,Не требуется
369,Ирит и иридоциклит,2016-10-31,Тяжелая,Требуется
370,Искусственное прерывание беременности,2010-09-25,Средняя,Не требуется
371,Истинная полицитемия,2015-05-31,Средняя,Не требуется
372,Кавернозный туберкулёз,2019-04-08,Средняя,Не требуется
373,Кальцивироз,2012-03-10,Легкая,Не требуется
374,Каннибализм,2010-07-06,Легкая,Не требуется
375,Кардиомиопатия,2014-09-05,Тяжелая,Требуется
376,Кардиопротезный психопатологический синдром,2012-06-28,Средняя,Не требуется
377,Кариес,2010-11-11,Тяжелая,Требуется
378,Кариес зубов,2012-02-10,Легкая,Не требуется
379,Карциноидный синдром,2016-06-16,Средняя,Не требуется
380,Катаракта,2017-03-18,Легкая,Не требуется
381,Квашиоркор,2012-02-17,Тяжелая,Требуется
382,Кератит,2016-05-15,Средняя,Не требуется
383,Кивательный синдром,2020-09-05,Легкая,Не требуется
384,Киста холедоха,2018-03-29,Средняя,Не требуется
385,Кисты яичников,2016-11-19,Тяжелая,Требуется
386,Кишечника болезни,2010-05-07,Легкая,Не требуется
387,Кишечный копростаз,2015-07-23,Средняя,Не требуется
388,Классическая чума,2019-03-13,Легкая,Не требуется
389,Кожная аутосенсибилизация,2015-08-16,Тяжелая,Требуется
390,Кокцигодиния,2017-09-01,Легкая,Не требуется
391,Кокцидиоз,2018-12-11,Тяжелая,Требуется
392,Колеоптерозы,2020-03-15,Легкая,Не требуется
393,Колибактериоз,2014-02-08,Средняя,Не требуется
394,Колит гистиоцитарный язвенный,2010-10-21,Тяжелая,Требуется
395,Колтун (воспаление),2014-09-19,Средняя,Не требуется
396,Контактный дерматит,2021-05-06,Легкая,Не требуется
397,Контрактура,2016-08-26,Тяжелая,Требуется
398,Контрактура Дюпюитрена,2011-05-03,Легкая,Не требуется
399,Конъюнктивит,2014-06-22,Средняя,Не требуется
400,Коровья оспа,2021-01-09,Средняя,Не требуется
401,Краниосиностоз,2010-12-05,Тяжелая,Требуется
402,Крапивница,2018-04-14,Тяжелая,Требуется
403,Красный плоский лишай,2013-02-07,Тяжелая,Требуется
404,Криптогенная организующаяся пневмония,2019-05-19,Средняя,Не требуется
405,Криптококкоз,2013-11-19,Средняя,Не требуется
406,Криптоспоридиоз,2019-09-20,Тяжелая,Требуется
407,Круп,2011-08-24,Тяжелая,Требуется
408,Крупнобляшечный парапсориаз,2011-09-01,Тяжелая,Требуется
409,Крыловидная плева,2018-03-19,Легкая,Не требуется
410,Ксантелазма,2015-09-23,Легкая,Не требуется
411,Ку-лихорадка,2019-02-09,Легкая,Не требуется
412,Кутереброз,2015-01-16,Средняя,Не требуется
413,Кушинга синдром,2014-08-02,Легкая,Не требуется
414,Лактостаз,2017-10-11,Легкая,Не требуется
415,Ламеллярный ихтиоз,2013-12-26,Средняя,Не требуется
416,Ларингит острый отек гортани,2012-11-13,Легкая,Не требуется
417,Лейкоз вирусный,2017-11-13,Средняя,Не требуется
418,Лейшманиоз,2019-07-07,Тяжелая,Требуется
419,Лептоспироз,2015-05-28,Тяжелая,Требуется
420,Лигулидоз,2021-06-12,Средняя,Не требуется
421,Лимфолейкоз,2019-01-28,Средняя,Не требуется
422,Лимфосаркома,2014-10-20,Средняя,Не требуется
423,Лимфостаз,2016-09-16,Тяжелая,Требуется
424,Лимфоцитарная интерстициальная пневмония,2016-08-29,Средняя,Не требуется
425,Лимфоцитарная инфильтрация Джесснера–Канофа,2014-11-26,Легкая,Не требуется
426,Липомеланотический ретикулёз,2019-12-24,Тяжелая,Требуется
427,Листериоз,2017-04-18,Тяжелая,Требуется
428,Лихорадка долины Рифт,2016-09-16,Средняя,Не требуется
429,Лишай - дерматомикозы,2015-04-14,Тяжелая,Требуется
430,Лишай - микроспория,2013-10-15,Средняя,Не требуется
431,Лишай - трихофития,2018-10-07,Тяжелая,Требуется
432,Ложный сустав,2010-01-23,Средняя,Не требуется
433,Лучевая болезнь,2016-11-03,Тяжелая,Требуется
434,Лямблиоз (гиардоз),2013-06-21,Легкая,Не требуется
435,Мадароз,2020-09-22,Средняя,Не требуется
436,Мазохистическое расстройство личности,2017-06-24,Средняя,Не требуется
437,Макраканторинхоз,2013-06-15,Легкая,Не требуется
438,Макроглобулинемия Вальденстрема,2017-06-29,Средняя,Не требуется
439,Макроглоссия,2011-10-24,Средняя,Не требуется
440,Макродентоз,2018-12-18,Легкая,Не требуется
441,Макропсия,2015-03-28,Легкая,Не требуется
442,Макростомия,2015-07-31,Тяжелая,Требуется
443,Макрохейлит,2019-05-02,Средняя,Не требуется
444,Макроцефалия,2014-09-10,Тяжелая,Требуется
445,Макулодистрофия сетчатки глаза,2010-01-13,Тяжелая,Требуется
446,Макулярная эдема,2017-04-29,Средняя,Не требуется
447,Малая депрессия,2019-06-08,Легкая,Не требуется
448,Маловодие,2019-06-06,Легкая,Не требуется
449,Малый размер плода,2011-06-25,Средняя,Не требуется
450,Мальабсорбция у детей,2021-01-27,Легкая,Не требуется
451,Мальабсорбция фруктозы,2014-02-13,Легкая,Не требуется
452,Мальформация Арнольда — Киари,2017-08-01,Средняя,Не требуется
453,Малярия,2021-05-22,Легкая,Не требуется
454,Маниакально-депрессивный психоз,2019-09-17,Тяжелая,Требуется
455,Маниакальный эпизод,2018-12-31,Средняя,Не требуется
456,Мания без психотических симптомов,2018-04-01,Средняя,Не требуется
457,Мания величия,2014-05-22,Легкая,Не требуется
458,Мания преследования,2010-09-20,Легкая,Не требуется
459,Мания с психотическими симптомами,2011-05-27,Средняя,Не требуется
460,Маннозидоз,2020-12-09,Легкая,Не требуется
461,Мансонеллез,2013-11-04,Тяжелая,Требуется
462,Мантийноклеточная лимфома,2016-12-21,Легкая,Не требуется
463,Марека болезнь,2013-01-26,Тяжелая,Требуется
464,Марсельская лихорадка,2010-02-23,Тяжелая,Требуется
465,Маршевая гемоглобинурия,2017-01-28,Средняя,Не требуется
466,Маршевая стопа,2019-08-20,Легкая,Не требуется
467,Мастит,2016-08-04,Тяжелая,Требуется
468,Мастоидит,2011-12-28,Тяжелая,Требуется
469,Мастопатия,2011-07-22,Средняя,Не требуется
470,Мастоцитоз,2016-11-23,Тяжелая,Требуется
471,Матка Кувелера,2011-02-16,Средняя,Не требуется
472,Маточное кровотечение,2016-02-17,Тяжелая,Требуется
473,Мегакариобластный лейкоз,2021-01-05,Легкая,Не требуется
474,Мегаколон,2017-08-15,Тяжелая,Требуется
475,Мегалокорнеа,2013-12-02,Легкая,Не требуется
476,Мегаэзофагус,2018-07-18,Средняя,Не требуется
477,Медиальный эпикондилит,2015-02-15,Легкая,Не требуется
478,Медиастинит,2020-07-08,Легкая,Не требуется
479,Медикаментозная надпочечниковая недостаточность,2018-08-25,Средняя,Не требуется
480,Медикаментозный дерматит,2011-08-03,Средняя,Не требуется
481,Медленные вирусные инфекции,2012-01-21,Тяжелая,Требуется
482,Медуллобластома,2018-06-29,Тяжелая,Требуется
483,Межпозвоночная грыжа,2019-08-09,Тяжелая,Требуется
484,Межпозвоночная грыжа пояснично-крестцового отдела позвоночника,2015-02-11,Средняя,Не требуется
485,Межреберная невралгия,2011-06-20,Тяжелая,Требуется
486,Межъядерная офтальмоплегия,2018-01-12,Средняя,Не требуется
487,Мезентериальный тромбоз,2014-11-12,Тяжелая,Требуется
488,Мезотелиома брюшины,2010-06-08,Средняя,Не требуется
489,Мезотелиома злокачественная,2019-06-09,Легкая,Не требуется
490,Мезотелиома перикарда,2015-08-31,Тяжелая,Требуется
491,Мезотелиома плевры,2018-11-27,Тяжелая,Требуется
492,Мейбомиевый блефарит,2015-05-17,Тяжелая,Требуется
493,Мейбомит,2018-08-20,Средняя,Не требуется
494,Меккелев дивертикул,2020-08-25,Средняя,Не требуется
495,Меланоз Риля,2020-11-04,Легкая,Не требуется
496,Меланома,2018-11-26,Средняя,Не требуется
497,Меланома конъюнктивы,2016-04-20,Тяжелая,Требуется
498,Меланома радужной оболочки,2021-08-08,Средняя,Не требуется
499,Меланома хориоидеи,2014-05-06,Тяжелая,Требуется
500,Меланомоопасные невусы,2016-11-25,Тяжелая,Требуется
501,Меланоформный невус головы и шеи,2018-04-14,Тяжелая,Требуется
502,Меланоформный невус губы,2020-04-24,Легкая,Не требуется
503,Меланхолия,2015-10-05,Средняя,Не требуется
504,Мелиоидоз,2012-10-01,Легкая,Не требуется
505,Мелкобляшечный парапсориаз,2019-04-27,Легкая,Не требуется
506,Мелкоклеточный рак бронха,2016-10-05,Легкая,Не требуется
507,Мелореостоз,2017-09-04,Средняя,Не требуется
508,Менингиома,2010-02-02,Легкая,Не требуется
509,Менингиома головного мозга,2010-06-13,Легкая,Не требуется
510,Менингиома зрительного нерва,2011-01-27,Легкая,Не требуется
511,Менингит,2013-10-01,Тяжелая,Требуется
512,Менингококковая инфекция,2014-09-16,Средняя,Не требуется
513,Менингококковый менингит,2012-10-09,Тяжелая,Требуется
514,Менингоэнцефалит,2020-04-24,Легкая,Не требуется
515,Мерцательная аритмия,2017-12-29,Средняя,Не требуется
516,Метаболические заболевания,2021-09-13,Тяжелая,Требуется
517,Метаболический ацидоз,2016-03-03,Тяжелая,Требуется
518,Метагонимоз,2014-07-01,Тяжелая,Требуется
519,Метаплазия,2015-12-13,Тяжелая,Требуется
520,Метастазы,2017-09-09,Легкая,Не требуется
521,Метастронгилёз,2018-09-13,Средняя,Не требуется
522,Метатарзалгия,2020-02-18,Легкая,Не требуется
523,Метахроматическая лейкодистрофия,2017-02-26,Легкая,Не требуется
524,Метгемоглобинемия,2013-11-21,Легкая,Не требуется
525,Метеоризм,2019-02-26,Тяжелая,Требуется
526,Метеорологический хейлит,2011-10-01,Тяжелая,Требуется
527,Меторхоз,2013-04-06,Тяжелая,Требуется
528,Метрит,2012-08-05,Средняя,Не требуется
529,Механическая желтуха,2016-12-05,Средняя,Не требуется
530,Миаз,2012-12-24,Тяжелая,Требуется
531,Миаз полового члена,2016-03-18,Средняя,Не требуется
532,Миалгия,2010-05-19,Тяжелая,Требуется
533,Миастенические синдромы,2011-10-16,Тяжелая,Требуется
534,Миастенический синдром Ламберта — Итона,2011-05-09,Легкая,Не требуется
535,Миастения,2015-06-12,Легкая,Не требуется
536,Миастения псевдопаралитическая тяжелая,2014-02-10,Тяжелая,Требуется
537,Мидриаз,2019-12-25,Легкая,Не требуется
538,Миелит,2010-08-19,Средняя,Не требуется
539,Миелодиспластический синдром,2010-02-06,Легкая,Не требуется
540,Миелоидная саркома,2017-03-21,Легкая,Не требуется
541,Миелома,2020-02-15,Легкая,Не требуется
542,Миеломная нефропатия,2018-06-25,Тяжелая,Требуется
543,Миелопатия при болезнях,2020-05-03,Тяжелая,Требуется
544,Миелофиброз,2015-07-17,Легкая,Не требуется
545,Микобактериоз,2017-02-10,Тяжелая,Требуется
546,Микоз,2019-08-28,Тяжелая,Требуется
547,Микоз стоп,2017-05-23,Средняя,Не требуется
548,Микозные пневмонии,2010-03-12,Легкая,Не требуется
549,Микоплазменная пневмония,2013-12-17,Тяжелая,Требуется
550,Микоплазмоз,2016-05-09,Тяжелая,Требуется
551,Микотоксикозы,2011-01-07,Легкая,Не требуется
552,Миксоматоз,2012-11-27,Тяжелая,Требуется
553,Минная стопа,2015-06-23,Легкая,Не требуется
554,Миокардит,2018-08-19,Средняя,Не требуется
555,Миома матки,2016-08-22,Легкая,Не требуется
556,Митохондриальный сахарный диабет,2015-04-21,Тяжелая,Требуется
557,Мицетома,2014-05-29,Легкая,Не требуется
558,Множественная эндокринная неоплазия типа IIb,2011-04-11,Тяжелая,Требуется
559,Мозжечковая атаксия,2013-12-31,Легкая,Не требуется
560,Мониезиоз,2020-09-09,Тяжелая,Требуется
561,Мочевыделения органов болезни,2011-04-08,Тяжелая,Требуется
562,Мочекаменная болезнь,2011-08-24,Средняя,Не требуется
563,Мочекислый диатез,2017-07-28,Средняя,Не требуется
564,Мультицептоз,2019-03-10,Средняя,Не требуется
565,Мыт,2019-12-20,Легкая,Не требуется
566,Надрыв сухожилия,2013-12-14,Легкая,Не требуется
567,Назальный миаз,2021-06-12,Тяжелая,Требуется
568,Нанофиетоз,2016-05-24,Легкая,Не требуется
569,Нарушение толерантности к глюкозе,2012-12-12,Средняя,Не требуется
570,Нарушения ритма сердечной деятельности,2011-04-03,Тяжелая,Требуется
571,Наследственная остеодистрофия Олбрайта,2013-09-10,Средняя,Не требуется
572,Наследственный микросфероцитоз,2018-12-30,Тяжелая,Требуется
573,Натуральная оспа,2019-03-09,Легкая,Не требуется
574,Невралгия тройничного нерва,2012-07-25,Тяжелая,Требуется
575,Неврит зрительного нерва,2011-12-28,Тяжелая,Требуется
576,Недостаточное раскрытие родовых путей,2015-01-07,Тяжелая,Требуется
577,Недостаточность антриовентрикулярных клапанов,2019-09-29,Легкая,Не требуется
578,Недостаточность карбамоилфосфатсинтетазы I,2021-08-15,Легкая,Не требуется
579,Недостаточность трёхстворчатого клапана,2010-05-10,Тяжелая,Требуется
580,Незаращение боталлова протока,2015-09-03,Легкая,Не требуется
581,Незидиобластоз,2019-01-07,Легкая,Не требуется
582,Нейролептический паркинсонизм,2014-05-11,Тяжелая,Требуется
583,Некробактериоз,2011-12-10,Средняя,Не требуется
584,Некроз кости,2018-08-17,Тяжелая,Требуется
585,Некроз плацентарной части стенки матки,2013-07-20,Легкая,Не требуется
586,Нематодозы,2015-03-30,Средняя,Не требуется
587,Ненормальные положения век,2013-07-10,Легкая,Не требуется
588,Неонатальный сахарный диабет,2018-07-13,Средняя,Не требуется
589,Неоспороз,2013-04-27,Тяжелая,Требуется
590,Неправильное положение ресниц,2013-12-16,Тяжелая,Требуется
591,Непроизвольное мочеиспускание,2016-02-15,Тяжелая,Требуется
592,Несахарный диабет,2012-11-06,Средняя,Не требуется
593,Несмыкание век. Заячий глаз,2014-07-13,Средняя,Не требуется
594,Нефроз. Нефротический синдром,2020-02-23,Средняя,Не требуется
595,Нефроптоз,2020-03-19,Средняя,Не требуется
596,Новообразования век,2018-07-29,Средняя,Не требуется
597,Новообразования глазницы,2020-04-01,Тяжелая,Требуется
598,Новообразования конъюнктивы,2018-10-08,Тяжелая,Требуется
599,Нормальный послеродовой период,2012-02-04,Легкая,Не требуется
600,Нутталлиоз лошадей,2014-05-04,Средняя,Не требуется
601,Ньюкаслская болезнь,2018-08-05,Средняя,Не требуется
602,Овариит,2012-03-01,Легкая,Не требуется
603,Огнестрельные раны в области орбиты,2018-09-12,Тяжелая,Требуется
604,Ожоги,2013-05-03,Тяжелая,Требуется
605,Ожоги век,2011-07-16,Тяжелая,Требуется
606,Омфалит,2012-10-10,Средняя,Не требуется
607,Онхоцеркозы,2019-03-16,Легкая,Не требуется
608,Описторхоз,2019-06-17,Легкая,Не требуется
609,Оптиконевромиелит,2018-10-31,Тяжелая,Требуется
610,Опухоли кожи и подкожной клетчатки,2016-07-15,Средняя,Не требуется
611,Опухоли костей,2016-05-23,Тяжелая,Требуется
612,Опухоли миндалин,2016-01-20,Легкая,Не требуется
613,Опухоли предстательной железы,2015-05-21,Средняя,Не требуется
614,Опухоли семенников,2017-09-02,Легкая,Не требуется
615,Опухоли слюнных желёз,2014-09-05,Средняя,Не требуется
616,Опухоли щитовидной железы,2010-10-01,Легкая,Не требуется
617,Опущение верхнего века,2014-07-11,Средняя,Не требуется
618,Орнитодороз,2013-08-27,Легкая,Не требуется
619,Орнитоз,2016-11-28,Средняя,Не требуется
620,Орхит,2016-02-07,Средняя,Не требуется
621,Основные эндокринологические синдромы,2021-02-07,Тяжелая,Требуется
622,Оспа,2013-11-02,Тяжелая,Требуется
623,Оспа карпов,2017-04-02,Средняя,Не требуется
624,Оссифицирующий миозит,2011-10-01,Средняя,Не требуется
625,Оссифицирующий периостит,2021-04-29,Легкая,Не требуется
626,Остеогенная саркома,2016-05-13,Легкая,Не требуется
627,Остеомаляция,2016-09-07,Тяжелая,Требуется
628,Остеомиелит,2019-08-11,Легкая,Не требуется
629,Остиофолликулит,2020-07-24,Легкая,Не требуется
630,Остит,2012-05-01,Тяжелая,Требуется
631,Острая интерстициальная пневмония,2016-11-10,Тяжелая,Требуется
632,Острая лучевая болезнь,2015-07-02,Тяжелая,Требуется
633,Острая печёночная недостаточность,2012-10-10,Тяжелая,Требуется
634,Острые гепатопатии,2018-01-19,Легкая,Не требуется
635,Острый асептический миозит,2010-09-28,Средняя,Не требуется
636,Острый и хронический катаральный конъюнктивит,2011-09-21,Легкая,Не требуется
637,Острый и хронический пиелонефриты,2019-09-02,Тяжелая,Требуется
638,Острый парапроктит,2016-12-31,Средняя,Не требуется
639,Острый рассеянный энцефаломиелит,2017-07-20,Средняя,Не требуется
640,Острый серозно-фибринозный тендовагинит,2012-08-16,Легкая,Не требуется
641,Острый серозный тендовагинит,2016-09-08,Легкая,Не требуется
642,Отодектоз,2017-04-28,Средняя,Не требуется
643,Отравление изониазидом,2017-11-09,Средняя,Не требуется
644,Отрыв части или всего века,2019-09-05,Средняя,Не требуется
645,Отслойка сетчатки,2013-05-05,Средняя,Не требуется
646,Отёчная болезнь поросят,2013-06-08,Тяжелая,Требуется
647,Очаговый нефрит,2019-06-02,Средняя,Не требуется
648,ППома,2010-02-06,Легкая,Не требуется
649,Падевый токсикоз пчёл,2012-03-29,Легкая,Не требуется
650,Панариций,2012-03-06,Средняя,Не требуется
651,Панартрит,2016-08-31,Средняя,Не требуется
652,Пангипопитуитаризм,2015-10-22,Тяжелая,Требуется
653,Паническое расстройство,2016-03-16,Средняя,Не требуется
654,Панкреатит,2011-12-01,Тяжелая,Требуется
655,Панкреатит острый,2019-03-25,Легкая,Не требуется
656,Панкреатическая стеаторея,2014-01-13,Легкая,Не требуется
657,Панлейкопения,2014-08-01,Тяжелая,Требуется
658,Панникулит,2011-08-23,Легкая,Не требуется
659,Панникулит Вебера — Крисчена,2017-07-19,Легкая,Не требуется
660,Панофобия,2018-04-19,Тяжелая,Требуется
661,Папиллома,2016-12-26,Средняя,Не требуется
662,Папиллома глотки,2015-07-23,Средняя,Не требуется
663,Папиллома полости рта,2012-05-10,Легкая,Не требуется
664,Папулез,2013-12-19,Легкая,Не требуется
665,Папулонекротический туберкулез кожи,2021-07-03,Легкая,Не требуется
666,Папулосквамозные изменения,2015-12-24,Тяжелая,Требуется
667,Папулёз,2015-06-24,Легкая,Не требуется
668,Параартикулярный фиброзит,2019-11-19,Средняя,Не требуется
669,Парагонимоз,2016-06-19,Средняя,Не требуется
670,Парагрипп,2011-12-20,Тяжелая,Требуется
671,Паразитарная бронхопневмония,2018-04-26,Тяжелая,Требуется
672,Паразитарные болезни,2019-05-08,Тяжелая,Требуется
673,Паразитарные краниопаги,2010-06-30,Тяжелая,Требуется
674,Паракокцидиоидомикоз,2012-01-23,Легкая,Не требуется
675,Паралитические косоглазия,2020-12-28,Легкая,Не требуется
676,Паралитический илеус и непроходимость кишечника без грыжи,2018-12-22,Тяжелая,Требуется
677,Паралич,2011-01-16,Средняя,Не требуется
678,Паралич Белла,2013-09-17,Тяжелая,Требуется
679,Паралич Дежерин-Клюмпке,2016-05-28,Легкая,Не требуется
680,Паралич блокового нерва,2012-06-30,Средняя,Не требуется
681,Паралич глазодвигательного нерва,2019-01-31,Легкая,Не требуется
682,Паралич и атония мочевого пузыря,2017-08-07,Тяжелая,Требуется
683,Паралич отводящего нерва,2021-06-10,Средняя,Не требуется
684,Паралич сопряжённого взгляда,2014-02-01,Средняя,Не требуется
685,Парамфистоматоз,2020-08-14,Средняя,Не требуется
686,Паранальный синусит,2020-07-18,Средняя,Не требуется
687,Паранефрит,2015-10-17,Легкая,Не требуется
688,Парапроктит,2013-09-27,Тяжелая,Требуется
689,Параскаридоз,2019-06-15,Легкая,Не требуется
690,Парафиляриоз (сечение),2017-06-18,Тяжелая,Требуется
691,Парвовирусный энтерит,2011-09-30,Легкая,Не требуется
692,Парез,2020-03-24,Тяжелая,Требуется
693,Парезы и параличи,2011-11-01,Средняя,Не требуется
694,Пародонтопатия,2019-10-07,Тяжелая,Требуется
695,Пароксизмальная тахикардия,2012-06-17,Легкая,Не требуется
696,Паротит,2013-06-12,Тяжелая,Требуется
697,Пастереллёз,2016-06-11,Средняя,Не требуется
698,Пентозурия,2017-01-02,Легкая,Не требуется
699,Перелом костей,2015-10-21,Средняя,Не требуется
700,Перелом костей открытый,2020-02-05,Средняя,Не требуется
701,Переломы в области орбиты,2020-12-20,Легкая,Не требуется
702,Перерождение матки,2011-05-06,Средняя,Не требуется
703,Периартикулярный фиброзит,2014-10-11,Легкая,Не требуется
704,Перивульварная пиодермия,2010-03-13,Тяжелая,Требуется
705,Перикардит,2019-07-25,Средняя,Не требуется
706,Периодонтит,2014-07-07,Средняя,Не требуется
707,Перитонит,2018-11-05,Тяжелая,Требуется
708,Персистирование плодов,2017-08-09,Тяжелая,Требуется
709,Перфорация матки,2016-12-27,Легкая,Не требуется
710,Печени и желчного пузыря болезни,2020-04-13,Тяжелая,Требуется
711,Печени цирроз,2016-06-26,Средняя,Не требуется
712,Печёночная кома,2013-11-23,Легкая,Не требуется
713,Пилороспазм,2013-10-25,Легкая,Не требуется
714,Пиометра,2020-06-27,Легкая,Не требуется
715,Пироплазмоз крупного рогатого скота,2017-11-20,Тяжелая,Требуется
716,Пироплазмоз собак,2018-07-26,Тяжелая,Требуется
717,Писчий спазм,2014-09-22,Легкая,Не требуется
718,Пищевода паралич,2012-02-20,Средняя,Не требуется
719,Плантарный фасциит,2010-05-07,Средняя,Не требуется
720,Плеврит,2013-07-01,Средняя,Не требуется
721,Пневмонии,2015-09-29,Легкая,Не требуется
722,Пневмонит,2019-11-19,Легкая,Не требуется
723,Пневмония уремическая,2011-05-22,Средняя,Не требуется
724,Пневмоторакс,2014-07-27,Легкая,Не требуется
725,Поверхностное воспаление век и свободного края,2016-12-09,Легкая,Не требуется
726,Повреждение мозга,2020-07-04,Легкая,Не требуется
727,Поджелудочной железы болезни,2013-04-13,Тяжелая,Требуется
728,Пойкилодермия Сиватта,2011-06-17,Легкая,Не требуется
729,Поликория,2018-02-12,Легкая,Не требуется
730,Полип жёлчного пузыря,2020-03-07,Легкая,Не требуется
731,Полип мочевого пузыря,2013-02-23,Средняя,Не требуется
732,Поллиноз,2013-05-25,Тяжелая,Требуется
733,Порокератоз Мибелли,2016-08-01,Тяжелая,Требуется
734,Постит,2016-07-19,Средняя,Не требуется
735,Потница,2016-08-03,Средняя,Не требуется
736,Почечная гликозурия,2011-05-16,Легкая,Не требуется
737,Почечная недостаточность,2014-05-17,Средняя,Не требуется
738,Почечный тубулярный ацидоз,2017-09-04,Средняя,Не требуется
739,Предродовая и послеродовая тетания,2018-10-12,Легкая,Не требуется
740,Преходящее нарушение мозгового кровообращения,2018-05-04,Легкая,Не требуется
741,Преэклампсия,2020-02-11,Тяжелая,Требуется
742,Приобретённые пороки сердца,2016-03-05,Средняя,Не требуется
743,Прогрессирующий супрануклеарный парез взора,2013-09-12,Тяжелая,Требуется
744,Продолжительная течка,2019-08-06,Средняя,Не требуется
745,Проктит,2020-05-07,Тяжелая,Требуется
746,Пролежень,2015-11-25,Средняя,Не требуется
747,Проникающие раны брюшной стенки,2013-12-08,Тяжелая,Требуется
748,Простатит,2012-11-06,Легкая,Не требуется
749,Простой герпес,2017-10-13,Средняя,Не требуется
750,Простой или чешуйчатый блефарит,2014-08-30,Легкая,Не требуется
751,Псевдамфистомоз,2020-03-22,Тяжелая,Требуется
752,Псевдогипоальдостеронизм,2016-01-12,Тяжелая,Требуется
753,Псевдолактация ложная щенность,2010-07-09,Тяжелая,Требуется
754,Псевдотуберкулёз,2020-04-04,Тяжелая,Требуется
755,Псориатический артрит,2011-04-16,Средняя,Не требуется
756,Пузырный занос,2019-08-19,Средняя,Не требуется
757,Пузырчатка Гужеро — Хейли — Хейли,2016-08-25,Легкая,Не требуется
758,Пузырчатка обыкновенная пемфигоид атопический дерматит,2016-01-16,Средняя,Не требуется
759,Пуллороз,2020-05-10,Легкая,Не требуется
760,Пульпит,2020-11-26,Легкая,Не требуется
761,Пятнистая лихорадка Скалистых гор,2018-12-16,Легкая,Не требуется
762,Рабдитозы,2019-03-06,Средняя,Не требуется
763,Рабдомиосаркома,2020-12-07,Средняя,Не требуется
764,Радиационное поражение,2010-11-27,Легкая,Не требуется
765,Разговоры во сне,2015-10-22,Тяжелая,Требуется
766,Раздражающий контакный дерматит,2017-09-11,Тяжелая,Требуется
767,Разрыв мочевого пузыря,2016-05-30,Средняя,Не требуется
768,Разрыв мочеточника,2018-12-19,Средняя,Не требуется
769,Разрыв сухожилия,2010-11-05,Средняя,Не требуется
770,Рак губы,2014-12-09,Тяжелая,Требуется
771,Рак поджелудочной железы,2021-06-18,Легкая,Не требуется
772,Раны,2018-01-18,Средняя,Не требуется
773,Раны и ушибы век,2016-06-21,Тяжелая,Требуется
774,Раны ушибы и пролежни,2010-10-29,Тяжелая,Требуется
775,Растяжение сухожилий,2010-06-03,Легкая,Не требуется
776,Расширение сердца,2018-05-31,Легкая,Не требуется
777,Рахит,2016-05-29,Средняя,Не требуется
778,Ревматический полиартрит,2011-02-03,Тяжелая,Требуется
779,Ревматоидный полиартрит,2015-04-30,Тяжелая,Требуется
780,Ревмокардит,2019-04-16,Легкая,Не требуется
781,Респираторный бронхиолит,2018-09-21,Тяжелая,Требуется
782,Ретенционные кисты,2010-04-29,Средняя,Не требуется
783,Ретробульбарный неврит,2010-03-15,Средняя,Не требуется
784,Риккетсии,2020-02-28,Средняя,Не требуется
785,Ринит эпистахиз лингатуллез миаз,2011-11-16,Легкая,Не требуется
786,Ринэстроз,2019-11-16,Средняя,Не требуется
787,Рожа свиней,2014-07-16,Средняя,Не требуется
788,Розацеа,2015-01-29,Средняя,Не требуется
789,Сальмонеллез,2012-10-30,Тяжелая,Требуется
790,Сальпингит,2016-12-22,Средняя,Не требуется
791,Сангвиниколёз,2017-04-09,Тяжелая,Требуется
792,Сап,2015-07-06,Тяжелая,Требуется
793,Саркоидоз,2015-10-02,Легкая,Не требуется
794,Саркоптоз,2013-07-19,Средняя,Не требуется
795,Саркоспоридиоз (саркоцистоз),2010-06-19,Средняя,Не требуется
796,Свежие рванолоскутные раны,2011-07-16,Легкая,Не требуется
797,Свиной грипп,2012-04-15,Средняя,Не требуется
798,Сдавление головного мозга,2015-02-06,Легкая,Не требуется
799,Себорейный дерматит,2013-06-18,Тяжелая,Требуется
800,Себорея,2020-08-25,Тяжелая,Требуется
801,Сепсис,2017-12-02,Легкая,Не требуется
802,Септическая и тромбоэмболическая пневмонии,2019-06-22,Средняя,Не требуется
803,Септический артрит,2010-12-02,Легкая,Не требуется
804,Серозный периостит,2013-09-10,Средняя,Не требуется
805,Сетариозы,2013-07-19,Тяжелая,Требуется
806,Сибирская язва,2012-08-03,Легкая,Не требуется
807,Сикоз,2016-02-25,Средняя,Не требуется
808,Силикатоз,2013-09-24,Средняя,Не требуется
809,Симфизарный перелом нижней челюсти,2018-09-22,Средняя,Не требуется
810,Сингамоз,2017-06-02,Средняя,Не требуется
811,Синдром Видемана — Раутенштрауха,2017-04-09,Тяжелая,Требуется
812,Синдром Гийена — Барре,2017-07-13,Средняя,Не требуется
813,Синдром Дауна,2017-09-22,Средняя,Не требуется
814,Синдром Денди — Уокера,2019-08-19,Средняя,Не требуется
815,Синдром Кавасаки,2019-02-06,Средняя,Не требуется
816,Синдром Каллмана,2016-05-18,Тяжелая,Требуется
817,Синдром Картагенера,2013-03-14,Средняя,Не требуется
818,Синдром Конна,2020-01-19,Тяжелая,Требуется
819,Синдром Ларона,2013-04-18,Средняя,Не требуется
820,Синдром Люси — Дрисколл,2021-04-05,Тяжелая,Требуется
821,Синдром Маклеода,2021-06-22,Средняя,Не требуется
822,Синдром Маллори-Вейсса,2019-03-25,Легкая,Не требуется
823,Синдром Марфана,2011-12-31,Легкая,Не требуется
824,Синдром Мебиуса,2016-08-01,Тяжелая,Требуется
825,Синдром Сиппла,2017-04-27,Легкая,Не требуется
826,Синдром Сотоса,2016-04-11,Тяжелая,Требуется
827,Синдром Тричера Коллинза,2011-07-23,Средняя,Не требуется
828,Синдром Холта-Орама,2019-11-16,Средняя,Не требуется
829,Синдром Шегрена,2021-01-23,Средняя,Не требуется
830,Синдром Шерешевского — Тёрнера,2013-11-13,Средняя,Не требуется
831,Синдром Шмидта,2015-08-14,Легкая,Не требуется
832,Синдром Эдвардса,2013-01-03,Тяжелая,Требуется
833,Синдром гипогонадотропизма,2019-12-14,Легкая,Не требуется
834,Синдром кошачьего крика,2015-07-31,Легкая,Не требуется
835,Синдром мышечной скованности,2016-04-14,Средняя,Не требуется
836,Синдром несахарного мочеизнурения,2014-05-24,Легкая,Не требуется
837,Синдром нечувствительности к эстрогенам,2014-12-06,Легкая,Не требуется
838,Синдром повреждения Неймегена,2017-02-18,Тяжелая,Требуется
839,Синдром портальной гипертензии,2015-01-05,Тяжелая,Требуется
840,Синдром постмастэктомического лимфатического отека,2020-08-03,Тяжелая,Требуется
841,Синдром преждевременного возбуждения желудочков,2015-03-09,Средняя,Не требуется
842,Синдром прорезывания зубов,2016-04-02,Средняя,Не требуется
843,Синдром раздраженного кишечника,2016-05-28,Легкая,Не требуется
844,Синдром резистентных яичников,2015-12-28,Тяжелая,Требуется
845,Синдром слепой кишечной петли,2011-01-30,Легкая,Не требуется
846,Системная красная волчанка,2012-12-09,Тяжелая,Требуется
847,Сифункулятозы жвачных,2016-06-17,Средняя,Не требуется
848,Склеивание шерсти вокруг заднего прохода,2014-03-15,Средняя,Не требуется
849,Склерома,2012-10-14,Легкая,Не требуется
850,Слабая родовая деятельность,2019-07-28,Средняя,Не требуется
851,Слабость и асфиксия,2011-03-22,Средняя,Не требуется
852,Случайные раны,2016-10-04,Тяжелая,Требуется
853,Соматостатинома,2016-01-15,Средняя,Не требуется
854,Сотрясение спинного мозга,2011-06-12,Легкая,Не требуется
855,Спастическая дисфония,2012-10-19,Легкая,Не требуется
856,Спондилёз,2015-08-27,Легкая,Не требуется
857,Сращение век с глазным яблоком,2011-11-08,Легкая,Не требуется
858,Сращение краёв век,2013-08-30,Средняя,Не требуется
859,Стафилококкоз,2012-01-26,Тяжелая,Требуется
860,Стеатогепатит,2010-06-28,Средняя,Не требуется
861,Стеатоз печени,2019-06-18,Легкая,Не требуется
862,Стеноз митрального клапана,2012-12-28,Тяжелая,Требуется
863,Стеноз устья легочной артерии,2020-09-26,Средняя,Не требуется
864,Стенокардия Принцметала,2014-02-17,Тяжелая,Требуется
865,Стойкий лентикулярный гиперкератоз Флегеля,2011-02-02,Легкая,Не требуется
866,Столбняк,2013-03-01,Тяжелая,Требуется
867,Стоматит,2017-07-28,Средняя,Не требуется
868,Стрептодермия,2016-08-08,Средняя,Не требуется
869,Субкорнеальный пустулез Снеддона — Уилкинсона,2010-12-31,Легкая,Не требуется
870,Субострия,2020-02-20,Тяжелая,Требуется
871,Сужение закупорка и заращение слёзных точек и канальцев,2014-07-10,Тяжелая,Требуется
872,Телеангиэктазия,2018-09-11,Тяжелая,Требуется
873,Тендинит,2018-07-17,Средняя,Не требуется
874,Тениаринхоз,2018-04-17,Легкая,Не требуется
875,Тениозы,2019-12-25,Тяжелая,Требуется
876,Тепловой солнечный удар,2012-06-29,Легкая,Не требуется
877,Тернидентоз,2014-05-16,Средняя,Не требуется
878,Тестикулярный микролитиаз,2020-04-13,Тяжелая,Требуется
879,Тизаниезиоз,2015-12-01,Тяжелая,Требуется
880,Токсаскаридоз,2019-01-02,Легкая,Не требуется
881,Токсаскароз,2012-01-20,Средняя,Не требуется
882,Токсидермия,2011-04-30,Тяжелая,Требуется
883,Токсикомания,2012-03-17,Легкая,Не требуется
884,Токсокароз,2019-05-26,Тяжелая,Требуется
885,Токсоплазмоз,2011-10-15,Тяжелая,Требуется
886,Томинксоз,2011-07-15,Легкая,Не требуется
887,Тонзиллит,2018-12-30,Легкая,Не требуется
888,Торакальное ранение,2014-02-17,Средняя,Не требуется
889,Торсионная дистония,2012-01-03,Легкая,Не требуется
890,Травматическая асфиксия,2020-01-05,Средняя,Не требуется
891,Травматические повреждения в области глазницы,2020-10-17,Тяжелая,Требуется
892,Травмы конъюнктивы,2021-06-27,Тяжелая,Требуется
893,Транзиторный акантолитический дерматоз Гровера,2012-08-07,Средняя,Не требуется
894,Трансмиссивная саркома,2018-06-17,Средняя,Не требуется
895,Транспозиция магистральных сосудов,2019-08-23,Средняя,Не требуется
896,Траншейная стопа,2016-09-20,Легкая,Не требуется
897,Трематодозы,2021-02-03,Тяжелая,Требуется
898,Трещины костей в области орбиты,2021-03-22,Тяжелая,Требуется
899,Трихиазис,2015-06-24,Легкая,Не требуется
900,Трихиннелёз,2011-04-24,Легкая,Не требуется
901,Тропическая лёгочная эозинофилия,2020-03-11,Тяжелая,Требуется
902,Туберкулёз,2018-10-10,Тяжелая,Требуется
903,Тубулопатии,2012-03-29,Тяжелая,Требуется
904,Туляремия,2012-05-07,Тяжелая,Требуется
905,Увеит,2017-06-08,Легкая,Не требуется
906,Укорочение глазной щели,2019-11-22,Тяжелая,Требуется
907,Унцинариоз,2010-04-26,Тяжелая,Требуется
908,Уремия,2012-11-04,Тяжелая,Требуется
909,Ушиб спинного мозга,2017-09-23,Тяжелая,Требуется
910,Фавус,2016-08-04,Средняя,Не требуется
911,Факоматозы,2018-07-04,Тяжелая,Требуется
912,Фасциолёз,2016-06-25,Легкая,Не требуется
913,Фибринозный синовит,2013-11-21,Легкая,Не требуется
914,Фибринозный тендовагинит,2021-04-04,Тяжелая,Требуется
915,Фибродисплазия,2020-07-08,Легкая,Не требуется
916,Фиброз,2015-01-30,Средняя,Не требуется
917,Фиброз печени,2018-02-16,Легкая,Не требуется
918,Фиброзно-кавернозный туберкулез,2018-03-03,Тяжелая,Требуется
919,Фиброзно-кистозная мастопатия,2017-03-19,Легкая,Не требуется
920,Фиброзный периостит,2014-05-14,Средняя,Не требуется
921,Фиброзный тиреоидит,2013-06-11,Легкая,Не требуется
922,Фиброма,2014-08-05,Средняя,Не требуется
923,Фиброма носоглотки,2018-02-21,Средняя,Не требуется
924,Фиброма полости рта,2017-06-06,Легкая,Не требуется
925,Фибромиалгия,2018-02-15,Средняя,Не требуется
926,Фибросаркома,2015-09-13,Легкая,Не требуется
927,Фибросклероз молочной железы,2011-03-28,Легкая,Не требуется
928,Фиброторакс,2015-09-14,Средняя,Не требуется
929,Филяриатоз,2016-05-15,Средняя,Не требуется
930,Филяриатоз лимфатический,2013-01-18,Легкая,Не требуется
931,Фимоз,2011-02-05,Средняя,Не требуется
932,Фитофотодерматит,2017-11-30,Средняя,Не требуется
933,Флебит,2014-02-21,Средняя,Не требуется
934,Флебит воротной вены,2015-07-28,Средняя,Не требуется
935,Флеботодермия,2019-09-07,Легкая,Не требуется
936,Флегмона,2015-08-14,Легкая,Не требуется
937,Флегмона глазницы,2012-08-09,Легкая,Не требуется
938,Флегмонозный конъюнктивит,2014-03-22,Тяжелая,Требуется
939,Фляктенулёзный конъюнктивит,2013-02-19,Легкая,Не требуется
940,Фолликулярный конъюнктивит,2018-12-17,Тяжелая,Требуется
941,Форидоз,2018-01-12,Средняя,Не требуется
942,Фотодерматоз,2018-03-16,Средняя,Не требуется
943,Функциональная изжога,2012-11-18,Средняя,Не требуется
944,Фурункулез,2015-10-19,Легкая,Не требуется
945,Хабертиоз,2011-12-14,Средняя,Не требуется
946,Хейлетоз,2012-09-17,Тяжелая,Требуется
947,Хейлит,2014-03-08,Легкая,Не требуется
948,Хейлоспирулёз,2017-10-02,Тяжелая,Требуется
949,Хиостронгилёз,2012-05-17,Тяжелая,Требуется
950,Хламидиоз,2015-07-12,Легкая,Не требуется
951,Хориокарцинома,2016-04-05,Тяжелая,Требуется
952,Хориоптоз,2013-09-11,Средняя,Не требуется
953,Хронический асептический дерматит,2016-07-04,Легкая,Не требуется
954,Хронический диффузный гломерулонефрит,2020-02-20,Легкая,Не требуется
955,Хронический лихеноидный кератоз,2018-01-28,Тяжелая,Требуется
956,Хронический серозный синовит,2019-04-20,Легкая,Не требуется
957,Ценуроз церебральный,2021-04-27,Тяжелая,Требуется
958,Цервицит,2014-08-15,Тяжелая,Требуется
959,Цестодозы,2014-05-15,Средняя,Не требуется
960,Циклопия,2014-08-29,Тяжелая,Требуется
961,Цистит,2018-06-22,Средняя,Не требуется
962,Цистицеркоз,2017-10-06,Легкая,Не требуется
963,Цистоизоспороз,2017-03-26,Средняя,Не требуется
964,Цитомегаловирусная инфекция,2012-12-21,Средняя,Не требуется
965,Штукатурный кератоз,2015-11-28,Тяжелая,Требуется
966,Щенность и пиометра,2016-09-11,Тяжелая,Требуется
967,Эбола вирус,2018-10-10,Легкая,Не требуется
968,Эвритремоз,2010-12-19,Тяжелая,Требуется
969,Эдемагеноз,2015-10-07,Легкая,Не требуется
970,Эзофагит,2011-02-11,Тяжелая,Требуется
971,Эзофагостомозы,2014-02-27,Средняя,Не требуется
972,Эймериоз КРС,2011-09-16,Тяжелая,Требуется
973,Экзема,2010-07-10,Средняя,Не требуется
974,Экзокринная недостаточность,2010-11-05,Легкая,Не требуется
975,Экзостоз,2011-08-24,Тяжелая,Требуется
976,Экстрамаммарная болезнь Педжета,2021-05-28,Средняя,Не требуется
977,Экстрофия мочевого пузыря,2014-10-22,Легкая,Не требуется
978,Эктопия сердца,2016-03-28,Средняя,Не требуется
979,Эктопия шейки матки,2019-07-07,Легкая,Не требуется
980,Эктродактилия,2016-10-01,Тяжелая,Требуется
981,Эктропион шейки матки,2019-07-03,Легкая,Не требуется
982,Эмболотромбоз магистральных артерий,2018-01-17,Средняя,Не требуется
983,Эмфизема лёгких,2015-03-17,Тяжелая,Требуется
984,Эмфизематозный карбункул,2021-08-02,Средняя,Не требуется
985,Эндартериит,2014-06-24,Средняя,Не требуется
986,Эндометрит хронический,2010-12-02,Легкая,Не требуется
987,Энтеровирусный гепатит,2011-01-16,Легкая,Не требуется
988,Энтероколит,2018-05-18,Средняя,Не требуется
989,Энцефалит,2020-02-09,Легкая,Не требуется
990,Энцефалопатия,2010-03-06,Легкая,Не требуется
991,Эпидидимит,2013-12-18,Средняя,Не требуется
992,Эстрогения,2017-02-13,Тяжелая,Требуется
993,Эстроз,2021-03-05,Легкая,Не требуется
994,Эхинококкоз,2011-06-22,Легкая,Не требуется
995,Эшерихиоз,2018-06-15,Тяжелая,Требуется
996,Ювенильный идиопатический артрит,2013-02-17,Легкая,Не требуется
997,Ядерная желтуха,2015-04-17,Легкая,Не требуется
998,Язва желудка,2011-01-05,Тяжелая,Требуется
999,Язвенный блефарит,2016-07-17,Средняя,Не требуется
1000,Ящур,2019-04-02,Легкая,Не требуется
