1,АВАТЕК 15 % СС,Требуется,26,3650,2011-11-15
2,АВЕРОФАРМ,Требуется,18,2150,2020-01-21
3,АВЕРСЕКТ - 2,Требуется,18,9400,2021-02-07
4,АВЕРСЕКТ К&C,Не требуется,24,4100,2015-11-23
5,АВЕРСЕКТ-2 ВК,Не требуется,5,4800,2012-04-09
6,АВЕРТЕЛЬ,Не требуется,15,3900,2020-01-01
7,АВИЗИМ 1100,Требуется,6,5400,2018-02-24
8,АВИЗИМ 1200,Не требуется,20,9600,2010-11-16
9,АВИЗИМ 1300,Требуется,25,4100,2011-04-21
10,АВИЗИМ 1500,Требуется,22,5150,2016-03-13
11,АВИМУТИН ГИДРО,Требуется,5,2450,2016-03-07
12,АГИТА 10 WG,Требуется,7,6150,2011-09-06
13,АГИФЛАЙ,Не требуется,26,6750,2021-03-25
14,АДВАНТЕЙДЖ 40,Не требуется,6,1850,2019-05-29
15,АДВАНТЕЙДЖ 80,Не требуется,30,8600,2013-10-05
16,АДВАНТИКС,Не требуется,29,6650,2014-01-16
17,АДВОКАТ,Требуется,14,6200,2010-01-23
18,АЗИКАН,Требуется,30,2450,2018-01-30
19,АЗИНОКС,Не требуется,27,2100,2018-07-29
20,АЗИНОКС ПЛЮС,Требуется,22,6450,2021-02-16
21,АЗИПИРИН,Требуется,6,1150,2016-01-12
22,АЗИТРОНИТ,Не требуется,22,4650,2021-01-11
23,АЗОКСИВЕТ,Требуется,5,9000,2019-04-13
24,АЙНИЛ 1%,Не требуется,18,9550,2020-10-31
25,АЙНИЛ 10 %,Требуется,30,8050,2011-04-03
26,АЙРОНБУСТЕР,Требуется,20,9850,2013-11-03
27,АЙСИДИВИТ,Требуется,27,5150,2010-01-20
28,АКАРАСАН,Не требуется,25,6400,2021-07-10
29,АКАРОМЕКТИН,Не требуется,13,4100,2015-01-20
30,АКВАРЭТ-КОНЦЕНТРАТ,Требуется,23,6450,2020-01-12
31,АКВАРЭТ-ПРИМАНКА,Требуется,27,8550,2015-11-30
32,АКВИМАГ,Требуется,5,7450,2013-12-29
33,АКРОЗОЛЬ,Требуется,8,4450,2020-10-22
34,АЛАМИЦИН LA 300,Требуется,23,8500,2015-02-20
35,АЛАМИЦИН АЭРОЗОЛЬ,Не требуется,20,1950,2012-08-25
36,АЛЗАН,Не требуется,5,1150,2011-09-12
37,АЛИЗИН,Требуется,12,8550,2011-06-14
38,АЛЛЕРВЕТ 1%,Требуется,11,6850,2020-04-03
39,АЛЛЕРДЕРМ СПОТ-ОН,Требуется,12,9500,2012-08-09
40,АЛЬБАЗЕН,Требуется,13,6300,2011-04-03
41,АЛЬБАЗЕН 10 %,Не требуется,23,3050,2011-10-03
42,АЛЬБАЗЕН 20 %,Требуется,13,7650,2018-01-31
43,АЛЬБАМЕЛИН,Не требуется,17,2100,2011-10-22
44,АЛЬБЕН,Требуется,27,2000,2019-09-12
45,АЛЬБЕН ГРАНУЛЫ,Не требуется,20,6250,2011-12-27
46,АЛЬБЕН С,Требуется,23,9750,2011-01-11
47,АЛЬБЕНДАЗОЛ ГРАНУЛЯТ 10 %,Требуется,21,6800,2010-09-26
48,АЛЬБЕНДАЗОЛ СУСПЕНЗИЯ 10 %,Не требуется,18,9800,2019-11-09
49,АЛЬБЕНДАЗОЛ СУСПЕНЗИЯ 2.5%,Требуется,19,2400,2019-08-31
50,АЛЬБЕНДАЗОЛ ТАБЛЕТКИ 18 %,Требуется,9,4550,2019-02-16
51,АЛЬВЕСОЛ,Не требуется,12,4800,2010-05-05
52,АЛЬВЕТ,Не требуется,13,2300,2019-04-13
53,АЛЬВЕТ СУСПЕНЗИЯ,Требуется,19,5200,2019-05-20
54,АЛЬГАФЕРРИН,Не требуется,28,3500,2015-01-18
55,АЛЬФА ВЕТ,Не требуется,27,1550,2013-11-17
56,АЛЮМИНИУМ-СПРЕЙ,Не требуется,22,8750,2017-09-22
57,АМИДЕЛЬ-ГЕЛЬ,Не требуется,25,4800,2010-10-10
58,АМИЛОСУБТИЛИН Г3Х,Не требуется,19,6300,2011-12-09
59,АМИНОВИТАЛ,Требуется,25,1150,2019-01-16
60,АМИПОЛ–Т,Не требуется,18,8350,2018-04-10
61,АМИТ,Требуется,23,8950,2012-11-14
62,АМИТ ФОРТЕ,Не требуется,29,9750,2013-03-16
63,АМИТАН-1,Требуется,23,7400,2011-03-08
64,АМИТАН-2,Не требуется,20,4200,2015-08-27
65,АМИТАН-3,Требуется,25,7400,2018-05-09
66,АМОКСИКЛАВ БОЛЮСЫ,Требуется,22,3200,2019-12-02
67,АМОКСИКЛАВ ПОРОШОК,Требуется,7,2750,2015-06-22
68,АМОКСИМАГ,Не требуется,17,6700,2014-05-31
69,АМОКСИСАН,Не требуется,21,5100,2013-02-15
70,АМОКСИЦИЛЛИН 10 % ПОРОШОК,Не требуется,26,8000,2020-07-13
71,АМОКСИЦИЛЛИН 15 %,Не требуется,5,4350,2021-04-25
72,АМОКСИЦИЛЛИН 15%,Не требуется,25,5400,2012-10-21
73,АМОКСИЦИЛЛИН 150,Требуется,29,3250,2018-09-12
74,АМОКСОИЛ РЕТАРД,Не требуется,18,7900,2021-01-09
75,АМПРОБЕЛ,Не требуется,18,6150,2010-12-26
76,АМПРОЛИУМ 30%,Требуется,29,6250,2020-03-13
77,АМПРОЛИУМ-25,Требуется,28,1800,2015-05-06
78,АМУРИЛ 50 %,Требуется,27,9700,2013-11-19
79,АМУС,Не требуется,7,8000,2019-03-29
80,АНАЛЬГИВЕТ,Не требуется,15,5600,2015-01-27
81,АНАНДИН,Требуется,17,6900,2021-08-05
82,АНАНДИН ПЛЮС,Требуется,28,1500,2011-08-23
83,АНЗАЦИКЛИН,Не требуется,7,6650,2021-07-19
84,АНОТЕН,Не требуется,9,7200,2012-08-13
85,АНТИ-ФЛИ СПРЕЙ,Не требуется,20,9750,2017-08-11
86,АНТИБАК 100,Не требуется,28,9950,2011-09-23
87,АНТИБАК 250,Не требуется,22,3150,2010-10-27
88,АНТИБАК 2500,Не требуется,12,2200,2013-08-01
89,АНТИБАК 500,Требуется,8,2300,2019-09-19
90,АНТИГЕНЫ ЯЩУРНЫЕ,Требуется,14,3550,2018-10-24
91,АНТИПАР,Требуется,17,5300,2011-08-08
92,АНТИСЕДАН,Требуется,9,2850,2015-12-05
93,АНТИФЛИ КАПЛИ ИНСЕКТО-АКАРИЦИДНЫЕ,Требуется,9,7350,2018-04-12
94,АПИАСК полоски,Не требуется,22,9000,2012-09-13
95,АПИАСК порошок,Требуется,5,9850,2015-09-08
96,АПИГЕЛЬ,Не требуется,30,2650,2011-05-27
97,АПИДЕЗ,Требуется,28,2050,2017-05-06
98,АПИЛИНОЛ,Не требуется,18,8900,2016-04-30
99,АПИМИЛ,Не требуется,9,5850,2021-06-26
100,АПИРОЙ,Требуется,25,2000,2020-08-31
101,АПИСИЛ,Требуется,18,7900,2015-05-24
102,АПИСТАН,Не требуется,12,8850,2019-06-12
103,АПИСТИМ,Требуется,17,2000,2016-12-21
104,АПКАРД,Требуется,6,7200,2013-01-16
105,АПОКВЕЛ,Не требуется,18,6400,2018-08-07
106,АПРАМИЦИН,Не требуется,20,1050,2011-12-28
107,АПРАМИЦИН ПОРОШОК,Не требуется,14,4200,2010-12-08
108,АПРАМИЦИНА СУЛЬФАТА 20% РАСТВОР,Требуется,15,3000,2013-03-25
109,АПТЕРИН,Требуется,5,6000,2018-02-08
110,АПТЕРИН-КОГОТЬ,Не требуется,16,1300,2018-06-20
111,АРАТАМ-БРИКЕТЫ,Требуется,9,5250,2012-03-31
112,АРАТАМ-КОНЦЕНТРАТ,Требуется,11,8450,2012-02-11
113,АРАТАМ-ПРИМАНКА,Не требуется,15,5450,2019-10-08
114,АРГУМИСТИН 0.001% и 0.005%,Требуется,25,9600,2010-04-12
115,АРМАЦИД,Не требуется,26,2650,2014-07-28
116,АРТРОВЕТ КОМПЛЕКС,Не требуется,24,5050,2018-09-05
117,АРТРОГЛИКАН,Не требуется,30,1300,2012-01-08
118,АСД – 2,Требуется,23,1800,2020-07-27
119,АСД – 3,Требуется,13,6450,2018-06-18
120,АСЕПТИК-МЛ,Не требуется,19,6300,2016-05-17
121,АСЕПТИК-СПЕЦИАЛЬ,Не требуется,28,9850,2010-07-25
122,АСЕПУР,Не требуется,22,7700,2013-06-02
123,АСК-70,Требуется,23,2300,2020-07-15
124,АСКОВЕТ,Требуется,27,9500,2010-11-01
125,АСКОНАЗОЛ,Требуется,30,8050,2011-01-07
126,АСКОПОЛ,Не требуется,21,4350,2016-12-03
127,АСКОСАН,Требуется,9,2300,2010-01-15
128,АТИМПАНОЛ,Требуется,5,4300,2015-02-15
129,АТОПИКА,Требуется,5,6800,2021-09-15
130,АТРАУМАН АГ,Не требуется,24,2650,2016-10-31
131,АФАСЦИЛ,Не требуется,7,1850,2017-09-16
132,АФЛОГИЛЕКС ГЕЛЬ 0.02 %,Требуется,9,5700,2021-06-01
133,АФЛОГИЛЕКС РАСТВОР ДЛЯ ИНЪЕКЦИЙ 0.1 %,Требуется,26,3400,2018-02-13
134,АЦИДОКС,Требуется,30,4450,2015-04-13
135,АЦИЛОМАГ,Требуется,14,4150,2018-08-30
136,АЭРАЛЬФАМ,Требуется,16,4650,2014-06-15
137,БАБЕЗАН 4% и 12% РАСТВОР ДЛЯ ИНЬЕКЦИЙ,Требуется,7,8900,2021-06-08
138,БАЙКОКС 2.5%,Не требуется,13,9600,2018-06-04
139,БАЙКОКС 5%,Не требуется,5,7250,2020-05-04
140,БАЙМАЙТ,Требуется,8,7700,2014-04-01
141,БАЙМЕК,Требуется,19,1550,2016-01-10
142,БАЙМИЦИН АЭРОЗОЛЬ,Не требуется,13,8200,2012-11-27
143,БАЙОКЛАВ IMM LC,Не требуется,21,4700,2013-12-06
144,БАЙОКЛОКС DC,Не требуется,19,7300,2019-03-06
145,БАЙОФЛАЙ ПУР-ОН,Требуется,9,1300,2013-10-22
146,БАЙТЕКС 40 % С. П.,Требуется,28,4150,2011-10-09
147,БАЙТРИЛ 10 % Раствор для инъекций,Не требуется,24,2200,2013-03-10
148,БАЙТРИЛ 10 % Раствор для орального применения,Не требуется,11,2550,2013-11-22
149,БАЙТРИЛ 2.5 %,Не требуется,6,9300,2019-01-06
150,БАЙТРИЛ 5 %,Требуется,23,1300,2018-12-08
151,БАЙТРИЛ МАКС 10 % Раствор для инъекций,Не требуется,22,8050,2019-03-03
152,БАЙЦИДАЛ ВП 25,Не требуется,17,1800,2018-06-26
153,БАКСИН,Требуется,13,3750,2019-12-19
154,БАКТОНЕОТИМ,Требуется,22,1450,2010-02-26
155,БАКТОПОЛ,Требуется,13,3600,2013-11-20
156,БАЛЬЗАМ БАКТИВЕТ С АСД,Требуется,8,5200,2016-07-31
157,БАЛЬЗАМ ДОРОГОВОЙ,Требуется,21,8300,2011-09-25
158,БАЛЬЗАМ-ОПОЛАСКИВАТЕЛЬ ЛЕСНОЙ,Не требуется,24,2150,2011-07-24
159,БАЛЬЗАМ-ОПОЛАСКИВАТЕЛЬ МОРСКОЙ,Не требуется,27,4900,2013-01-27
160,БАРС КАПЛИ ИНСЕКТО-АКАРИЦИДНЫЕ,Требуется,9,6700,2017-10-06
161,БАРС КАПЛИ УШНЫЕ,Не требуется,24,6800,2017-04-20
162,БАРС ЛОСЬОН ДЛЯ ЧИСТКИ УШЕЙ,Не требуется,6,8500,2012-04-05
163,БАРС ОШЕЙНИК ИНСЕКТО-АКАРИЦИДНЫЙ,Требуется,12,10000,2011-10-02
164,БАРС СПРЕЙ ИНСЕКТО-АКАРИЦИДНЫЙ,Не требуется,23,7100,2020-07-12
165,БАРС ФОРТЕ КАПЛИ ИНСЕКТО-АКАРИЦИДНЫЕ,Требуется,8,8050,2016-10-20
166,БАРС ФОРТЕ КАПЛИ УШНЫЕ,Не требуется,26,7350,2011-03-14
167,БАЦИЛИХИН,Не требуется,6,1450,2012-03-26
168,БЕЙСИК,Требуется,13,7800,2020-08-01
169,БЕНЗИЛПЕНИЦИЛЛИН НАТРИЕВАЯ СОЛЬ,Не требуется,27,5650,2012-02-16
170,БЕСТ ИН ШОУ,Не требуется,14,4400,2017-09-17
171,БЕТАМОКС LA,Не требуется,11,6100,2014-10-04
172,БЕТАФИН S1,Требуется,9,2300,2013-05-01
173,БИАНОЛ,Не требуется,7,7150,2019-08-21
174,БИВАРООЛ,Требуется,24,8250,2014-12-03
175,БИВЕРМЕКТИН,Не требуется,20,7450,2021-06-06
176,БИЛОЗИН-200,Требуется,20,7050,2021-06-04
177,БИМЕКТИН,Не требуется,28,3500,2018-02-20
178,БИМОКСИЛ LА,Требуется,20,2600,2012-10-11
179,БИНАКАР,Требуется,15,1500,2013-03-13
180,БИО-МОС,Требуется,6,6800,2012-02-24
181,БИОВАК,Требуется,18,8050,2011-01-17
182,БИОВЕРМИН ПОРОШОК,Требуется,26,2600,2017-03-21
183,БИОВЕТАЛЬГИН инъекционный,Требуется,10,4600,2020-10-23
184,БИОВИТ,Требуется,9,4200,2014-03-09
185,БИОВИТ Р-150,Требуется,15,7800,2016-04-25
186,БИОГЕЛЬ 10,Не требуется,20,4050,2019-06-26
187,БИОГЕЛЬ 5,Не требуется,11,9600,2016-01-29
188,БИОЗОЛЬ,Требуется,7,10000,2012-01-28
189,БИОКОРРЕКТОР РД,Не требуется,22,5350,2014-02-27
190,БИОЛИЗ,Не требуется,19,7400,2015-08-26
191,БИОЛИЗИН АРТРО ДЛЯ ДОГООБРАЗНЫХ ПОРОД,Не требуется,18,9800,2010-03-14
192,БИОЛИЗИН АРТРО ДЛЯ ОХОТНИЧЬИХ И СЛУЖЕБНО-СПОРТИВНЫХ ПОРОД,Требуется,6,1900,2019-01-11
193,БИОМЕТРОСАНИТ,Требуется,19,1250,2018-09-28
194,БИОНОР,Требуется,15,8550,2020-05-14
195,БИОПЛЮС 2Б,Требуется,21,6550,2017-04-20
196,БИОР-1,Требуется,8,7900,2017-02-18
197,БИОР-Н,Требуется,25,4650,2013-12-28
198,БИОРЕКС-ГХ,Не требуется,6,1850,2020-10-15
199,БИОРИТМ-КОНТРОЛЬ,Не требуется,10,7800,2017-04-21
200,БИОСАНИТ,Не требуется,15,6050,2014-01-27
201,БИОСОЛВ ПЛЮС,Не требуется,10,1300,2021-01-17
202,БИОТЕК,Требуется,10,3350,2015-05-07
203,БИОФАРМ-120,Требуется,11,4650,2016-10-22
204,БИОФОМ,Не требуется,24,7400,2015-10-02
205,БИОЦЕФИТ,Требуется,27,3550,2019-08-22
206,БИПИН,Не требуется,24,3550,2020-10-26
207,БИПИН-Т,Не требуется,30,8450,2016-08-17
208,БИФИДУМ-СХЖ,Требуется,29,6700,2019-10-11
209,БЛОХНЭТ КАПЛИ ИНСЕКТО-АКАРИЦИДНЫЕ,Не требуется,19,9300,2011-01-27
210,БЛОХНЭТ СПРЕЙ ИНСЕКТО-АКАРИЦИДНЫЙ,Требуется,12,4100,2018-12-24
211,БОЛЬФО АЭРОЗОЛЬ,Требуется,17,2650,2019-02-12
212,БОЛЬФО ПУДРА,Не требуется,16,3550,2010-06-24
213,БОЛЬФО ШАМПУНЬ,Требуется,8,9550,2013-04-10
214,БОНХАРЕН,Требуется,19,7600,2013-04-28
215,БОНХАРЕН ФОРТЕ,Требуется,18,9150,2020-05-24
216,БРАВЕКТО,Не требуется,17,4150,2011-05-03
217,БРАВЕКТО СПОТ ОН,Требуется,18,8600,2021-03-26
218,БРАНОЛИНД Н,Требуется,20,9100,2016-05-09
219,БРОМКОЛИН,Не требуется,22,4000,2016-02-13
220,БРОМОДОКС,Требуется,14,2600,2021-01-20
221,БРОМОСЕПТ-50,Требуется,28,6000,2014-12-12
222,БУТОКС 50,Не требуется,25,4350,2017-07-09
223,БУТОКС 7.5,Требуется,15,9200,2011-05-03
224,ДАНА КАПЛИ ИНСЕКТО-АКАРИЦИДНЫЕ,Не требуется,28,5700,2018-06-17
225,ДАНА СПРЕЙ ИНСЕКТО-АКАРИЦИДНЫЙ,Не требуется,23,5900,2018-09-24
226,ДАНА УЛЬТРА КАПЛИ ИНСЕКТО-АКАРИЦИДНЫЕ,Не требуется,9,6100,2015-07-11
227,ДАНА УЛЬТРА ОШЕЙНИК ПРОТИВОПАРАЗИТАРНЫЙ,Не требуется,14,5300,2020-04-11
228,ДЕГОТЬ,Требуется,12,8400,2014-02-09
229,ДЕЗ-1,Не требуется,9,2200,2016-05-06
230,ДЕЗАМИН,Требуется,14,4050,2019-03-07
231,ДЕЗАЦИД,Не требуется,22,8250,2019-09-13
232,ДЕЗИНПОЛ,Требуется,16,7700,2021-07-09
233,ДЕЗИНФЕКСАН,Требуется,12,9350,2011-03-05
234,ДЕКОР-1,Требуется,20,6300,2013-10-13
235,ДЕКОР-2,Не требуется,9,4850,2015-01-26
236,ДЕКСАВЕТ 0.4%,Требуется,9,6900,2021-08-10
237,ДЕКСАФОРТ,Не требуется,19,4150,2012-05-15
238,ДЕКТА,Не требуется,10,2950,2015-10-12
239,ДЕКТА-2,Не требуется,26,5200,2018-04-10
240,ДЕКТОМАКС,Требуется,24,2300,2019-06-12
241,ДЕЛЕГОЛЬ,Требуется,26,7300,2013-11-13
242,ДЕМОС,Требуется,29,9550,2010-05-24
243,ДеМоС,Требуется,30,2800,2017-01-11
244,ДЕМОС-ЛЮКС,Требуется,12,9550,2016-05-15
245,ДЕНАГАРД 10 % ПОРОШОК,Требуется,15,1550,2017-11-06
246,ДЕННИЦА ГЕЛЬ,Требуется,18,7200,2015-08-12
247,ДЕНТАВЕДИН,Требуется,13,8750,2018-08-28
248,ДЕПОЛЕН,Не требуется,26,8000,2011-04-15
249,ДЕРАТ ТВЕРДЫЕ БРИКЕТЫ,Не требуется,28,7650,2016-09-10
250,ДЕРМАТОЗОЛЬ,Не требуется,11,1000,2020-07-18
251,ДЕРМИКОЦИД,Не требуется,19,2700,2015-07-07
252,ДЕТОКС,Требуется,30,8150,2010-10-23
253,ДЕФТОРФОСФАТ КОРМОВОЙ,Не требуется,9,4550,2021-08-21
254,ДЕХИНЕЛ ПЛЮС ДЛЯ СОБАК,Не требуется,28,8450,2020-06-19
255,ДЕХИНЕЛ ПЛЮС ДЛЯ СОБАК СО ВКУСОМ МЯСА,Не требуется,5,3450,2021-07-06
256,ДЖИМКЕТ УРИНАРИ ПАСТА,Не требуется,10,9400,2014-10-16
257,ДИАГЕЛЬ,Не требуется,6,1050,2017-11-07
258,ДИАГНОСТИКУМЫ ЭРИТРОЦИТАРНЫЕ ТИПОСПЕЦИФИЧЕСКИЕ,Не требуется,23,6700,2018-07-20
259,ДИАЗИНОН С,Не требуется,16,9550,2017-03-28
260,ДИАРИН,Не требуется,20,9250,2018-09-23
261,ДИАРКАН,Требуется,30,3750,2017-06-19
262,ДИГИТОН капли,Не требуется,26,8600,2016-03-22
263,ДИЕНОМАСТ,Не требуется,5,2400,2018-05-18
264,ДИЗПАРКОЛ,Требуется,27,5800,2019-05-18
265,ДИКЛАКОКС ФОРТЕ,Требуется,27,5250,2016-03-22
266,ДИКСАМ,Требуется,12,5950,2013-07-12
267,ДИОКСИДИН 1 % РАСТВОР,Требуется,10,2900,2013-09-28
268,ДИОКСИЛАН 1 % РАСТВОР,Требуется,22,7500,2018-07-27
269,ДИОМЕТР,Не требуется,23,5550,2017-11-29
270,ДИОФУР,Не требуется,16,5400,2020-08-05
271,ДИПАЛ КОНЦЕНТРАТ,Требуется,27,3600,2019-11-06
272,ДИПЕНТАВАК,Требуется,20,8550,2013-02-24
273,ДИПРОВАН,Требуется,10,2650,2014-10-15
274,ДИПРОКАРБ,Требуется,19,9900,2012-07-29
275,ДИРОНЕТ СУСПЕНЗИЯ,Не требуется,29,5600,2019-08-17
276,ДИРОФЕН ТАБЛЕТКИ,Не требуется,18,4650,2015-01-16
277,ДИРОФЕН-ПАСТА,Не требуется,14,5600,2012-03-07
278,ДИРОФЕН-СУСПЕНЗИЯ,Требуется,29,3300,2011-02-04
279,ДИТРИМ,Не требуется,5,3450,2017-03-17
280,ДИТРИМ ПОРОШОК,Требуется,6,5200,2010-05-15
281,ДИФЕНАЦИН 1 % МАСЛЯНЫЙ РАСТВОР (МРД),Требуется,30,5350,2010-12-02
282,ДИФЕНАЦИН СУБСТАНЦИЯ,Требуется,12,1750,2014-11-24
283,ДИФУМАСТ,Требуется,14,5650,2017-11-06
284,ДИФУР,Не требуется,13,9650,2015-10-07
285,ДИФУРОЛ А,Не требуется,6,8250,2011-07-07
286,ДИФУРОЛ Б,Не требуется,8,6900,2020-04-15
287,ДМ СИД-С,Требуется,28,3950,2017-09-29
288,ДОБРОГРЫЗЯ,Не требуется,21,8100,2019-08-22
289,ДОБРОКОТЯ,Не требуется,30,8950,2016-03-14
290,ДОБРОПЁСА,Не требуется,14,6800,2019-10-20
291,ДОКСИВИТ 10 %,Не требуется,7,5100,2013-07-15
292,ДОКСИКЛИН 20 %,Не требуется,14,4450,2014-11-08
293,ДОКСИЛОКС,Требуется,16,5950,2012-12-15
294,ДОКСИМАГ,Требуется,27,4400,2014-06-20
295,ДОКСИМАГ-О,Требуется,22,9700,2013-11-10
296,ДОКСИМЕТРИН,Не требуется,28,3050,2020-05-16
297,ДОМИТОР,Требуется,30,4550,2015-12-26
298,ДОРБЕН,Требуется,25,4850,2018-04-13
299,ДОРИН,Не требуется,11,2250,2010-08-22
300,ДОРИН-Р,Не требуется,6,3150,2014-03-25
301,ДОСАЛИД,Требуется,7,8150,2020-01-12
302,ДОСТИМ,Не требуется,26,5550,2011-03-09
303,ДП 2,Не требуется,11,2900,2011-07-28
304,ДП-2Т,Не требуется,22,8250,2018-06-10
305,ДРАКСИН,Требуется,11,9800,2017-11-01
306,ДРОЖЖИ ПИВНЫЕ,Требуется,30,4400,2019-08-14
307,ДРОЖЖИ-СФК,Требуется,6,2350,2017-09-26
308,ДРОНТАЛ ДЖУНИОР,Требуется,5,6850,2013-10-01
309,ДРОНТАЛ,Требуется,27,9850,2011-12-05
310,ДРОНТАЛ ПЛЮС,Требуется,16,1600,2018-11-28
311,ДЮФАЛАЙТ,Требуется,12,1350,2012-03-25
312,КEТОНИЛ,Не требуется,11,4250,2012-02-14
313,КАЙОД,Не требуется,8,3100,2011-12-09
314,КАЛИЯ ЙОДАТ СУБСТАНЦИЯ,Не требуется,17,1400,2016-02-03
315,КАЛИЯ ЙОДИД СУБСТАНЦИЯ,Требуется,13,5400,2013-06-03
316,КАЛЬВОМИЛК-12,Требуется,22,1350,2014-12-04
317,КАЛЬВОМИЛК-16,Требуется,26,5700,2019-07-18
318,КАЛЬФОСЕТ,Не требуется,22,2800,2020-05-12
319,КАЛЬФОСТОНИК,Не требуется,13,2150,2015-05-09
320,КАЛЬЦЕНОН,Требуется,9,7850,2016-09-23
321,КАЛЬЦЕФИТ-1,Не требуется,10,9200,2011-09-10
322,КАЛЬЦЕФИТ-14,Требуется,15,5550,2011-05-16
323,КАЛЬЦЕФИТ-15,Требуется,15,4850,2020-03-15
324,КАЛЬЦИТАТ С50,Не требуется,18,5350,2015-08-19
325,КАЛЬЦИЯ БОРГЛЮКОНАТ (МАГ),Требуется,6,7150,2014-02-09
326,КАЛЬЦИЯ БОРГЛЮКОНАТ (Нита),Требуется,25,5900,2019-01-26
327,КАМЕДОН,Требуется,21,3800,2011-08-09
328,КАНАМИЦИН 10 %,Требуется,14,4800,2013-09-04
329,КАНИАГИЛ,Не требуется,30,3800,2010-06-10
330,КАНИГЕН DHA2PPi/L,Не требуется,16,5800,2015-10-23
331,КАНИГЛО,Требуется,17,4200,2021-01-02
332,КАНИКВАНТЕЛ ПЛЮС,Требуется,26,2400,2011-10-18
333,КАНИНСУЛИН,Требуется,28,1000,2014-12-15
334,КАНТАРЕН РАСТВОР ДЛЯ ИНЪЕКЦИЙ,Не требуется,8,8300,2019-07-24
335,КАНТАРЕН ТАБЛЕТКИ,Требуется,25,2400,2013-08-11
336,КАПЛИ ГЛАЗНЫЕ БАРС,Не требуется,22,6150,2011-11-06
337,КАПЛИ ГЛАЗНЫЕ ИРИС,Требуется,11,5300,2018-03-16
338,КАПЛИ ГЛАЗНЫЕ ЦИПРОВЕТ,Не требуется,16,2750,2016-01-14
339,КАПЛИ ГЛАЗНЫЕ-ИНТРАНАЗАЛЬНЫЕ АНАНДИН,Не требуется,12,8950,2010-03-16
340,КАПЛИ УШНЫЕ АНАНДИН,Не требуется,17,5900,2017-07-10
341,КАРДАЛИC,Не требуется,22,7800,2011-07-26
342,КАРНИВАК-КОВ,Требуется,7,5600,2019-11-03
343,КАРОЛИН +Se,Требуется,17,3600,2020-11-04
344,КАРОФЕРТИН,Требуется,26,4800,2016-09-29
345,КАРСУЛЕН,Требуется,27,6450,2019-09-08
346,КАТОБЕВИТ,Требуется,18,8950,2011-03-11
347,КАТОЗАЛ,Не требуется,8,8150,2016-01-10
348,КАФОРСЕН РАСТВОР ДЛЯ ИНЪЕКЦИЙ,Не требуется,25,8200,2011-04-10
349,КАФОРСЕН РАСТВОР ДЛЯ ПЕРОРАЛЬНОГО ПРИМЕНЕНИЯ,Не требуется,17,5850,2021-05-05
350,КАФОРСЕН ТАБЛЕТКИ,Требуется,22,1400,2018-04-16
351,КВАДРИКАТ,Не требуется,17,3450,2020-03-07
352,КВАДРИСОЛ 5,Не требуется,7,3300,2010-11-07
353,КВИВИТАН,Не требуется,23,10000,2017-04-01
354,КВИК БАЙТ ВГ 10,Не требуется,29,3400,2015-01-18
355,КВИНОКОЛ,Не требуется,26,2700,2016-10-01
356,КЕНОТЕСТ,Не требуется,22,5500,2020-06-16
357,КЕНТАВР ЛОСЬОН-СПРЕЙ РЕПЕЛЛЕНТНОЕ СРЕДСТВО,Не требуется,16,1800,2011-08-09
358,КЕТОКВИН 1% и 10%,Требуется,23,4600,2011-01-29
359,КЕТОПРОФ,Требуется,10,7700,2015-08-20
360,КЕТОПРОФЕН 10%,Требуется,6,9100,2017-08-22
361,КЕТОФЕН 1%,Не требуется,12,8050,2011-04-04
362,КЕТОФЕН ТАБЛЕТКИ,Не требуется,29,8000,2014-07-15
363,КИЛТИКС ОШЕЙНИК,Не требуется,15,8900,2021-02-15
364,КИНОРОН,Не требуется,6,2450,2012-05-16
365,КЛАВАСЕПТИН,Не требуется,24,1000,2019-04-01
366,КЛЕЕЛОВ КЛЕЙ,Не требуется,22,7650,2018-10-18
367,КЛЕЕЛОВ ЛИПКАЯ ЛЕНТА,Не требуется,11,3300,2013-04-04
368,КЛЕЕЛОВ ЛИПКАЯ ПЛАСТИНА,Требуется,25,9400,2020-12-23
369,КЛЕТКИ КРОВИ АЭРОЗОЛЬНОЙ СУШКИ АР-301,Требуется,21,3200,2018-01-20
370,КЛИНАФАРМ СПРЕЙ,Не требуется,23,8800,2013-06-21
371,КЛИНДАСПЕКТИН ВОДОРАСТВОРИМЫЙ ПОРОШОК,Не требуется,8,7500,2021-07-02
372,КЛИНДАСПЕКТИН РАСТВОР ДЛЯ ИНЪЕКЦИЙ,Требуется,21,5600,2012-01-03
373,КЛОВЕРМ,Не требуется,30,7100,2018-12-15
374,КЛОЗАЛЬБЕН-10,Не требуется,24,7600,2015-12-10
375,КЛОЗАНТЕКС,Не требуется,28,1800,2010-04-20
376,КЛОЗАНТИН,Не требуется,12,8800,2019-10-16
377,КЛОКСАМАСТ,Требуется,10,3850,2021-08-18
378,КОБАКТАН,Требуется,23,3300,2020-07-03
379,КОБАКТАН LC,Не требуется,22,6450,2021-04-22
380,КОВЕРТАЛ РАСТВОР ДЛЯ ИНЪЕКЦИЙ,Не требуется,11,8850,2013-10-19
381,КОВИНАН,Не требуется,16,2150,2018-05-27
382,КОВИТСАН,Требуется,13,6500,2015-08-02
383,КОКЦИДИН-10,Требуется,16,8600,2020-11-25
384,КОКЦИСАН 12 %,Не требуется,15,5450,2011-03-23
385,КОЛИГЕН Г-100,Не требуется,12,6650,2020-05-31
386,КОЛИДОКС,Не требуется,17,4400,2021-04-27
387,КОЛИМАСТ,Требуется,25,3450,2019-05-14
388,КОЛИНГОР,Не требуется,30,7200,2020-08-27
389,КОЛМИК-Е,Не требуется,13,7050,2020-10-02
390,КОМБОВАК,Требуется,11,8850,2013-02-21
391,КОМБОВАК-К,Требуется,11,3300,2012-07-21
392,КОМПЛЕКС В,Требуется,5,4500,2011-06-22
393,КОМПЛЕКС ВИТАМИНОВ А Д3 Е В МАСЛЕ,Требуется,24,9050,2011-08-16
394,КОМУЛИН,Не требуется,7,3700,2011-10-13
395,КОНВЕНИЯ,Не требуется,30,4150,2019-01-01
396,КОРМ ЭЛИТА,Требуется,25,3450,2018-03-01
397,КОРТАВАНС,Не требуется,21,5350,2019-03-16
398,КОСТОЧКА,Требуется,11,4850,2018-06-26
399,КОТ БАЮН РАСТВОР,Не требуется,24,8850,2012-11-03
400,КОТ БАЮН ТАБЛЕТКИ,Требуется,27,9050,2018-10-01
401,КОТЭРВИН,Требуется,16,1250,2015-09-28
402,КОФЕИН-БЕНЗОАТ НАТРИЯ 20 %,Не требуется,9,2400,2019-06-28
403,КОФЕИН-БЕНЗОАТ НАТРИЯ 20 %,Не требуется,26,1150,2016-11-08
404,КОЦЕФЕН 200,Не требуется,28,6000,2020-05-15
405,КРЕМ ЗАЩИТНЫЙ ЗАБОТА,Не требуется,12,8400,2010-08-08
406,КРЕМ КОПЫТНЫЙ КОСМЕТИЧЕСКИЙ ДЛЯ ЛОШАДЕЙ,Требуется,14,6600,2021-07-28
407,КРЕМ КОСМЕТИЧЕСКИЙ НОЧКА С ДУШИЦЕЙ И ШИПОВНИКОМ,Требуется,12,2450,2018-05-30
408,КРЕМ КОСМЕТИЧЕСКИЙ НОЧКА С РОМАШКОЙ И КАЛЕНДУЛОЙ,Не требуется,19,6950,2019-09-07
409,КРЕМ ЛАБДОЛЕНОВЫЙ,Не требуется,16,5450,2021-08-29
410,КРЕМ «НЕЖНОСТЬ»,Требуется,21,6800,2012-06-23
411,КРЕОЛИН БЕСФЕНОЛЬНЫЙ КАМЕННОУГОЛЬНЫЙ,Требуется,28,3650,2012-07-24
412,КРЕОЛИН-Д,Не требуется,20,4150,2012-06-01
413,КРЕОЛИН-Х,Не требуется,28,2950,2013-01-20
414,КСИДИКОЛЬ СПРЕЙ,Требуется,30,9200,2020-06-17
415,КСИКЛАВ СУСПЕНЗИЯ,Требуется,14,8950,2012-10-04
416,КСИКЛАВ ТАБЛЕТКИ,Требуется,14,9300,2018-03-02
417,КСИЛА,Не требуется,29,5250,2020-01-08
418,КСИЛАНАЗА,Требуется,6,2000,2017-02-20
419,КСИЛАНИТ,Не требуется,17,8250,2020-07-17
420,МАГКОЛИСТИН,Требуется,8,9000,2017-04-16
421,МАГЭСТРОЛ,Требуется,6,9900,2011-12-29
422,МАГЭСТРОФАН,Не требуется,15,9550,2019-09-28
423,МАДИКОКС,Требуется,26,4550,2011-02-16
424,МАЗЬ АВЕРСЕКТИНОВАЯ,Не требуется,26,6750,2011-02-11
425,МАЗЬ АКАМИКСАН,Не требуется,30,9950,2018-12-20
426,МАЗЬ АНАНДИН,Требуется,16,3300,2015-08-28
427,МАЗЬ БИОСЕПТИН,Требуется,6,7000,2019-03-01
428,МАЗЬ ДЛЯ ОБРАБОТКИ ИНФИЦИРОВАННЫХ РАН,Не требуется,6,4450,2010-04-01
429,МАЗЬ ИХТИОЛОВАЯ,Не требуется,26,7150,2010-06-27
430,МАЗЬ ИХТИОЛОВАЯ,Требуется,21,1100,2012-01-10
431,МАЗЬ КАМФОРНАЯ 10%,Не требуется,15,7450,2013-03-29
432,МАЗЬ ЛАНТАВЕТ,Не требуется,9,1650,2012-12-02
433,МАЗЬ ЛЕВОМЕКОЛЬ,Требуется,30,7600,2018-05-09
434,МАЗЬ ПИХТОИН,Не требуется,17,1050,2020-09-07
435,МАЗЬ ПИХТОИНОВАЯ,Не требуется,8,2250,2013-02-16
436,МАЗЬ САЛИЦИЛОВАЯ,Не требуется,15,8150,2014-08-16
437,МАЗЬ СЕРНАЯ ПРОСТАЯ,Требуется,14,3600,2010-04-27
438,МАЗЬ СЕРНО-ДЕГТЯРНАЯ,Требуется,19,7400,2013-10-14
439,МАЗЬ СТРЕПТОЦИДОВАЯ (Агрофарм),Требуется,24,3900,2016-02-22
440,МАЗЬ СТРЕПТОЦИДОВАЯ (ЗВП),Требуется,24,4250,2018-02-03
441,МАЗЬ СТРЕПТОЦИДОВАЯ (Фармакс),Не требуется,13,8600,2018-09-12
442,МАЗЬ ТЕТРАЦИКЛИНОВАЯ 3 %,Требуется,24,9650,2014-08-19
443,МАЗЬ ФАРМАЙОДНАЯ АНТИСЕПТИЧЕСКАЯ,Требуется,29,3050,2020-10-27
444,МАЗЬ ЦИНКОВАЯ (Unguentum Zinci),Не требуется,5,9150,2017-12-28
445,МАЗЬ ЭРИТРОМИЦИНОВАЯ,Требуется,30,2200,2016-01-12
446,МАЗЬ ЯМ,Требуется,12,9150,2017-06-16
447,МАЗЬ ЯМ БК,Требуется,15,3550,2021-01-05
448,МАЗЬ ЯХАЛИМП,Требуется,26,6300,2016-09-11
449,МАКРОЛАН WS,Не требуется,8,5600,2020-04-24
450,МАКСИДИН 0.15,Требуется,19,5000,2019-01-17
451,МАКСИДИН 0.4,Не требуется,6,9400,2014-08-15
452,МАЛЬТ-ПАСТА,Не требуется,26,5800,2019-12-10
453,МАПРЕЛИН ХР10 ВЕЙКС,Требуется,20,2650,2010-01-28
454,МАРБОЦИН,Не требуется,13,4000,2012-07-19
455,МАРУКОКС 1 %,Требуется,25,2500,2010-10-03
456,МАРФЛОКСИН 10% РАСТВОР,Не требуется,26,1600,2011-03-17
457,МАРФЛОКСИН 2% РАСТВОР,Требуется,18,2850,2011-06-27
458,МАРФЛОКСИН ТАБЛЕТКИ,Не требуется,16,3450,2018-09-03
459,МАСЛО КАМФОРНОЕ 10 %,Требуется,21,6250,2017-10-11
460,МАСТЕНИТ,Требуется,7,9150,2017-06-03
461,МАСТИВЕКС,Требуется,14,6000,2014-06-06
462,МАСТИЕТ ГОЛД,Требуется,24,3050,2012-02-06
463,МАСТИЕТ ФОРТЕ,Требуется,22,3950,2013-10-10
464,МАСТИЛЕКС,Не требуется,25,4150,2020-08-09
465,МАСТИНОЛ,Не требуется,30,3900,2010-09-26
466,МАСТИСАН А,Требуется,10,4800,2017-04-13
467,МАСТИСЕПТ,Требуется,16,3000,2020-11-27
468,МАСТИСЕПТ-А,Требуется,5,5950,2015-01-20
469,МАСТОМЕТРИН РАСТВОР ДЛЯ ИНЪЕКЦИЙ,Требуется,14,6750,2017-04-18
470,МАСТОМИЦИН,Требуется,14,4750,2011-04-24
471,МАСТОСАНИТ,Не требуется,28,3850,2020-07-23
472,МЕДИЦИЛАТ,Не требуется,17,9350,2020-04-10
473,МЕКСИДОЛ-ВЕТ РАСТВОР ДЛЯ ИНЪЕКЦИЙ,Не требуется,26,7300,2019-08-15
474,МЕКСИДОЛ-ВЕТ ТАБЛЕТКИ,Не требуется,13,7150,2010-10-07
475,МЕЛ КОРМОВОЙ,Требуется,12,2950,2016-06-29
476,МЕЛОКСИВЕТ 0.2%,Не требуется,27,2700,2018-01-22
477,МЕЛОКСИДИЛ,Требуется,8,6600,2020-04-19
478,МЕРАДОК,Требуется,12,1100,2012-11-02
479,МЕСАЛИН,Требуется,11,4050,2018-11-08
480,МЕТАБОЛАЗА,Требуется,9,2750,2019-12-07
481,МЕТРАМАГ,Требуется,6,8150,2014-12-27
482,МЕТРАФУР,Не требуется,27,6550,2010-05-23
483,МЕТРИКУР,Не требуется,16,4550,2018-07-10
484,МЕТРОНИД 50,Не требуется,14,8250,2019-02-06
485,МЕТРОНИДАЗОЛ,Не требуется,28,2850,2016-12-19
486,МЕТРОНИДАЗОЛ ТАБЛЕТКИ,Требуется,17,9300,2014-07-25
487,МЕТРОСЕПТ,Требуется,16,7700,2013-04-22
488,МИЗОФЕН МАЗЬ,Не требуется,21,9350,2012-06-02
489,МИЗОФЕН-Ф,Требуется,28,7700,2017-08-14
490,МИКОАСК гель,Требуется,27,4150,2011-05-01
491,МИКОАСК полоски,Не требуется,6,7700,2016-02-12
492,МИКОДЕМОЦИД,Не требуется,19,9950,2010-05-01
493,МИКОЗОЛ,Требуется,29,1800,2018-03-09
494,МИКОСОРБ,Не требуется,26,1700,2019-01-12
495,МИКРОВИТАМ,Требуется,7,1350,2018-01-26
496,МИКСОФЕРОН,Требуется,11,3000,2014-12-20
497,МИЛОКЛОКС LA,Не требуется,7,9650,2017-02-09
498,МИЛПРАЗОН ТАБЛЕТКИ ДЛЯ КОШЕК,Не требуется,25,1350,2014-03-21
499,МИЛПРАЗОН ТАБЛЕТКИ ДЛЯ СОБАК,Не требуется,28,3350,2017-02-04
500,МИЛЬБЕМАКС ЖЕВАТЕЛЬНЫЕ ТАБЛЕТКИ,Не требуется,14,7850,2016-11-12
501,МИЛЬБЕМАКС ТАБЛЕТКИ,Не требуется,30,6400,2013-02-12
502,МИЛЬПРО ДОГ,Не требуется,22,1300,2018-10-10
503,МИЛЬПРО КЭТ,Требуется,13,7950,2016-10-28
504,МИНКОВАК,Требуется,22,1150,2013-04-22
505,МИНКОВАК 2,Не требуется,5,8900,2016-03-27
506,МИНКОВАК 3,Требуется,15,3300,2017-12-13
507,МИНКОВАК В,Не требуется,7,1700,2010-04-04
508,МИНКОВАК Е,Не требуется,22,2350,2017-02-06
509,МИНКОВАК Р,Не требуется,20,6850,2014-04-06
510,МИСС КИСС КАПЛИ ИНСЕКТО-АКАРИЦИДНЫЕ,Не требуется,27,6450,2018-05-22
511,МИСС КИСС ПАЛОЧКИ ВАТНЫЕ ИНТЕНСИВНАЯ ЗАЩИТА,Требуется,21,6600,2011-04-12
512,МИСС КИСС ПАЛОЧКИ ВАТНЫЕ ИНТЕНСИВНАЯ ЗАЩИТА,Не требуется,29,8700,2016-06-28
513,МИСС КИСС ШАМПУНЬ-КОНДИЦИОНЕР ГРАЦИОЗНЫЙ СФИНКС,Не требуется,14,3700,2012-06-07
514,МИСС КИСС ШАМПУНЬ-КОНДИЦИОНЕР ИЗЯЩНАЯ ПАНТЕРА,Не требуется,16,4450,2019-02-13
515,МИСС КИСС ШАМПУНЬ-КОНДИЦИОНЕР ПУШИСТЫЙ ХВОСТИК,Не требуется,23,5550,2016-07-10
516,МИСС КИСС ШАМПУНЬ-КОНДИЦИОНЕР РОСКОШНАЯ ЛЬВИЦА,Не требуется,24,5050,2021-05-18
517,МИСТЕР БРУНО СПРЕЙ,Требуется,8,5300,2017-05-28
518,МИСТЕР БРУНО КАПЛИ ИНСЕКТО-АКАРИЦИДНЫЕ,Требуется,29,4500,2013-03-26
519,МИСТЕР БРУНО ШАМПУНЬ ИНСЕКТИЦИДНЫЙ,Требуется,28,4850,2012-11-02
520,МИСТЕР БРУНО ШАМПУНЬ-КОНДИЦИОНЕР ГЛЯНЦЕВЫЙ БЛЕСК,Требуется,24,4400,2019-10-12
521,МИСТЕР БРУНО ШАМПУНЬ-КОНДИЦИОНЕР ЖЕСТКИЙ СТИЛЬ,Не требуется,24,8700,2015-04-25
522,МИСТЕР БРУНО ШАМПУНЬ-КОНДИЦИОНЕР МЯГКИЙ ПЛЮШ,Требуется,15,7850,2014-01-10
523,МИСТЕР БРУНО ШАМПУНЬ-КОНДИЦИОНЕР НЕЖНЫЙ БАРХАТ,Требуется,16,3700,2013-01-09
524,МИСТЕР БРУНО ШАМПУНЬ-КОНДИЦИОНЕР ПОСЛУШНЫЙ ШЕЛК,Не требуется,23,9150,2011-06-07
525,МИСТЕР БРУНО ШАМПУНЬ-КОНДИЦИОНЕР ПУШИСТОЕ ОБЛАКО,Требуется,18,5400,2015-05-23
526,МИСТЕР БРУНО ЭКСТРА КАПЛИ,Требуется,13,1850,2018-07-11
527,МОЛД-ЗАП,Не требуется,14,4800,2015-08-22
528,МОНЕНЗИН 10 %,Требуется,26,1750,2010-11-22
529,МОНЕНЗИН 20 %,Требуется,9,2350,2014-06-30
530,Монж Диета,Не требуется,12,3200,2011-12-07
531,МОНИЗЕН,Требуется,5,8450,2020-05-17
532,МОНЛАР 10 %,Требуется,25,3900,2021-08-21
533,МРД-0.6,Требуется,5,1300,2015-04-26
534,МСТА,Не требуется,8,1350,2020-08-18
535,МУЛЬТИБАЙ IMM,Требуется,28,8300,2017-11-15
536,МУЛЬТИБАКТЕРИН ОМЕГА-10,Требуется,20,8750,2013-05-12
537,МУЛЬТИВИТ,Требуется,21,9100,2013-09-13
538,МУЛЬТИВИТАМИН ИНЪЕКЦИИ,Не требуется,6,4800,2013-09-19
539,МУЛЬТИВИТАМИН ИНЪЕКЦИОННЫЙ,Не требуется,14,2750,2017-11-28
540,МУЛЬТИКАН-1,Не требуется,16,9650,2013-09-26
541,МУЛЬТИКАН-2,Не требуется,7,6550,2010-11-06
542,МУЛЬТИКАН-4,Требуется,6,1200,2011-05-26
543,МУЛЬТИКАН-6,Не требуется,22,8750,2019-09-26
544,МУЛЬТИКАН-7,Требуется,5,8250,2017-07-30
545,МУЛЬТИКАН-8,Требуется,21,8600,2013-06-21
546,МУЛЬТИМАС,Требуется,19,2000,2012-12-04
547,МУЛЬТИМАСТ DC,Требуется,8,5150,2020-11-08
548,МУЛЬТИФЕЛ-4,Не требуется,8,1650,2017-11-01
549,МУРАВЬИНКА,Не требуется,10,7900,2017-04-12
550,МЭК-СХ-1,Не требуется,17,1500,2021-01-20
551,МЭК-СХ-1,Не требуется,23,8350,2019-06-19
552,МЭК-СХ-2,Не требуется,29,3600,2019-06-06
553,МЭК-СХ-2,Требуется,27,2650,2015-07-15
554,МЭК-СХ-3,Требуется,26,4950,2021-05-24
555,МЭК-СХ-3,Требуется,21,8000,2020-12-16
556,ПАНАКУР ГРАНУЛЯТ,Требуется,29,3500,2016-06-22
557,ПАНАКУР ПАСТА,Требуется,30,6350,2014-12-02
558,ПАНДЕКС 1 %,Требуется,12,1800,2020-07-02
559,ПАНОЛОГ мазь,Требуется,21,1700,2016-05-08
560,ПАРАСТОП,Требуется,29,9150,2014-03-07
561,ПАСТА АЛЕЗАН,Требуется,5,2000,2017-05-17
562,ПАУДОКС,Требуется,12,5150,2018-09-05
563,ПДЭ ПЛАЦЕНТА ДЕНАТУРИРОВАННАЯ ЭМУЛЬГИРОВАННАЯ,Требуется,27,3400,2015-11-06
564,ПЕКСИОН,Не требуется,10,4250,2010-04-27
565,ПЕНБЕКС,Требуется,26,3750,2012-07-17
566,ПЕНОФУР,Не требуется,11,1550,2017-04-05
567,ПЕНСТРЕП,Не требуется,11,9050,2013-09-04
568,ПЕНСТРЕП 400 ЛА,Не требуется,18,4450,2014-09-11
569,ПЕРКУТАН,Требуется,23,2500,2019-06-22
570,ПЕРОЛ-А,Требуется,29,5850,2011-07-13
571,ПЕТКАМ ТАБС,Требуется,13,5750,2014-12-31
572,ПЕХА-ХАФТ,Не требуется,26,1700,2016-08-02
573,ПИМОПЕТ,Требуется,16,4350,2015-03-21
574,ПИРО-СТОП,Не требуется,28,6950,2014-07-28
575,ПИРОСАН,Требуется,10,9500,2015-07-16
576,ПИХТОВИТИН,Не требуется,16,3150,2020-04-20
577,ПЛАЗМА КРОВИ АЭРОЗОЛЬНОЙ СУШКИ АР-820,Требуется,10,9750,2018-04-16
578,ПЛАЦЕНТА ДЕНАТУРИРОВАННАЯ ЭМУЛЬГИРОВАННАЯ,Не требуется,7,4000,2019-06-06
579,ПЛЕРИОН,Требуется,22,8000,2012-04-09
580,ПЛЮСЕТ,Не требуется,23,3000,2015-06-15
581,ПНЕВМЕКВИН,Не требуется,26,6000,2013-10-18
582,ПНЕВМОСТОП,Не требуется,5,9800,2021-04-09
583,ПОЛИВАЛЕНТНАЯ ФОРМОЛВАКЦИНА,Требуется,28,6100,2020-07-01
584,ПОЛИГЕН РАСТВОР,Не требуется,12,8400,2011-07-15
585,ПОЛИГЕН СУХОЙ,Не требуется,17,4200,2010-05-30
586,ПОЛИДЕКС ПОЛИВИТ – КАЛЬЦИЙ ПЛЮС,Требуется,22,4200,2019-07-01
587,ПОЛИДЕКС ПРОТЕВИТ ПЛЮС,Не требуется,14,1200,2020-05-22
588,ПОЛИДЕКС СУПЕР ШЕРСТЬ ПЛЮС,Требуется,5,9250,2018-09-13
589,ПОЛИКАНИГЛОБ,Требуется,8,1850,2021-08-16
590,ПОЛИМИКСИНА М СУЛЬФАТ,Не требуется,11,3650,2020-02-23
591,ПОЛИОКСИДОНИЙ-ВЕТ РАСТВОР,Требуется,21,7250,2020-11-21
592,ПОЛИРИБОНАТ,Требуется,14,2100,2012-12-18
593,ПОЛИСАН,Требуется,29,1700,2021-02-20
594,ПОЛИСОЛИ МИКРОЭЛЕМЕНТОВ,Требуется,6,9100,2011-10-22
595,ПОЛИСОРБ ВП,Не требуется,10,5700,2010-07-06
596,ПОЛЬОДОКСИН,Не требуется,13,3450,2010-03-03
597,ПОРЗИМ 8100,Требуется,12,4100,2010-12-17
598,ПОРЗИМ 8300,Требуется,13,3550,2012-08-10
599,ПОРЗИМ 9100,Не требуется,22,6250,2015-02-11
600,ПОРЗИМ 9300,Требуется,21,9800,2020-07-20
601,ПОРЗИМ ТП100,Не требуется,7,7100,2013-01-01
602,ПОРКОМИЛК,Требуется,16,9200,2020-07-11
603,ПОРОШОК СПИРУЛИНА,Требуется,27,5800,2012-11-01
604,ПОРЦИЛИС ВРМ,Требуется,20,3750,2020-12-30
605,ПОРЦИЛИС КОЛИ,Требуется,15,3500,2017-05-22
606,ПРАЗИВЕР,Не требуется,30,1850,2016-04-14
607,ПРАЗИМЕК-D,Требуется,11,5300,2017-11-15
608,ПРАЗИМЕК-С,Не требуется,23,5200,2011-08-03
609,ПРЕМИКС РЯБУШКА (0.5%),Не требуется,14,7950,2010-01-29
610,ПРЕМИКС РЯБУШКА (1 %),Не требуется,6,6100,2015-03-14
611,ПРЕМИКС СОЛНЫШКО (0.5 %),Не требуется,17,3400,2011-03-28
612,ПРЕМИКСЫ-КОНЦЕНТРАТЫ КЛАДЕЗЬ,Требуется,23,8650,2014-03-01
613,ПРЕНОЛАКТ-ПОРОШОК,Требуется,15,7550,2018-08-25
614,ПРИМАЛАКТ,Требуется,17,8550,2010-11-17
615,ПРОГЕСТАМАГ,Требуется,24,1950,2016-05-29
616,ПРОДАКТИВ ФОРТЕ,Не требуется,25,3550,2015-03-31
617,ПРОКОКС,Требуется,27,7200,2012-06-27
618,ПРОПАЛИН,Требуется,10,7300,2015-06-15
619,ПРОТЕКФЛЮ,Требуется,18,5550,2013-07-22
620,ПРОТЕКФЛЮ ТЕ,Требуется,24,5650,2019-01-02
621,ПРОТОСУБТИЛИН Г3Х,Требуется,10,8400,2016-09-16
622,ПРОФЕНДЕР,Не требуется,29,1350,2010-11-06
623,ПУЛЬМАМАГ,Не требуется,19,9900,2012-12-13
624,ПУЛЬМОКИТ,Не требуется,22,8550,2017-03-07
625,ПУРЕВАКС RCP,Требуется,22,3450,2014-12-19
626,ПУРЕВАКС RCPCh,Требуется,26,1300,2017-03-27
627,ПЧЕЛИТ,Не требуется,22,2650,2018-06-19
628,ПЧЕЛОДАР,Не требуется,25,5700,2014-11-14
629,РАББИВАК-V,Требуется,27,1100,2013-12-17
630,РАББИВАК-В,Требуется,25,3200,2018-04-07
631,РАБИГЕН МОНО,Не требуется,6,7450,2011-09-17
632,РАБИЗИН,Не требуется,29,5600,2018-10-02
633,РАБИКС,Не требуется,15,8900,2020-06-11
634,РАБИФЕЛ,Не требуется,29,4500,2016-06-08
635,РАКУМИН 0.75 % ПОРОШОК,Не требуется,5,2600,2013-10-14
636,РАКУМИН-ПАСТА,Требуется,11,3650,2015-08-21
637,РАКУСИД,Не требуется,25,7650,2016-04-03
638,РАМИТ,Не требуется,7,4200,2019-01-18
639,РАНОЗОЛЬ,Не требуется,16,9700,2011-04-09
640,РАНОСАН МАЗЬ,Не требуется,17,9000,2011-04-15
641,РАНОСАН ПОРОШОК,Требуется,21,7600,2019-03-05
642,РАСТВОР ВИТАМИНОВ А Д3 Е и F,Требуется,5,4650,2016-03-28
643,РАСТВОР ГЛЮКОЗЫ 40%,Не требуется,12,3550,2014-10-28
644,РАСТВОР ГЛЮКОЗЫ 5%,Не требуется,26,5800,2016-07-03
645,РАСТВОР КАЛЬЦИЯ БОРГЛЮКОНАТ 20%,Требуется,30,9500,2016-11-09
646,РАСТВОР КАЛЬЦИЯ ГЛЮКОНАТА 10%,Требуется,26,6550,2018-05-19
647,РАТЕИД,Требуется,9,9250,2018-10-07
648,РАТИМОР-КОНЦЕНТРАТ,Требуется,25,9000,2017-10-21
649,РАТИМОР-ПРИМАНКА,Не требуется,10,1000,2014-09-18
650,РАТОКС,Не требуется,20,5350,2013-01-23
651,РАТТИДИОН,Не требуется,15,8200,2013-06-13
652,РАЦИДОЛ,Требуется,16,6150,2016-01-03
653,РЕГИДАТ,Требуется,9,2650,2020-09-27
654,РЕДИАР,Требуется,25,6550,2020-09-06
655,РЕКОФЕРОН ГАММА,Требуется,6,4650,2012-12-16
656,РЕКС ВИТАЛ АМИНОКИСЛОТЫ,Не требуется,14,7950,2015-09-03
657,РЕКС ВИТАЛ ЭЛЕКТРОЛИТЫ,Не требуется,19,3800,2012-01-16
658,РЕНАЛ паста,Не требуется,15,9800,2015-10-22
659,РЕНАЛ ФАЗА 1,Не требуется,30,6500,2019-03-19
660,РЕПТИЛАЙФ СУСПЕНЗИЯ,Требуется,12,4250,2015-07-25
661,РЕЦЕФ 4.0,Требуется,25,3550,2018-07-05
662,РИБОТАН,Не требуется,17,2950,2020-04-21
663,РИВЕРТИН 1 %,Требуется,16,3350,2019-01-12
664,РИКАРФА ТАБЛЕТКИ,Не требуется,14,9100,2015-12-31
665,РИМАДИЛ Р ТАБЛЕТКИ,Не требуется,18,1650,2015-07-25
666,РИМАДИЛ РАСТВОР ДЛЯ ИНЪЕКЦИЙ,Не требуется,16,4300,2020-02-22
667,РИМАДИЛ ТАБЛЕТКИ,Требуется,6,9200,2019-05-30
668,РИМОКС Л.А,Требуется,25,8650,2018-05-15
669,РИНБРОНХ,Не требуется,13,6750,2014-10-20
670,РИФАЛЕКС,Не требуется,18,9050,2014-02-21
671,РИФАН,Не требуется,19,5050,2016-07-01
672,РИФАПОЛ,Требуется,5,9450,2021-07-26
673,РИФАПРИМ,Требуется,26,8350,2014-01-01
674,РИФАЦИКЛИН,Требуется,12,10000,2018-05-20
675,РИХОМЕТРИН,Требуется,14,3200,2021-07-13
676,РОВАСТИН,Не требуется,12,6350,2021-04-19
677,Родентан-Б,Не требуется,13,4550,2012-01-19
678,РОДЕФАСИН-У,Не требуется,29,9000,2016-12-01
679,РОДИАЛОН,Не требуется,27,8450,2011-07-01
680,РОДОТИУМ 45 %,Требуется,23,9600,2021-06-02
681,РОЛЕНОЛ,Не требуется,10,9450,2012-05-29
682,РОНАКСАН,Не требуется,18,7300,2015-10-19
683,РОНИДАЗОЛ 10 %,Не требуется,13,3600,2010-05-03
684,РОНКОЛЕЙКИН,Не требуется,12,9550,2020-04-06
685,РОТЕНДАНТ,Не требуется,25,7750,2021-03-10
686,САЛ-ЗАП,Не требуется,14,1700,2012-06-01
687,САЛИНОФАРМ 12 %,Не требуется,12,2800,2015-03-11
688,САЛИНОФАРМ 6 %,Требуется,27,3400,2014-04-12
689,САЛЬМОЗАН,Не требуется,7,3950,2010-04-25
690,САНАТОЛ,Требуется,23,4950,2016-07-16
691,САНОКС,Не требуется,12,4350,2013-08-08
692,САНОФЛАЙ,Требуется,29,2300,2018-11-17
693,САНОФОР,Требуется,26,4300,2011-07-27
694,САНРОЙ,Требуется,10,9650,2020-05-02
695,САНТЕЛ 10%,Не требуется,22,8950,2019-12-06
696,САНТОМЕКТИН,Требуется,25,6800,2019-08-14
697,САРКОЛИТИН К-9,Требуется,25,5300,2013-12-20
698,САРКОМИН,Требуется,26,3750,2013-09-26
699,САРУКОКС 12 %,Не требуется,15,6850,2014-09-23
700,САФРОДЕРМ ГЕЛЬ,Требуется,19,2000,2010-12-07
701,САФРОДЕРМ НАСТОЙКА,Требуется,20,3200,2021-05-28
702,СГОЛ,Не требуется,11,5650,2016-04-13
703,СЕДАМИДИН,Не требуется,11,6800,2016-07-05
704,СЕДИМИН,Требуется,10,6300,2011-12-28
705,СЕДИМИН-F+,Не требуется,15,8550,2018-08-05
706,СЕДИМИН-Se+,Не требуется,22,3050,2013-09-29
707,СЕЛ-ПЛЕКС,Не требуется,24,4600,2011-11-14
708,СЕЛАФОРТ,Требуется,8,5350,2021-07-13
709,СЕЛАЦИД,Не требуется,8,2500,2014-11-13
710,СЕЛЕМАГ,Требуется,18,9050,2011-02-18
711,СЕЛЕМАГ-О,Требуется,28,6300,2016-09-26
712,СЕЛЕРОЛ,Не требуется,26,8200,2021-07-22
713,СЕЛКО-рН,Требуется,20,9250,2019-11-13
714,СЕМИНТРА,Требуется,12,5250,2010-07-15
715,СЕНСИБЛЕКС ВЕЙКС,Требуется,12,1550,2012-07-17
716,СЕПТИФОРТ СПРЕЙ,Требуется,13,3000,2021-02-10
717,СЕПТО-СПРЕЙ,Требуется,7,9300,2019-11-28
718,СЕПТОГЕЛЬ,Требуется,14,4400,2014-05-30
719,СЕРЕНИЯ,Не требуется,15,6900,2012-06-27
720,СЕРЕНИЯ РАСТВОР ДЛЯ ИНЪЕКЦИЙ,Не требуется,27,1050,2020-09-30
721,СЕРНО-ЦИНКОВАЯ МАЗЬ,Не требуется,28,9700,2014-10-24
722,СИД,Не требуется,18,4500,2014-03-17
723,СИЛЕО,Требуется,20,7300,2016-06-02
724,СИМПАРИКА,Требуется,12,8700,2018-05-03
725,СИНКОГЕЛЬ,Не требуется,17,1450,2019-12-22
726,СИНУЛОКС RTU,Не требуется,30,5950,2013-10-19
727,СИНУЛОКС ТАБЛЕТКИ,Не требуется,17,8500,2017-08-24
728,СКАВОН ВЕТ КРЕМ,Требуется,25,7750,2010-02-14
729,СКАВОН ВЕТ СПРЕЙ,Не требуется,29,1700,2017-07-17
730,СКАЛИБОР ИНСЕКТО-АКАРИЦИДНЫЙ,Не требуется,15,9450,2019-01-04
731,СОЛИКОКС,Требуется,8,1150,2020-11-02
732,СОЛЬФАК 10% С. П.,Требуется,6,2750,2011-12-13
733,СОЛЬФАК 5% М. Е.,Не требуется,16,6600,2016-03-01
734,СОЛЬФАК ДУО СК 7.5%,Требуется,26,2500,2010-11-10
735,СОМАТИК-ТЕСТ СМТ,Не требуется,15,4750,2016-06-26
736,СОРБАЛГОН,Не требуется,10,9950,2018-04-11
737,СОРБАЛГОН Т,Требуется,6,4400,2010-03-22
738,СПЕКТАМ,Требуется,28,1750,2015-04-19
739,СПЕЛИНК-44,Не требуется,13,4450,2018-12-03
740,СПОРОВИТ ЖИДКИЙ,Не требуется,18,2600,2020-05-23
741,СПРЕЙ ЭЛИТА,Требуется,24,8000,2012-02-11
742,СПРЕЙ ЭЛИТА С ПРОВИТАМИНОМ B5,Требуется,12,2800,2011-05-21
743,СТАРТИН,Не требуется,27,10000,2019-09-17
744,СТИМОВИТ,Требуется,27,1950,2015-07-22
745,СТОМОРДЖИЛ 2 10 20,Не требуется,21,1500,2021-08-08
746,СТОП-АРТРИТ,Не требуется,11,7900,2019-08-30
747,СТОП-ЗУД СПРЕЙ,Требуется,22,8500,2018-12-17
748,СТОП-ЗУД СУСПЕНЗИЯ,Требуется,21,6500,2010-07-05
749,СТОП-СТРЕСС КАПЛИ,Требуется,11,7300,2019-05-02
750,СТОП-СТРЕСС ТАБЛЕТКИ,Не требуется,15,2000,2016-11-25
751,СТОП-ЦИСТИТ БИО,Не требуется,17,5700,2014-05-12
752,СТОП-ЦИСТИТ ТАБЛЕТКИ,Не требуется,22,5600,2017-07-28
753,СТОПМОЛЬ,Не требуется,18,2450,2011-08-29
754,СТРАЙД,Не требуется,27,3250,2012-10-14
755,СТРАЙД ПЛЮС,Не требуется,26,8400,2014-01-03
756,СТРЕПТОВИК,Требуется,28,5150,2017-10-25
757,СТРЕПТОМИЦИНА СУЛЬФАТ (Агрофарм),Не требуется,23,5800,2011-06-02
758,СТРЕПТОМИЦИНА СУЛЬФАТ (Синтез),Не требуется,21,6850,2018-12-28
759,СТРЕПТОФУР,Не требуется,8,4350,2017-06-21
760,СТРЕССМИКС,Не требуется,27,6500,2012-12-12
761,СТРОНГХОЛД,Требуется,28,8000,2020-12-06
762,СТРУВИТНАЯ ДИЕТА,Не требуется,12,4850,2010-06-04
763,СТРУВИТНАЯ ДИЕТА КОНСЕРВЫ,Не требуется,23,8450,2010-12-23
764,СУБТИЛИС,Не требуется,19,9200,2018-05-17
765,СУБТИЛИС-Ж,Требуется,21,9900,2021-07-08
766,СУИФЕРРОВИТ-А,Требуется,25,8200,2020-05-03
767,СУЛЬТЕПРИМ,Требуется,30,9700,2018-04-29
768,СУЛЬФ ГРАНУЛЯТ,Не требуется,11,8200,2020-05-19
769,СУЛЬФ-120,Требуется,13,1450,2010-12-17
770,СУЛЬФ-480,Требуется,5,6850,2012-04-16
771,СУЛЬФЕТРИСАН,Требуется,20,5800,2015-01-30
772,СУМИНАК,Не требуется,10,9650,2019-05-18
773,СУПЕРПУШНОВИТ-М,Не требуется,17,5150,2019-06-04
774,СУПЕРПУШНОВИТ-П,Не требуется,21,3450,2014-05-23
775,СУПЕРФЛЕКС,Не требуется,28,6250,2013-02-28
776,СУППРЕСТРАЛ СУСПЕНЗИЯ ДЛЯ ИНЪЕКЦИЙ,Требуется,24,4350,2015-07-07
777,СУПРЕЛОРИН,Требуется,12,5350,2015-12-05
778,СУПРИМИЦИН,Требуется,5,2600,2012-07-05
779,СУРОЛАН,Требуется,8,4250,2017-07-31
780,СУРФАГОН,Не требуется,15,5350,2015-01-21
781,СУРФАГОН,Требуется,28,7100,2020-08-12
782,ТЕСТОКС,Требуется,28,6350,2013-11-27
783,ТЕТРАВИТ,Требуется,9,3900,2010-01-29
784,ТЕТРАГИДРОВИТ,Не требуется,28,1350,2015-02-07
785,ТЕТРАЗОЛ Л.А.,Требуется,15,8200,2012-03-25
786,ТЕТРАЛОНГ-20,Требуется,13,7800,2017-01-11
787,ТЕТРАМАГ,Требуется,9,4900,2018-01-11
788,ТЕТРАМАСТ,Не требуется,14,3200,2013-09-05
789,ТЕТРАМЕТР,Требуется,30,7050,2017-04-04
790,ТЕТРАМИЗОЛ,Не требуется,20,2850,2019-03-08
791,ТЕТРАМИЗОЛ 10% ГРАНУЛЯТ,Не требуется,30,8750,2012-09-09
792,ТЕТРАМИЗОЛ 20 % ГРАНУЛЯТ,Не требуется,7,1400,2016-09-22
793,ТЕТРАЦИКЛИНА ГИДРОХЛОРИД,Не требуется,17,7300,2019-03-21
794,ТЕТРОКСИ 10 %,Требуется,17,8550,2019-10-17
795,ТЕТРОКСИ LА,Требуется,7,4950,2016-02-21
796,ТИАЛОНГ,Не требуется,30,1050,2016-07-15
797,ТИАМУЛИН 2 %,Требуется,25,1450,2019-07-27
798,ТИАМУЛИН 45 %,Не требуется,24,4450,2013-11-10
799,ТИАМУТОКС,Требуется,20,8350,2017-04-14
800,ТИАМУФАРМ 10%,Требуется,8,8050,2017-05-09
801,ТИГМА-К,Требуется,10,4450,2018-08-24
802,ТИГМА-Щ,Не требуется,12,6550,2018-10-14
803,ТИЕРКАЛ,Требуется,8,7700,2017-04-29
804,ТИЛАНИК 20 %,Не требуется,29,8100,2011-04-10
805,ТИЛАНИК 5%,Требуется,16,1050,2019-09-28
806,ТИЛАНИК ВОДОРАСТВОРИМЫЙ ПОРОШОК,Не требуется,25,7050,2016-04-02
807,ТИЛАР,Требуется,15,5200,2012-12-28
808,ТИЛАР 50 %,Не требуется,24,8350,2016-12-14
809,ТИЛДРЕН,Требуется,27,2500,2018-08-05
810,ТИЛОВЕТ 10 %,Не требуется,16,7150,2018-07-28
811,ТИЛОВЕТ 25 %,Требуется,9,4100,2014-10-03
812,ТИЛОВЕТ Б-200,Требуется,17,4500,2014-02-14
813,ТИЛОВЕТ Б-50,Не требуется,7,5650,2010-10-14
814,ТИЛОВЕТ ВОДОРАСТВОРИМЫЙ ПОРОШОК,Не требуется,24,5900,2018-09-02
815,ТИЛОДОКС-200,Требуется,11,5550,2017-03-22
816,ТИЛОЗИН 200,Требуется,14,4450,2021-06-18
817,ТИЛОЗИН 50,Не требуется,16,8450,2020-08-21
818,ТИЛОЗИН ОСНОВАНИЕ СУБСТАНЦИЯ,Требуется,24,5950,2018-05-19
819,ТИЛОЗИНА ТАРТРАТ ГРАНУЛИРОВАННЫЙ СУБСТАНЦИЯ,Не требуется,20,2000,2010-02-24
820,ТИЛОЗИНА ТАРТРАТ СУБСТАНЦИЯ,Требуется,15,8700,2020-12-10
821,ТИЛОЗИНОКАР,Требуется,11,1600,2011-09-28
822,ТИЛОКОЛ,Требуется,27,4500,2014-09-21
823,ТИЛОКОЛИН-АФ,Требуется,23,3200,2020-07-16
824,ТИЛОМАГ 20 %,Требуется,6,9100,2014-03-18
825,ТИЛОМАГ 5 %,Требуется,26,9300,2015-02-12
826,ТИЛОСУЛЬФУРАН,Требуется,22,6750,2019-11-19
827,ТИМПАНОЛ,Требуется,19,8000,2019-11-07
828,ТИОЦЕФУР,Требуется,18,5650,2013-06-01
829,ТОЛФЕДИН,Не требуется,21,7350,2014-09-22
830,ТОЛФЕДИН 4%,Требуется,7,6200,2013-02-05
831,ТОНОФОСФАН КОМПОЗИТУМ,Не требуется,14,2850,2014-09-25
832,ТОП ДОГ,Требуется,5,1050,2014-06-03
833,ТОРУКОКС 2.5 %,Не требуется,22,6050,2014-11-04
834,ТОС-3,Не требуется,26,2000,2011-09-18
835,ТРАВМАТИН РАСТВОР ДЛЯ ИНЪЕКЦИЙ,Не требуется,17,7800,2013-11-14
836,ТРИАНТЕЛМ,Не требуется,8,1800,2018-11-03
837,ТРИВИТ ДЛЯ ИНЪЕКЦИЙ,Требуется,22,2350,2015-11-25
838,ТРИВИТ ДЛЯ ПРИМЕНЕНИЯ ВНУТРЬ,Требуется,8,7550,2019-06-27
839,ТРИВИТАМИН ДЛЯ ИНЪЕКЦИЙ,Не требуется,13,3150,2011-07-17
840,ТРИВИТАМИН ДЛЯ ПРИМЕНЕНИЯ ВНУТРЬ,Требуется,22,8850,2013-04-10
841,ТРИМЕТИН,Требуется,18,9850,2016-01-21
842,ТРИМЕТОКС,Требуется,25,2450,2011-12-13
843,ТРИПРИМ,Требуется,30,7700,2021-08-31
844,ТРИСУЛЬФОН ПОРОШОК,Не требуется,23,3300,2017-01-22
845,ТРИХОВЕТ 5 %,Не требуется,18,1650,2017-02-06
846,ТРИХОПТИЛИН,Не требуется,5,2800,2016-06-24
847,ТРИЦИЛЛИН,Не требуется,7,8050,2013-07-20
848,ТРОМЕКСИН,Не требуется,29,4100,2010-08-29
849,ТРОНЦИЛ,Не требуется,29,8750,2016-11-30
850,ТРОНЦИЛ-К,Не требуется,12,4900,2016-01-25
851,ТЭДА,Требуется,6,5700,2013-10-08
852,ФАРМАЙОД,Требуется,26,5600,2010-07-30
853,ФАРМАСТИМ 4 %,Не требуется,5,9450,2011-02-21
854,ФАРМАСТИМ 8 %,Не требуется,14,9250,2018-11-21
855,ФАРМКОКЦИД-10,Требуется,27,2450,2019-02-08
856,ФАРМОКСИДИН 1 % РАСТВОР,Не требуется,24,8350,2013-10-21
857,ФАСКОВЕРМ РАСТВОР,Требуется,9,2550,2018-03-04
858,ФАСКОЦИД ГРАНУЛЫ,Требуется,21,6500,2017-05-15
859,ФАСЦИОЛ,Требуется,27,7250,2018-03-11
860,ФЕБТАЛ,Требуется,6,7100,2014-02-23
861,ФЕЛИГЕН CRP,Требуется,5,4900,2018-02-02
862,ФЕЛИГЕН CRP/R,Требуется,21,5200,2014-09-11
863,ФЕЛИФЕРОН,Не требуется,7,6200,2019-07-24
864,ФЕЛОВАКС,Требуется,27,1850,2014-01-21
865,ФЕНБАЗЕН 10 % ГРАНУЛЯТ,Требуется,27,8400,2014-11-15
866,ФЕНБАЗЕН 10 % СУСПЕНЗИЯ,Не требуется,6,9900,2015-08-22
867,ФЕНБЕНГРАН ГРАНУЛЯТ,Требуется,18,1250,2013-11-27
868,ФЕНБЕНДАЗОЛ,Требуется,12,8600,2017-09-06
869,ФЕНИЛБУТАЗОН,Требуется,28,9300,2010-01-27
870,ФЕНПРАЗ,Не требуется,18,1500,2020-04-18
871,ФЕНПРАЗ суспензия,Не требуется,21,5200,2019-05-06
872,ФЕРКАН,Не требуется,5,7750,2013-04-24
873,ФЕРРАНИМАЛ-75,Требуется,22,8950,2012-08-10
874,ФЕРРАНИМАЛ-75 М,Не требуется,24,3600,2011-08-04
875,ФЕРРОГЛЮКИН-75,Требуется,26,2400,2016-12-10
876,ФИЗАЛ,Требуется,15,6300,2016-12-22
877,ФИЛАКС,Требуется,25,2350,2019-10-10
878,ФИНАЛ МБ,Не требуется,23,5400,2016-01-15
879,ФИПРЕКС 75 СПОТ-ОН,Не требуется,29,6150,2018-08-07
880,ФИПРЕКС СПРЕЙ ФОРТЕ,Требуется,30,4900,2018-04-13
881,ФИПРИСТ СПОТ ОН,Требуется,27,9950,2013-01-17
882,ФИПРОКЛИР СПОТ-ОН,Требуется,18,2900,2012-01-07
883,ФИПРОТЕГ,Требуется,5,4550,2016-12-31
884,ФИТОБАКТРИН,Требуется,25,4000,2010-08-12
885,ФИТОКАЛЬЦЕВИТ,Не требуется,13,8100,2013-07-21
886,ФИТОКАЛЬЦЕВИТ С ТАУРИНОМ,Не требуется,16,3450,2017-03-04
887,ФИТОМИНЫ + А,Требуется,8,2850,2017-04-26
888,ФИТОМИНЫ + БК,Не требуется,27,8000,2015-12-15
889,ФИТОМИНЫ + ВШ,Требуется,22,8100,2019-05-22
890,ФИТОМИНЫ + ГЕМАТОДОГ,Не требуется,21,5150,2019-03-17
891,ФИТОМИНЫ + ГЕМАТОКЭТ,Не требуется,24,7450,2019-12-23
892,ФИТОМИНЫ + КК,Не требуется,17,4600,2016-04-05
893,ФИТОМИНЫ + МК,Не требуется,18,8300,2013-01-14
894,ФИТОМИНЫ + С,Требуется,26,7800,2014-06-15
895,ФИТОМИНЫ В,Не требуется,5,4700,2011-02-14
896,ФИТОМИНЫ Г,Не требуется,30,3800,2015-05-10
897,ФИТОМИНЫ ГЛ,Требуется,6,3450,2021-02-05
898,ФИТОМИНЫ З,Не требуется,30,3050,2018-06-21
899,ФИТОМИНЫ Ш,Требуется,27,8200,2021-02-03
900,ФИТОМИНЫ-М-К,Не требуется,11,5400,2011-06-28
901,ФИТОМИНЫ-М-КМ,Требуется,18,6400,2016-04-23
902,ФИТОМИНЫ-М-МС,Не требуется,23,1200,2010-10-08
903,ФИТОМИНЫ-М-Х,Требуется,21,8400,2020-03-10
904,ФИТОЭЛИТА Крем-бальзам антисептический,Требуется,29,7550,2019-08-12
905,ФИТОЭЛИТА Крем-бальзам противовоспалительный,Требуется,13,6650,2011-01-08
906,ФИТОЭЛИТА Крем-бальзам противотравматический,Не требуется,6,7400,2019-05-11
907,ФИТОЭЛИТА Крем-бальзам ранозаживляющий,Не требуется,30,9300,2016-10-07
908,ФИТОЭЛИТА лосьон для глаз,Не требуется,19,1100,2011-10-07
909,ФИТОЭЛИТА-К ЗАЩИТА ОТ ИНФЕКЦИЙ,Не требуется,20,3650,2016-01-14
910,ФИТОЭЛИТА-К ЗДОРОВЫЕ ПОЧКИ,Требуется,26,5750,2018-10-28
911,ФИТОЭЛИТА-К ОСТЕОЧАЙ,Требуется,8,3200,2020-02-28
912,ФИТОЭЛИТА-К ОЧИСТИТЕЛЬНЫЙ ЧАЙ,Не требуется,26,8000,2016-08-04
913,ФИТОЭЛИТА-К ТОЛСТОПУЗ,Требуется,9,9600,2011-01-25
914,ФИТОЭЛИТА-К ЦИТОСТАТ,Не требуется,15,2950,2020-10-22
915,ФИТОЭЛИТА-К ЧИСТАЯ КОЖА,Требуется,24,9250,2019-07-11
916,ФИТЭКС КАПЛИ,Не требуется,13,2250,2020-08-29
917,ФЛАВОВИТ 8 %,Не требуется,10,2150,2018-05-07
918,ФЛАЙ БАЙТ,Не требуется,26,5700,2020-12-14
919,ФЛЕКСОПРОФЕН,Требуется,21,6350,2012-05-13
920,ФЛИ 3 в 1,Не требуется,24,2100,2010-04-21
921,ФЛОРИКОЛ,Не требуется,6,7600,2020-09-20
922,ФЛОРИТИЛ ИНЪЕКЦИОННЫЙ,Требуется,18,8200,2011-11-24
923,ФЛОРОКС,Не требуется,22,3350,2013-07-31
924,ФЛОРОН 10 %,Не требуется,25,7100,2011-12-23
925,ФЛОРОН 2 % ПОРОШОК,Требуется,30,5350,2018-11-27
926,ФЛОРОН 30 %,Не требуется,22,3750,2012-03-06
927,ФЛС-МИКС,Требуется,15,5050,2012-03-16
928,ФЛУБАКТИН 10 %,Требуется,29,8650,2012-04-22
929,ФЛУБАКТИН 20 %,Требуется,12,9900,2012-05-21
930,ФЛУНИДЖЕКТ,Требуется,12,6500,2014-11-26
931,ФОЛАЙН КАПЛИ,Не требуется,6,8550,2017-12-18
932,ФОЛАЙН СПРЕЙ,Требуется,19,1850,2013-04-24
933,ФОЛЛИМАГ,Не требуется,17,9100,2014-11-30
934,ФОРВЕТ капли глазные,Не требуется,8,8400,2010-03-20
935,ФОРВЕТ раствор для инъекций,Не требуется,25,3450,2016-06-16
936,ФОРМОЛВАКЦИНА ПРОТИВ ПАСТЕРЕЛЛЕЗА,Требуется,26,3900,2019-05-13
937,ФОРТЕ УНИВЕРСАЛ,Не требуется,8,4350,2014-01-12
938,ФОРТЕКОР таблетки,Не требуется,12,7000,2014-04-15
939,ФортиФлора пробиотик,Не требуется,12,6550,2014-01-07
940,ФОСПАСИМ РАСТВОР ДЛЯ ИНЪЕКЦИЙ,Не требуется,19,4950,2010-03-28
941,ФОСПАСИМ РАСТВОР ДЛЯ ПРИМЕНЕНИЯ ВНУТРЬ,Не требуется,17,4250,2019-02-19
942,ФОСПРЕНИЛ,Требуется,13,7600,2010-12-12
943,ФРЕШ 25,Требуется,27,8300,2012-11-09
944,ФРОНТЛАЙН КОМБО,Требуется,6,1100,2012-11-06
945,ФРОНТЛАЙН СПОТ ОН,Требуется,7,4750,2015-07-04
946,ФРОНТЛАЙН СПРЕЙ,Требуется,21,5650,2020-01-27
947,ФСГ-СУПЕР,Не требуется,22,2250,2014-01-21
948,ФУМИСАН,Не требуется,14,3650,2011-12-03
949,ФУНГИВЕТ,Не требуется,28,7750,2018-05-22
950,ФУНГИН,Требуется,21,3950,2017-02-26
951,ФУРАМИКС,Не требуется,14,2750,2010-07-15
952,ФУРАПЕН,Не требуется,22,3350,2014-04-28
953,ФУРАПОЛ,Требуется,23,5450,2016-08-18
954,ЭВТАНАЗИН,Не требуется,24,7900,2017-02-08
955,ЭГОЦИН 20,Не требуется,10,9100,2016-07-04
956,ЭЙМЕТЕРМ СУСПЕНЗИЯ 5%,Не требуется,8,6900,2017-09-16
957,ЭКВАЛАН,Не требуется,29,1450,2012-09-01
958,ЭКВАЛАН ДУО,Требуется,23,5850,2010-09-22
959,ЭКВИЛИС ПРЕКВЕНЗА ТЕ,Требуется,19,6100,2017-03-10
960,ЭКВИЛИС РЕЗЕКВИН,Не требуется,15,5200,2010-01-15
961,ЭКВИЛИС ЭКВЕНЗА-Т,Требуется,25,4650,2012-05-23
962,ЭКВИСЕКТ ПАСТА,Требуется,9,4800,2021-03-30
963,ЭКЗЕКАН,Требуется,20,6100,2014-09-15
964,ЭКОФЛИС,Не требуется,9,4350,2021-05-25
965,ЭКОЦИД С,Не требуется,22,4650,2016-03-24
966,ЭКС-5,Не требуется,24,2900,2016-05-14
967,ЭКС-5Т,Не требуется,21,6850,2012-11-26
968,ЭКС-7.5,Не требуется,9,10000,2016-06-14
969,ЭКТОДЕС,Требуется,27,6300,2020-12-20
970,ЭЛВЕСТИН,Не требуется,11,6900,2021-04-01
971,ЭНГЕМИЦИН 10%,Требуется,6,9850,2020-10-06
972,ЭНРОМАГ 5 %,Требуется,30,2900,2017-06-02
973,ЭНРОМАГ-О,Не требуется,11,5850,2021-03-20
974,ЭНРОНИТ,Требуется,24,8800,2015-01-28
975,ЭНРОСТИН,Требуется,14,3150,2015-08-12
976,ЭНРОСТИН МАКС,Не требуется,5,4900,2020-05-16
977,ЭНРОЦИД,Требуется,17,2050,2015-03-28
978,ЭНТЕРОКАТ,Требуется,23,4000,2014-10-22
979,ЭНТЕРОСОРБЕНТ УГЛЕРОДНЫЙ ЗООКАРБ,Не требуется,22,4400,2015-10-31
980,ЭНТИФ,Требуется,17,4650,2019-03-30
981,ЭНТОМОЗАН С,Требуется,29,8400,2011-08-02
982,ЭПИ ОТИК,Требуется,21,8050,2019-06-16
983,ЭПРИМЕК,Требуется,18,1900,2017-07-03
984,ЭРИДИН,Требуется,14,9700,2014-10-21
985,ЭРИДОН,Требуется,9,9500,2014-03-22
986,ЭРИМАСТ,Требуется,26,8450,2015-05-30
987,ЭРИПРИМ КОНЦЕНТРАТ,Не требуется,6,8200,2012-05-12
988,ЭРИТРОКСИД,Не требуется,10,7350,2012-01-19
989,ЭРОКСИМАСТ,Требуется,14,4400,2012-07-27
990,ЭСИД-ПАК-4-УЭЙ В. С.,Требуется,26,7050,2019-07-06
991,ЭСТРОФАН,Требуется,26,7050,2011-10-23
992,ЭСТРОФАНТИН,Требуется,9,1500,2017-04-29
993,ЭТИЛФЕНАЦИН 0.5 % МАСЛЯНЫЙ РАСТВОР,Не требуется,18,4200,2019-06-09
994,ЭУРИКАН DHPPI2-L,Не требуется,5,6850,2012-07-02
995,ЭУРИКАН DHPPI2-LR,Требуется,29,2050,2020-03-25
996,ЭУРИКАН ПИРО,Не требуется,28,9150,2014-12-04
997,ЭФА-ГЕЛЬ,Не требуется,26,6850,2010-02-21
998,ЭФА-Д 0.5 %,Не требуется,30,6450,2013-09-18
999,ЭФА-Д 1 %,Требуется,28,1650,2015-08-30
1000,ЭФФИТИКС,Не требуется,20,2900,2021-08-04
