1;Арчи;Шиншилла;12;218;526;992
2;Алекс;Рыбка;17;510;770;797
3;Амур;Канарейка;20;79;556;973
4;Алтaй;Волк;17;174;716;858
5;Альф;Кошка;7;995;771;536
6;Алмаз;Попугай;20;572;581;938
7;Атос;Свинка;14;661;810;111
8;Амиго;Кошка;7;52;556;740
9;Аксель;Осел;18;91;556;237
10;Ангел;Рыбка;12;488;909;977
11;Адам;Мышка;9;721;904;390
12;Арнольд;Хомяк;14;68;543;712
13;Август;Волк;6;159;403;962
14;Айрон;Обезьяна;2;176;745;434
15;Акс;Кролик;1;989;469;262
16;Альт;Енот;20;797;555;143
17;Арго;Хамелеон;12;920;109;882
18;Арес;Паук;7;532;406;35
19;Атаман;Оца;16;907;428;446
20;Арс;Лиса;15;90;805;738
21;Айран;Кролик;17;2;771;117
22;Антей;Хамелеон;15;490;542;743
23;Арамис;Скунс;14;844;185;819
24;Азор;Лошадь;8;338;204;131
25;Апельсин;Мышка;5;15;725;598
26;Азарт;Хамелеон;17;797;88;719
27;Аркан;Ягуар;2;462;434;46
28;Аскольд;Лиса;13;27;697;117
29;Артос;Паук;2;773;9;992
30;Антонио;Рыбка;7;690;362;562
31;Арман;Свинка;10;168;578;641
32;Аватар;Лиса;14;721;15;459
33;Арахис;Осел;13;630;16;265
34;Альма;Ягуар;6;197;542;928
35;Альфа;Рыбка;12;438;518;643
36;Адель;Скунс;5;583;959;634
37;Ася;Паук;10;42;343;631
38;Айза;Скунс;20;46;548;535
39;Аська;Кролик;9;86;994;666
40;Айра;Канарейка;3;910;782;575
41;Аврора;Собака;1;493;955;323
42;Алиса;Скунс;8;630;300;233
43;Ада;Собака;13;802;971;734
44;Альба;Лиса;17;832;887;904
45;Афина;Шиншилла;5;251;638;159
46;Айка;Попугай;13;110;142;450
47;Айна;Скунс;20;578;633;335
48;Амели;Мышка;6;251;827;378
49;Ариша;Собака;13;223;299;202
50;Айва;Обезьяна;15;189;521;792
51;Анабель;Свинка;18;362;998;786
52;Айда;Кошка;20;291;969;741
53;Афродита;Кролик;3;61;688;756
54;Агнесса;Собака;15;853;773;813
55;Айрис;Канарейка;13;976;875;647
56;Алиша;Свинка;15;561;169;507
57;Ариэль;Кошка;3;403;662;502
58;Астра;Кошка;16;306;408;973
59;Ассоль;Индюк;7;713;476;626
60;Айса;Мышка;8;267;430;922
61;Асти;Гусь;6;516;327;393
62;Анфиса;Собака;14;738;425;719
63;Альма;Индюк;1;767;967;121
64;Альпа;Индюк;5;395;623;818
65;Арья;Скунс;1;483;915;810
66;Акира;Хамелеон;13;532;705;930
67;Барон;Кролик;4;247;941;435
68;Бутч;Кролик;18;224;948;273
69;Боня;Обезьяна;13;60;390;626
70;Бим;Кошка;9;357;252;509
71;Бадди;Свинка;19;352;35;355
72;Барни;Свинка;11;481;924;669
73;Балу;Осел;16;901;374;173
74;Барс;Обезьяна;12;414;659;396
75;Балто;Хомяк;19;17;771;644
76;Бакси;Кролик;12;472;527;175
77;Байкал;Лошадь;17;769;24;249
78;Буран;Паук;13;455;275;619
79;Босс;Лягушка;18;471;368;264
80;Блэк;Кролик;4;65;433;799
81;Бой;Попугай;20;927;431;966
82;Бублик;Осел;8;328;406;61
83;Бумер;Свинка;5;636;46;1000
84;Бек;Волк;11;327;616;383
85;Бандит;Обезьяна;12;914;330;640
86;Барри;Обезьяна;5;806;586;949
87;Бен;Рыбка;4;211;563;29
88;Бакстер;Мышка;3;281;81;72
89;Веста;Ягуар;10;273;147;351
90;Вэнди;Собака;20;135;746;644
91;Вита;Свинка;16;403;253;868
92;Вишенка;Рыбка;18;852;661;137
93;Вега;Канарейка;17;943;870;33
94;Василиса;Свинка;19;665;849;493
95;Верона;Лошадь;7;165;413;907
96;Виктория;Кошка;5;322;171;88
97;Вета;Канарейка;11;119;745;568
98;Венера;Лиса;13;596;542;95
99;Виолетта;Волк;6;755;821;599
100;Ванда;Енот;18;475;122;929
101;Ваниль;Свинка;7;911;904;545
102;Виола;Енот;20;232;649;287
103;Виолетта;Енот;10;125;110;26
104;Вэлла;Рыбка;8;735;999;284
105;Вильма;Змея;12;694;395;103
106;Гангстер;Рыбка;7;676;446;808
107;Гарри;Индюк;8;149;732;788
108;Гранд;Попугай;3;974;289;582
109;Голливуд;Канарейка;19;634;591;830
110;Гуфи;Кролик;19;65;557;436
111;Герцог;Обезьяна;10;647;429;658
112;Гермес;Паук;18;14;860;297
113;Гамлет;Лягушка;19;336;238;397
114;Грем;Попугай;13;818;604;762
115;Генри;Лягушка;10;956;140;777
116;Грек;Осел;3;111;986;746
117;Гавр;Мышка;10;121;94;773
118;Гомер;Енот;19;392;175;426
119;Гарольд;Кролик;12;358;675;708
120;Гордон;Рыбка;5;902;702;803
121;Гэри;Индюк;12;128;132;789
122;Грейт;Лягушка;4;453;819;409
123;Грин;Попугай;17;273;882;703
124;Гарфилд;Лягушка;13;719;679;228
125;Гек;Енот;9;545;421;988
126;Геральд;Гусь;16;656;456;778
127;Герой;Обезьяна;15;291;115;330
128;Джесси;Оца;17;954;511;293
129;Дана;Осел;17;389;424;984
130;Джессика;Канарейка;5;300;559;628
131;Дейзи;Индюк;13;964;584;879
132;Джина;Осел;7;342;536;562
133;Дора;Индюк;3;925;366;494
134;Дарси;Хомяк;8;411;680;554
135;Джуля;Кролик;4;928;785;738
136;Долли;Скунс;6;976;922;253
137;Дымка;Гусь;1;585;600;414
138;Дайна;Скунс;16;903;438;620
139;Дебби;Свинка;9;413;863;424
140;Джуди;Канарейка;20;231;405;649
141;Доня;Гусь;14;768;187;205
142;Даффи;Лягушка;4;983;402;757
143;Дакота;Волк;15;29;311;502
144;Дафни;Хамелеон;1;328;367;743
145;Дженни;Гусь;19;636;490;259
146;Жорик;Кролик;18;921;388;378
147;Жан;Кролик;9;45;304;307
148;Жак;Осел;6;372;385;185
149;Жулик;Свинка;14;468;166;468
150;Жоржик;Обезьяна;1;46;927;219
151;Жофрей;Хамелеон;20;205;392;252
152;Жиган;Лиса;17;945;930;764
153;Жюльен;Скунс;20;797;929;499
154;Жерар;Мышка;3;111;574;518
155;Жаспер;Шиншилла;11;223;264;256
156;Живчик;Свинка;14;92;73;190
157;Жеpap;Осел;3;559;679;879
158;Жоффрей;Хомяк;20;708;620;371
159;Жером;Скунс;12;167;673;304
160;Жардан;Канарейка;11;336;294;221
161;Ириска;Паук;5;194;132;459
162;Ирма;Рыбка;18;965;633;44
163;Изабель;Рыбка;16;263;768;460
164;Инфинити;Индюк;18;475;91;157
165;Иви;Свинка;16;617;316;237
166;Инди;Скунс;3;725;262;416
167;Ильма;Канарейка;13;765;419;242
168;Инга;Собака;5;88;858;158
169;Иветта;Хомяк;20;786;816;427
170;Ида;Скунс;19;284;653;813
171;Ирис;Попугай;17;971;158;240
172;Ива;Кролик;4;850;36;154
173;Илана;Гусь;13;529;154;112
174;Искра;Гусь;8;306;109;470
175;Ильда;Индюк;12;504;979;571
176;Иста;Осел;12;591;130;732
177;Иджи;Змея;3;739;394;285
178;Изида;Скунс;3;607;233;152
179;Иллиада;Лошадь;16;374;943;659
180;Каспер;Свинка;16;951;677;923
181;Кекс;Рыбка;6;245;613;661
182;Кузя;Кролик;6;447;128;439
183;Кай;Гусь;11;436;812;348
184;Кент;Шиншилла;9;90;326;580
185;Карат;Лягушка;3;527;423;527
186;Клайд;Хомяк;11;635;804;724
187;Кокс;Свинка;2;672;279;397
188;Красавчик;Рыбка;8;485;886;847
189;Крис;Лиса;3;999;487;481
190;Кастиэль;Скунс;3;679;741;525
191;Кекс;Скунс;17;256;469;410
192;Кайл;Гусь;7;908;237;598
193;Космос;Хомяк;17;752;384;857
194;Курт;Ягуар;4;650;551;882
195;Князь;Волк;2;606;156;698
196;Кубик;Хомяк;19;568;192;962
197;Купер;Кошка;1;31;685;932
198;Кэп;Шиншилла;19;438;752;981
199;Коди;Кролик;20;747;188;337
200;Кнопик;Змея;2;115;155;310
201;Клык;Лошадь;2;103;843;698
202;Кинг;Скунс;11;51;224;668
203;Клаус;Оца;20;581;413;30
204;Лаки;Осел;4;921;345;774
205;Линда;Лягушка;19;65;920;634
206;Лора;Рыбка;20;250;120;440
207;Ляля;Гусь;13;334;757;586
208;Лола;Оца;20;892;781;28
209;Лилу;Мышка;13;557;48;128
210;Леди;Индюк;2;22;5;686
211;Луна;Индюк;16;856;669;492
212;Лесси;Волк;8;899;221;677
213;Лиза;Лягушка;15;998;43;300
214;Люси;Осел;3;152;934;676
215;Лилу;Свинка;15;496;819;303
216;Ласка;Индюк;4;127;22;883
217;Лара;Кролик;1;840;848;977
218;Лилли;Рыбка;5;732;512;208
219;Лулу;Кошка;19;201;408;424
220;Лапа;Енот;13;331;407;182
221;Лайда;Лиса;3;218;324;300
222;Лэкси;Мышка;2;505;950;615
223;Линси;Оца;3;168;332;137
224;Лаура;Попугай;6;281;918;207
225;Лисичка;Собака;5;338;725;175
226;Лаффи;Кошка;13;834;409;163
227;Леона;Ягуар;12;834;32;634
228;Лея;Лошадь;17;8;750;366
229;Макс;Лиса;19;753;814;337
230;Майло;Рыбка;2;851;27;581
231;Марсель;Кошка;2;90;66;926
232;Малыш;Свинка;13;927;246;497
233;Майк;Лягушка;7;881;759;775
234;Мартин;Лягушка;3;841;510;248
235;Микки;Собака;18;60;653;139
236;Марс;Собака;6;493;756;931
237;Мухтар;Ягуар;10;24;754;754
238;Мотя;Обезьяна;14;689;50;808
239;Марти;Ягуар;20;144;981;277
240;Мэнни;Лиса;8;801;730;675
241;Майкл;Шиншилла;15;346;88;842
242;Марк;Мышка;9;646;505;376
243;Мейсон;Волк;10;683;486;458
244;Майки;Оца;9;738;781;759
245;Митяй;Хамелеон;3;920;177;247
246;Мустанг;Канарейка;9;599;69;294
247;Марик;Индюк;1;212;726;534
248;Мич;Хамелеон;1;834;627;840
249;Маврик;Осел;16;332;249;573
250;Мэлвин;Свинка;12;299;422;398
251;Монти;Мышка;1;444;812;412
252;Мачо;Гусь;16;106;907;133
253;Максимус;Попугай;9;460;869;701
254;Масик;Оца;4;636;530;918
255;Михей;Лиса;9;955;776;324
256;Ника;Канарейка;10;592;307;47
257;Нюша;Скунс;10;382;239;37
258;Найда;Скунс;14;852;277;815
259;Нора;Змея;13;490;738;211
260;Николь;Рыбка;2;756;504;669
261;Ники;Оца;10;577;473;972
262;Нэнси;Ягуар;11;951;682;973
263;Нана;Гусь;18;819;163;885
264;Няша;Гусь;5;727;11;515
265;Нелли;Обезьяна;16;300;295;669
266;Нюся;Гусь;20;959;436;445
267;Николетта;Лошадь;9;891;51;412
268;Наоми;Кролик;17;109;895;54
269;Найта;Оца;5;992;93;874
270;Ночка;Шиншилла;18;652;332;729
271;Нэлли;Змея;17;363;284;798
272;Нюра;Собака;19;272;519;412
273;Нота;Шиншилла;1;978;746;340
274;Нори;Змея;4;375;738;834
275;Нанни;Индюк;11;693;565;840
276;Наня;Обезьяна;4;807;508;447
277;Нева;Рыбка;14;414;112;704
278;Найк;Хомяк;12;529;858;91
279;Ник;Скунс;13;36;132;172
280;Норд;Хомяк;17;247;938;723
281;Найс;Канарейка;1;456;855;713
282;Нельсон;Енот;11;255;65;124
283;Найт;Волк;9;10;772;738
284;Найджел;Обезьяна;4;829;565;961
285;Нафаня;Хамелеон;1;672;732;537
286;Норман;Волк;2;153;816;156
287;Нильсон;Кролик;12;548;410;355
288;Ной;Свинка;11;86;675;913
289;Нико;Шиншилла;13;300;395;276
290;Нэш;Канарейка;3;1;626;260
291;Нордик;Кролик;10;218;286;944
292;Никас;Свинка;6;782;223;640
293;Нео;Индюк;11;582;423;19
294;Нойз;Канарейка;5;552;676;621
295;Ньютон;Канарейка;3;272;857;414
296;Немо;Скунс;16;130;338;486
297;Нильс;Мышка;17;875;154;632
298;Норрис;Осел;19;744;983;718
299;Нортон;Скунс;4;750;367;410
300;Нейсон;Осел;16;721;777;906
301;Николас;Собака;1;516;658;526
302;Никос;Осел;20;620;785;454
303;Несквик;Оца;17;374;495;63
304;Найл;Обезьяна;11;559;329;977
305;Нокс;Лошадь;13;402;968;751
306;Нолик;Ягуар;10;952;614;447
307;Нуар;Рыбка;10;830;567;134
308;Николя;Оца;13;992;439;428
309;Оливия;Кошка;10;164;277;261
310;Оpхидея;Гусь;18;435;637;635
311;Одри;Лиса;8;354;676;530
312;Олли;Лиса;11;103;357;147
313;Ося;Скунс;18;471;203;508
314;Офелия;Гусь;3;157;463;841
315;Оливка;Хамелеон;5;969;59;162
316;Оззи;Свинка;15;364;168;38
317;Орли;Паук;5;377;147;770
318;Оделия;Попугай;13;100;522;326
319;Ости;Кошка;10;420;623;848
320;Одетта;Попугай;10;28;906;707
321;Отти;Лиса;16;126;88;433
322;Олика;Гусь;16;618;570;958
323;Омелия;Собака;17;850;111;459
324;Оня;Хамелеон;18;734;225;921
325;Оскар;Мышка;7;862;126;799
326;Остин;Ягуар;7;724;679;150
327;Одди;Волк;17;11;698;137
328;Оливер;Волк;1;911;583;236
329;Отис;Енот;6;858;680;7
330;Огонёк;Оца;10;269;723;917
331;Олаф;Кролик;14;545;126;188
332;Отто;Индюк;20;856;757;879
333;Оникс;Шиншилла;11;338;411;983
334;Орфей;Енот;2;976;457;182
335;Осман;Лошадь;16;73;420;267
336;Один;Мышка;1;930;415;229
337;Орландо;Осел;13;198;919;992
338;Оби Ван;Обезьяна;20;531;531;932
339;Оушен;Лошадь;20;844;166;955
340;Оз;Кошка;20;291;144;592
341;Олимпус;Ягуар;13;545;92;556
342;Одис;Лиса;16;826;639;979
343;Ольф;Рыбка;8;305;983;639
344;Омон;Лошадь;4;395;29;539
345;Орион;Свинка;1;106;892;217
346;Орлик;Паук;16;419;750;271
347;Одиссей;Лошадь;18;861;23;942
348;Освальд;Хамелеон;18;570;635;640
349;Олимп;Змея;20;87;932;75
350;Пандора;Ягуар;19;762;313;108
351;Прада;Скунс;9;614;853;43
352;Пума;Оца;7;53;300;577
353;Персик;Хомяк;4;265;447;801
354;Пальма;Осел;15;562;659;710
355;Плюшка;Кошка;18;632;371;847
356;Полли;Шиншилла;16;334;383;836
357;Пинки;Гусь;18;475;386;663
358;Пепси;Кошка;12;609;350;659
359;Петти;Скунс;13;208;65;714
360;Патриция;Кошка;16;45;941;267
361;Памелла;Попугай;15;148;769;729
362;Прима;Рыбка;2;221;508;678
363;Пуговка;Гусь;19;315;969;443
364;Пантера;Кролик;6;677;552;228
365;Пелагея;Гусь;2;960;158;792
366;Пушинка;Змея;15;775;574;318
367;Пеппи;Свинка;6;486;348;572
368;Пэрис;Мышка;15;453;186;973
369;Печенюшка;Гусь;12;442;366;692
370;Принцесса;Лошадь;10;1;241;235
371;Пуффи;Енот;5;875;142;301
372;Пегги;Обезьяна;20;703;11;729
373;Пайпер;Попугай;11;870;392;47
374;Панда;Скунс;3;716;842;149
375;Пигги;Лошадь;19;548;80;918
376;Полночь;Хамелеон;3;351;391;400
377;Пейдж;Кролик;14;724;584;366
378;Персик;Собака;1;454;359;244
379;Пират;Обезьяна;15;217;942;613
380;Пайк;Индюк;10;791;424;326
381;Патрик;Обезьяна;15;18;175;707
382;Принц;Лиса;19;647;427;270
383;Полкан;Канарейка;7;579;271;443
384;Перс;Ягуар;1;387;69;409
385;Прайм;Енот;2;78;641;215
386;Пуфик;Хамелеон;9;66;763;777
387;Плуто;Свинка;12;174;882;708
388;Пумба;Паук;7;910;693;181
389;Персей;Паук;16;359;534;846
390;Порш;Кролик;2;589;674;461
391;Прайд;Волк;16;280;876;20
392;Паркер;Хомяк;11;524;640;532
393;Панчо;Индюк;7;642;825;302
394;Перри;Хамелеон;14;185;971;70
395;Пегас;Хамелеон;16;717;984;998
396;Пинки;Шиншилла;18;923;690;29
397;Пух;Рыбка;17;140;502;458
398;Пуф;Попугай;7;989;523;524
399;Плюш;Лягушка;1;561;786;364
400;Парис;Хомяк;11;996;985;572
401;Платон;Рыбка;7;342;399;684
402;Пряник;Рыбка;2;309;881;965
403;Паки;Ягуар;9;673;506;638
404;Потап;Индюк;6;429;982;354
405;Пако;Собака;8;487;385;204
406;Пинк;Хомяк;17;49;334;108
407;Понго;Шиншилла;12;879;438;428
408;Пьер;Ягуар;5;518;586;615
409;Паппи;Оца;9;482;187;547
410;Пирожок;Обезьяна;13;75;409;721
411;Портос;Хамелеон;7;723;724;436
412;Рада;Кролик;9;315;304;681
413;Рокси;Лягушка;6;689;668;499
414;Рона;Собака;19;248;391;500
415;Рози;Хомяк;14;84;280;795
416;Руна;Шиншилла;2;703;526;542
417;Руби;Мышка;12;183;329;244
418;Роза;Змея;18;160;981;395
419;Рута;Ягуар;9;654;447;270
420;Рэйчел;Волк;4;455;151;72
421;Рэкси;Хомяк;13;142;279;29
422;Рина;Хамелеон;9;586;466;155
423;Рони;Кошка;1;773;753;467
424;Райна;Волк;17;716;783;4
425;Рита;Собака;19;384;607;860
426;Росси;Лошадь;13;532;521;659
427;Роксана;Мышка;11;50;233;508
428;Руффи;Волк;7;302;689;602
429;Радуга;Змея;16;335;838;964
430;Реми;Енот;10;509;522;414
431;Реджина;Лягушка;9;593;759;702
432;Рэйда;Осел;5;844;202;900
433;Рыся;Кошка;17;415;500;755
434;Ребекка;Змея;14;837;313;974
435;Ронда;Хомяк;5;509;667;574
436;Ренди;Хамелеон;10;155;788;426
437;Радость;Паук;17;809;701;305
438;Рашель;Индюк;17;861;348;468
439;Рианна;Скунс;5;617;289;91
440;Райфи;Собака;6;937;886;152
441;Реджи;Лягушка;10;888;106;5
442;Рейна;Скунс;1;869;118;278
443;Риджи;Лошадь;5;116;310;488
444;Рэкс;Ягуар;14;332;787;246
445;Риччи;Кролик;9;204;170;178
446;Рэй;Рыбка;11;116;885;332
447;Ричард;Лягушка;20;915;340;232
448;Рэм;Енот;18;395;219;369
449;Рой;Хомяк;18;999;110;401
450;Рэм;Енот;13;263;943;318
451;Рикки;Индюк;9;550;580;507
452;Райд;Хамелеон;18;491;121;467
453;Рамзес;Свинка;4;843;265;772
454;Ронни;Хомяк;3;497;859;436
455;Рок;Хомяк;17;484;910;535
456;Руди;Лягушка;6;112;248;91
457;Раф;Рыбка;3;508;112;381
458;Ред;Паук;19;972;218;727
459;Рико;Попугай;1;416;476;984
460;Рио;Собака;13;944;471;406
461;Райт;Лошадь;6;604;613;911
462;Рай;Оца;6;637;436;644
463;Рейн;Мышка;17;958;133;203
464;Рэд;Гусь;4;736;713;525
465;Райдер;Свинка;15;972;994;434
466;Рольф;Скунс;4;43;267;255
467;Рафаель;Собака;9;108;341;9
468;Рэмбо;Лягушка;20;978;570;118
469;Рамштайн;Скунс;8;741;620;356
470;Руфус;Змея;9;707;201;980
471;Райс;Енот;12;974;137;815
472;Райф;Хомяк;14;860;358;345
473;Ретт Батлер;Обезьяна;9;494;347;944
474;Руни;Скунс;13;900;490;441
475;Реми;Попугай;12;883;204;338
476;Рокс;Лягушка;7;343;275;136
477;Рубик;Скунс;14;867;500;510
478;Рэмми;Попугай;4;42;233;449
479;Соня;Кошка;17;293;448;45
480;Стелла;Скунс;16;536;706;587
481;Сара;Собака;1;461;14;966
482;Сима;Шиншилла;8;763;57;326
483;Софи;Волк;3;687;626;780
484;Сильва;Хомяк;3;122;338;830
485;Синди;Собака;15;678;410;569
486;Стеша;Оца;8;504;292;54
487;Салли;Мышка;18;782;917;584
488;Снежинка;Свинка;12;23;897;342
489;Сандра;Собака;4;311;374;457
490;Стеффи;Лошадь;15;195;426;912
491;Сюзи;Гусь;18;268;198;549
492;Симона;Кошка;8;318;347;610
493;Сакура;Гусь;13;419;416;423
494;Сэнди;Мышка;13;366;114;239
495;Саманта;Лошадь;5;220;451;168
496;Сьюзи;Лошадь;4;375;860;267
497;Санни;Ягуар;5;106;406;782
498;Стешка;Гусь;16;978;666;406
499;Стейси;Волк;4;588;433;576
500;Смолли;Скунс;13;103;272;847
501;Скарлетт;Кошка;16;99;806;497
502;Самбука;Гусь;17;846;67;598
503;Смайла;Кролик;15;503;429;795
504;Селина;Свинка;8;115;822;913
505;Стрелка;Оца;16;414;551;519
506;Сальма;Собака;20;646;420;355
507;Скалли;Енот;6;488;886;546
508;Спайк;Обезьяна;4;702;936;961
509;Скуби Ду;Хамелеон;3;602;448;315
510;Саймон;Собака;12;610;570;615
511;Стич;Енот;4;436;240;848
512;Скай;Шиншилла;9;894;933;556
513;Султан;Кошка;16;645;385;998
514;Снежок;Паук;11;55;443;38
515;Сириус;Гусь;12;840;668;293
516;Снупи;Мышка;17;111;697;687
517;Спартак;Лиса;16;366;996;205
518;Сникерс;Лошадь;1;677;695;191
519;Скиф;Хамелеон;9;195;581;278
520;Стиф;Лягушка;4;826;399;96
521;Сэт;Паук;1;460;372;30
522;Сильвер;Обезьяна;7;614;774;146
523;Самсон;Обезьяна;16;504;844;2
524;Смайл;Попугай;19;230;333;439
525;Старк;Кролик;14;807;823;482
526;Снуп Дог;Кошка;3;849;450;569
527;Север;Енот;8;357;441;800
528;Спарки;Ягуар;18;455;968;21
529;Сэр;Обезьяна;11;365;600;960
530;Соломон;Попугай;6;409;850;571
531;Счастливчик;Змея;13;105;826;936
532;Сет;Свинка;6;988;573;305
533;Стэн;Рыбка;4;298;2;796
534;Санчо;Свинка;13;680;284;159
535;Симон;Паук;11;769;884;608
536;Смоки;Мышка;18;397;675;209
537;Санта;Кошка;19;325;79;849
538;Северус;Скунс;7;479;853;737
539;Симбо;Кошка;20;430;645;648
540;Саурон;Хамелеон;4;232;83;572
541;Сантьяго;Мышка;18;732;317;907
542;Спок;Енот;19;214;692;325
543;Стинг;Волк;2;995;726;43
544;Сапфир;Ягуар;17;540;399;655
545;Сидней;Шиншилла;10;552;902;470
546;Сумрак;Собака;17;624;17;330
547;Стив;Свинка;15;587;449;418
548;Тори;Мышка;2;237;115;561
549;Тося;Кролик;14;931;79;622
550;Тина;Канарейка;19;890;959;790
551;Тайга;Рыбка;15;896;436;912
552;Терри;Обезьяна;9;155;584;975
553;Тиффани;Енот;15;156;793;845
554;Тайра;Скунс;15;841;764;654
555;Тася;Гусь;17;222;486;735
556;Тяпа;Хамелеон;18;445;860;339
557;Тэсси;Кошка;10;986;159;136
558;Туся;Попугай;9;460;221;899
559;Тэффи;Кошка;9;174;911;300
560;Таша;Лягушка;9;263;643;558
561;Триша;Оца;16;679;617;733
562;Трейси;Оца;15;564;380;13
563;Тайна;Рыбка;17;853;301;325
564;Тэрра;Рыбка;15;275;679;903
565;Таффи;Паук;7;10;492;146
566;Тора;Лиса;2;361;704;590
567;Тучка;Енот;11;877;496;351
568;Тави;Рыбка;10;352;527;95
569;Тэсси;Лошадь;9;894;195;409
570;Тутси;Свинка;15;407;849;722
571;Тефтелька;Осел;16;238;897;894
572;Таппи;Оца;14;723;299;17
573;Тая;Свинка;1;34;473;125
574;Тейсти;Хамелеон;2;622;921;395
575;Тильда;Оца;20;934;735;820
576;Троя;Енот;16;263;178;470
577;Тэйси;Хамелеон;9;878;910;733
578;Тинки;Кролик;18;806;383;517
579;Тaйсон;Лиса;11;307;574;995
580;Татошка;Хамелеон;16;243;170;304
581;Тэдди;Попугай;10;206;328;995
582;Тимка;Кролик;17;915;598;993
583;Тошка;Обезьяна;2;350;750;220
584;Тишка;Канарейка;17;493;316;964
585;Тимоша;Обезьяна;18;699;705;314
586;Тор;Волк;4;250;532;389
587;Тобик;Хамелеон;7;403;813;320
588;Том;Кролик;11;932;104;391
589;Туман;Ягуар;9;260;719;136
590;Тэдди;Попугай;6;579;436;864
591;Тайфун;Свинка;4;921;768;849
592;Тай;Попугай;17;971;720;13
593;Ти-Джей;Собака;14;791;605;690
594;Тайлер;Скунс;7;656;44;539
595;Тимон;Хомяк;16;177;575;335
596;Томас;Шиншилла;16;517;936;18
597;Тэд;Собака;2;745;289;103
598;Тайгер;Хомяк;6;164;934;378
599;Топик;Волк;7;388;803;643
600;Терри;Попугай;5;852;641;602
601;Тигр;Собака;8;174;523;107
602;Твикс;Индюк;6;133;179;614
603;Трой;Енот;14;241;350;755
604;Тео;Хомяк;10;819;548;970
605;Тайс;Осел;8;645;690;853
606;Тайрон;Змея;14;408;72;927
607;Тито;Свинка;1;427;881;700
608;Тихон;Рыбка;16;423;474;367
609;Тони;Осел;6;532;627;928
610;Такер;Осел;17;434;535;530
611;Топаз;Змея;10;555;241;869
612;Трюфель;Хомяк;18;631;982;924
613;Тейлор;Кролик;15;511;407;896
614;Турбо;Шиншилла;19;702;38;515
615;Тимур;Кролик;1;54;526;987
616;Тигран;Кролик;5;105;948;681
617;Тимофей;Кошка;6;336;915;579
618;Талисман;Кошка;7;508;439;514
619;Таир;Индюк;3;908;148;389
620;Тарзан;Гусь;18;454;1000;657
621;Теодор;Ягуар;3;400;409;498
622;Умка;Обезьяна;19;845;559;171
623;Уна;Шиншилла;9;824;668;910
624;Уитни;Хомяк;16;483;607;419
625;Ульяна;Рыбка;2;826;13;292
626;Уми;Хомяк;1;96;557;492
627;Ультра;Кролик;17;297;860;101
628;Урсула;Лягушка;13;937;477;804
629;Ульма;Скунс;3;504;146;947
630;Уника;Паук;18;553;697;19
631;Уляша;Лягушка;11;49;216;525
632;Удача;Собака;6;200;106;734
633;Улитка;Шиншилла;12;329;227;723
634;Улана;Шиншилла;5;824;740;97
635;Унга;Паук;5;904;12;682
636;Уинни;Ягуар;15;559;965;964
637;Ундина;Мышка;1;343;351;734
638;Умка;Свинка;11;614;249;500
639;Уран;Оца;18;790;590;454
640;Уайт;Енот;12;581;661;362
641;Уголек;Собака;12;760;933;674
642;Уилфред;Осел;12;932;331;522
643;Уильям;Кошка;11;652;13;576
644;Урман;Мышка;11;130;395;396
645;Улан;Лиса;16;713;961;740
646;Урал;Канарейка;13;125;911;192
647;Уолт;Лиса;3;327;977;296
648;Уолтер;Собака;1;84;845;653
649;Успех;Свинка;4;605;990;899
650;Умник;Попугай;11;461;840;211
651;Урс;Хамелеон;11;657;34;700
652;Урри;Мышка;6;514;814;48
653;Урфи Джус;Осел;10;129;711;604
654;Уно;Индюк;19;377;140;305
655;Унгар;Кролик;4;784;270;903
656;Уго;Гусь;13;832;733;227
657;Уникум;Попугай;18;142;387;615
658;Урган;Канарейка;4;84;321;157
659;Фиби;Енот;14;939;856;522
660;Фиона;Свинка;16;629;971;463
661;Феня;Лягушка;1;27;102;585
662;Фанни;Лошадь;20;184;644;697
663;Фенечка;Паук;14;462;333;540
664;Фиджи;Енот;9;213;726;787
665;Фисташка;Обезьяна;7;30;90;577
666;Фрида;Волк;5;941;636;906
667;Флора;Осел;13;641;283;680
668;Фабби;Паук;10;631;778;443
669;Фея;Кролик;5;774;504;359
670;Флаффи;Свинка;6;105;611;495
671;Флер;Енот;3;425;363;290
672;Фанта;Попугай;10;585;265;764
673;Фелиция;Енот;14;225;791;511
674;Фи-фи;Индюк;12;16;294;276
675;Фрутти;Скунс;13;350;840;875
676;Франческа;Паук;7;517;278;879
677;Фиалка;Шиншилла;5;22;608;988
678;Фиеста;Оца;8;105;154;551
679;Фифа;Лиса;12;66;711;373
680;Фортуна;Попугай;19;521;536;191
681;Фимка;Хамелеон;1;619;207;903
682;Фира;Осел;18;423;270;461
683;Фокс;Индюк;3;550;765;509
684;Фил;Оца;7;429;41;181
685;Филя;Ягуар;13;309;900;876
686;Фунтик;Кролик;18;787;275;498
687;Феликс;Рыбка;10;47;903;364
688;Фред;Лягушка;8;276;279;565
689;Фантик;Волк;3;249;556;396
690;Феня;Гусь;14;697;212;206
691;Флэш;Хомяк;12;401;109;431
692;Флинт;Паук;4;557;910;28
693;Флай;Хамелеон;2;490;994;293
694;Фредди;Лиса;19;470;816;61
695;Фараон;Индюк;2;938;433;566
696;Феникс;Паук;18;514;641;524
697;Фрай;Змея;3;935;473;439
698;Форест;Шиншилла;1;787;652;853
699;Френки;Канарейка;15;219;658;706
700;Федор;Кролик;16;124;606;371
701;Филипп;Кролик;16;614;803;709
702;Франц;Рыбка;5;854;314;21
703;Фаер;Ягуар;7;981;845;32
704;Фидель;Скунс;2;777;656;809
705;Фауст;Гусь;4;871;744;983
706;Филимон;Паук;16;889;430;798
707;Фабиан;Кролик;8;156;901;943
708;Файер;Лиса;8;680;447;905
709;Фигаро;Паук;6;490;764;244
710;Френд;Попугай;9;709;36;517
711;Фродо;Скунс;9;840;935;952
712;Финн;Оца;3;615;663;242
713;Франк;Лягушка;1;476;123;417
714;Фрей;Свинка;3;967;854;964
715;Флойд;Свинка;11;975;125;367
716;Хлоя;Паук;1;774;837;613
717;Холли;Шиншилла;3;906;519;255
718;Ханна;Канарейка;5;888;712;420
719;Хайди;Хамелеон;13;25;778;556
720;Хонда;Лиса;16;589;974;375
721;Хельга;Кролик;2;636;762;537
722;Харти;Шиншилла;20;622;939;293
723;Хиллари;Осел;10;204;78;876
724;Хильда;Кошка;3;302;957;91
725;Ханни;Лиса;12;282;636;810
726;Ханти;Мышка;3;671;449;560
727;Харси;Мышка;7;28;821;254
728;Хейли;Волк;12;136;596;376
729;Хелен;Шиншилла;13;391;977;865
730;Хатико;Свинка;17;305;892;729
731;Хан;Хамелеон;7;100;136;744
732;Хайди;Канарейка;15;378;319;904
733;Хантер;Хомяк;2;159;730;198
734;Халк;Паук;11;882;929;314
735;Хэппи;Кошка;6;487;127;8
736;Хуч;Хомяк;20;704;886;62
737;Хьюго;Скунс;13;919;375;376
738;Хвостик;Мышка;12;958;839;846
739;Хаммер;Хамелеон;10;496;784;845
740;Хич;Обезьяна;16;986;846;18
741;Харт;Змея;2;463;238;60
742;Харди;Енот;1;377;130;63
743;Харли;Попугай;5;957;238;597
744;Хью;Скунс;8;374;457;839
745;Хэнк;Лиса;1;877;805;633
746;Хутч;Скунс;18;535;160;353
747;Хасан;Лиса;6;758;65;433
748;Хаки;Кролик;10;129;965;371
749;Харлей;Оца;12;34;841;654
750;Харви;Гусь;11;609;837;71
751;Хьюстон;Лиса;14;811;634;838
752;Хайк;Собака;11;893;70;828
753;Халиф;Мышка;20;94;884;979
754;Хагрид;Волк;11;633;678;86
755;Харти;Паук;17;797;274;923
756;Хамер;Енот;2;709;970;934
757;Хотабыч;Хамелеон;11;677;248;613
758;Хамфри;Волк;18;751;802;569
759;Хитч;Змея;2;509;62;551
760;Хакер;Лошадь;18;626;773;291
761;Ханс;Мышка;11;896;688;249
762;Харрис;Гусь;11;870;229;815
763;Хорт;Волк;11;410;596;989
764;Хайс;Рыбка;1;124;590;888
765;Цея;Хамелеон;11;520;520;802
766;Цезария;Осел;14;100;429;246
767;Цара;Кошка;6;977;875;653
768;Цаца;Свинка;13;960;50;942
769;Царина;Кролик;18;244;730;558
770;Цесса;Хомяк;14;935;123;197
771;Цефи;Кошка;10;739;158;961
772;Цветочек;Обезьяна;20;793;984;341
773;Центурия;Свинка;5;432;592;709
774;Цири;Енот;14;704;497;145
775;Циля;Рыбка;10;928;687;837
776;Цапа;Кролик;8;102;388;611
777;Церцея;Лягушка;2;862;638;375
778;Цими;Кошка;6;387;840;41
779;Цезарь;Паук;19;204;10;127
780;Цербер;Лягушка;9;180;441;709
781;Царь;Хомяк;4;488;281;739
782;Цейс;Хомяк;4;35;642;81
783;Цент;Паук;10;696;782;57
784;Центурион;Мышка;2;558;668;732
785;Циклон;Хомяк;16;657;290;693
786;Цукат;Енот;9;641;582;150
787;Цицерон;Лиса;6;579;842;354
788;Церби;Змея;13;657;934;476
789;Цезарион;Скунс;14;945;315;167
790;Цедрик;Кролик;1;663;723;931
791;Цыган;Скунс;12;29;848;641
792;Церон;Гусь;18;455;768;612
793;Цефей;Лягушка;13;202;412;244
794;Челси;Гусь;4;678;48;668
795;Чапа;Канарейка;11;393;948;506
796;Черри;Гусь;11;686;401;685
797;Чика;Кролик;19;563;417;455
798;Чита;Енот;7;722;614;223
799;Чуча;Хомяк;20;795;758;115
800;Чили;Змея;4;991;47;897
801;Чейза;Свинка;16;656;908;877
802;Чернышка;Оца;13;775;184;448
803;Чика;Лиса;13;889;848;859
804;Черника;Волк;5;934;775;117
805;Чиби;Мышка;9;100;714;873
806;Челси;Змея;12;811;679;579
807;Чана;Канарейка;20;170;957;877
808;Чарси;Попугай;8;395;68;78
809;Чилита;Канарейка;10;465;86;494
810;Чарли;Хомяк;16;168;265;960
811;Чак;Индюк;2;750;398;173
812;Чип;Канарейка;3;180;30;951
813;Честер;Свинка;20;588;630;692
814;Чапик;Оца;9;981;933;667
815;Чоп;Хомяк;10;257;228;379
816;Челси;Волк;17;229;931;855
817;Чипс;Попугай;16;623;427;620
818;Чудо;Канарейка;2;150;700;552
819;Черныш;Змея;5;512;374;942
820;Чейз;Свинка;17;57;506;72
821;Чарльз;Змея;2;4;606;878
822;Чингиз Хан;Осел;12;235;822;163
823;Чико;Кошка;4;21;342;279
824;Че Гевара;Хомяк;8;1;474;45
825;Чингиз;Попугай;7;477;392;418
826;Черчиль;Попугай;9;274;616;145
827;Чиф;Гусь;10;7;55;263
828;Чивас;Собака;7;601;647;773
829;Чао;Осел;13;803;207;832
830;Чендлер;Волк;19;415;992;514
831;Чемпион;Свинка;9;589;381;656
832;Читер;Волк;9;842;12;885
833;Чавес;Гусь;3;734;659;154
834;Шэрри;Волк;10;903;894;52
835;Шанель;Хамелеон;9;65;226;592
836;Шелли;Шиншилла;19;990;411;459
837;Шейла;Енот;15;179;382;715
838;Шакира;Мышка;19;40;367;606
839;Шанти;Попугай;2;367;638;682
840;Шарлотта;Индюк;10;902;499;784
841;Шоколадка;Лиса;3;207;232;997
842;Шайна;Волк;13;146;641;737
843;Шанталь;Лиса;13;516;379;913
844;Шанси;Змея;9;191;578;597
845;Шива;Лошадь;7;975;890;906
846;Шарлиз;Лягушка;10;154;84;886
847;Шая;Кошка;11;811;924;974
848;Шкода;Лягушка;3;849;121;439
849;Шуша;Собака;19;146;922;215
850;Шейна;Кролик;17;528;658;751
851;Шерли;Хамелеон;17;640;468;295
852;Шедоу;Лиса;7;88;201;910
853;Шоко;Рыбка;19;123;174;235
854;Шармель;Кролик;9;337;129;750
855;Шарик;Змея;13;949;961;268
856;Шерхан;Лошадь;16;429;562;579
857;Шелдон;Хамелеон;1;579;213;587
858;Шерлок;Хамелеон;10;459;135;767
859;Шаман;Паук;12;490;683;599
860;Шериф;Волк;1;1;348;990
861;Шон;Лошадь;15;20;427;433
862;Шульц;Лягушка;15;300;889;269
863;Шелтон;Хомяк;20;738;715;668
864;Шерри;Попугай;4;756;593;180
865;Шеф;Оца;1;464;127;58
866;Шепард;Лиса;3;574;77;293
867;Шрек;Хомяк;12;580;68;719
868;Шварц;Рыбка;5;74;242;913
869;Шейк;Осел;5;825;384;914
870;Шустрик;Осел;9;384;790;355
871;Шанс;Канарейка;18;56;333;679
872;Шнурок;Хомяк;7;152;222;757
873;Шэдо;Собака;1;528;427;509
874;Шейх;Лошадь;8;586;984;808
875;Шони;Хомяк;1;517;551;622
876;Шторм;Гусь;17;775;382;275
877;Шафран;Индюк;1;805;318;155
878;Шерман;Гусь;17;961;817;547
879;Шнапс;Оца;16;149;308;496
880;Шоколад;Канарейка;6;331;843;746
881;Шастик;Змея;13;1;101;177
882;Шекспир;Кролик;1;857;24;231
883;Штирлиц;Мышка;19;909;54;361
884;Швепс;Индюк;10;776;930;449
885;Эльза;Скунс;15;349;343;875
886;Эшли;Обезьяна;7;982;587;811
887;Эбби;Рыбка;15;91;181;657
888;Элис;Хомяк;15;918;782;738
889;Эмма;Кошка;18;730;481;223
890;Элли;Свинка;17;621;473;822
891;Энджи;Хамелеон;8;503;305;519
892;Элизабет;Скунс;20;185;962;260
893;Элси;Паук;18;69;65;292
894;Эмили;Хамелеон;19;60;321;532
895;Эстер;Индюк;13;219;490;955
896;Энни;Лиса;12;867;76;15
897;Эсми;Волк;12;912;233;112
898;Эстель;Лягушка;9;319;606;415
899;Элиссон;Осел;8;440;999;460
900;Эврика;Лошадь;15;136;390;505
901;Элеонора;Волк;6;988;62;687
902;Эмбер;Скунс;20;994;666;507
903;Эйвари;Змея;2;667;689;715
904;Элисия;Паук;20;821;186;98
905;Эдмон;Попугай;8;53;943;569
906;Элвис;Лошадь;1;724;789;989
907;Эрик;Собака;8;162;379;668
908;Эдди;Лягушка;2;213;19;372
909;Элвин;Лиса;5;409;502;460
910;Эрни;Паук;16;593;255;2
911;Эдельвейс;Волк;17;856;790;574
912;Эштон;Волк;7;262;292;767
913;Энди;Мышка;15;686;746;435
914;Эйнштейн;Гусь;19;403;631;465
915;Эдгар;Змея;8;734;886;91
916;Эмир;Индюк;11;579;525;410
917;Эдвард;Паук;12;745;596;229
918;Эней;Кролик;19;692;825;68
919;Эль- Дьябло;Скунс;8;385;478;449
920;Эльф;Шиншилла;5;527;106;456
921;Эйс Вентура;Попугай;12;360;41;676
922;Эскимо;Скунс;2;894;350;87
923;Эклер;Попугай;9;555;416;150
924;Эдем;Индюк;14;452;307;326
925;Эмиль;Енот;20;129;750;890
926;Эдвин;Лошадь;17;48;137;535
927;Эй-Джей;Канарейка;1;811;195;599
928;Эйр;Мышка;9;352;594;675
929;Эверест;Змея;8;592;973;187
930;Эллорд;Собака;18;567;298;727
931;Юта;Индюк;9;595;915;778
932;Юна;Свинка;19;454;250;356
933;Юнона;Осел;16;768;604;848
934;Юся;Змея;5;948;300;398
935;Юми;Канарейка;6;360;698;905
936;Юста;Лягушка;9;352;218;359
937;Юша;Рыбка;6;357;214;909
938;Юзя;Осел;2;324;274;949
939;Юла;Хамелеон;5;610;329;289
940;Ювента;Канарейка;11;352;459;267
941;Юлика;Попугай;9;483;224;687
942;Юнна;Мышка;13;107;467;755
943;Ювелия;Волк;19;553;720;597
944;Южана;Свинка;5;487;802;872
945;Юмина;Лошадь;7;659;163;707
946;Юджин;Собака;4;86;644;123
947;Юстас;Кролик;10;528;447;800
948;Юрчик;Шиншилла;11;577;638;632
949;Юкки;Шиншилла;1;738;325;999
950;Юлий;Рыбка;2;648;844;450
951;Юлий Цезарь;Шиншилла;1;851;893;684
952;Юпитер;Скунс;17;801;22;519
953;Ювентус;Волк;14;514;486;945
954;Юкон;Лягушка;7;948;241;353
955;Юник;Хамелеон;15;843;481;420
956;Юго;Волк;13;639;869;674
957;Юпи;Волк;12;758;892;388
958;Юрай;Лиса;5;465;663;613
959;Юкан;Лягушка;14;49;703;109
960;Юг;Лягушка;10;732;491;934
961;Юзеф;Хомяк;6;934;332;329
962;Юкас;Рыбка;18;269;700;384
963;Юкс;Оца;20;45;313;456
964;Юлик;Ягуар;1;500;110;938
965;Юнгар;Мышка;12;181;929;961
966;Юстин;Скунс;9;367;975;9
967;Юнайт;Рыбка;14;252;575;911
968;Юнга;Свинка;11;778;532;181
969;Юнур;Лягушка;14;387;697;885
970;Юрхан;Лошадь;13;174;495;605
971;Юстиниан;Хомяк;7;123;417;160
972;Яся;Хамелеон;17;595;374;22
973;Яра;Рыбка;9;504;304;200
974;Ягодка;Мышка;2;643;203;504
975;Ясмин;Индюк;5;136;307;54
976;Ямайка;Осел;4;149;113;835
977;Яффи;Хамелеон;15;826;586;197
978;Ясна;Енот;7;486;422;988
979;Янга;Осел;12;185;384;221
980;Яшма;Собака;17;776;857;547
981;Янина;Собака;20;986;925;13
982;Ялика;Кошка;5;113;412;832
983;Ярославна;Попугай;20;621;228;695
984;Янни;Гусь;12;285;75;941
985;Ярда;Енот;10;786;539;443
986;Ярита;Оца;10;229;612;238
987;Ядвига;Рыбка;3;481;210;475
988;Яффи;Лягушка;17;814;201;676
989;Янчи;Паук;1;12;632;853
990;Ярик;Паук;14;930;148;463
991;Ян;Собака;11;799;263;802
992;Ясик;Гусь;7;709;118;831
993;Ясон;Змея;17;676;695;768
994;Якут;Попугай;15;703;961;351
995;Ярый;Гусь;7;863;327;46
996;Яр;Скунс;20;424;123;95
997;Янтарь;Гусь;18;242;903;529
998;Янис;Обезьяна;15;288;700;290
999;Яхонт;Осел;13;649;741;514
1000;Ярд;Кролик;13;262;679;385
