1;АВАТЕК 15 % СС;Не требуется;29;6450;2015-03-25
2;АВЕРОФАРМ;Требуется;5;5700;2018-06-01
3;АВЕРСЕКТ - 2;Требуется;22;3550;2018-09-24
4;АВЕРСЕКТ К&C;Требуется;10;1650;2016-12-21
5;АВЕРСЕКТ-2 ВК;Не требуется;26;8250;2012-08-24
6;АВЕРТЕЛЬ;Требуется;26;3300;2015-08-24
7;АВИЗИМ 1100;Требуется;15;6800;2011-09-02
8;АВИЗИМ 1200;Не требуется;24;8750;2015-01-02
9;АВИЗИМ 1300;Требуется;28;5650;2015-12-26
10;АВИЗИМ 1500;Требуется;27;2000;2018-06-19
11;АВИМУТИН ГИДРО;Не требуется;22;2800;2017-01-15
12;АГИТА 10 WG;Требуется;5;8950;2010-06-30
13;АГИФЛАЙ;Не требуется;9;8250;2019-02-07
14;АДВАНТЕЙДЖ 40;Не требуется;14;7150;2017-12-05
15;АДВАНТЕЙДЖ 80;Требуется;20;3500;2018-10-15
16;АДВАНТИКС;Требуется;7;9050;2018-03-08
17;АДВОКАТ;Не требуется;8;7850;2015-11-29
18;АЗИКАН;Требуется;12;4450;2013-01-15
19;АЗИНОКС;Требуется;7;7650;2013-03-21
20;АЗИНОКС ПЛЮС;Требуется;28;6550;2015-01-30
21;АЗИПИРИН;Не требуется;14;7200;2016-08-16
22;АЗИТРОНИТ;Требуется;30;1850;2019-03-22
23;АЗОКСИВЕТ;Требуется;25;6350;2014-01-03
24;АЙНИЛ 1%;Требуется;30;8600;2016-10-05
25;АЙНИЛ 10 %;Не требуется;17;5500;2016-05-07
26;АЙРОНБУСТЕР;Требуется;19;3450;2012-06-24
27;АЙСИДИВИТ;Требуется;8;1950;2010-05-03
28;АКАРАСАН;Требуется;5;3200;2018-12-17
29;АКАРОМЕКТИН;Требуется;20;4250;2011-06-05
30;АКВАРЭТ-КОНЦЕНТРАТ;Не требуется;16;6800;2015-10-22
31;АКВАРЭТ-ПРИМАНКА;Требуется;19;1400;2018-09-18
32;АКВИМАГ;Не требуется;17;7600;2014-08-02
33;АКРОЗОЛЬ;Не требуется;8;5450;2019-09-26
34;АЛАМИЦИН LA 300;Требуется;25;7500;2015-07-19
35;АЛАМИЦИН АЭРОЗОЛЬ;Не требуется;15;5250;2018-10-12
36;АЛЗАН;Не требуется;7;4350;2016-03-15
37;АЛИЗИН;Требуется;16;2200;2015-02-16
38;АЛЛЕРВЕТ 1%;Требуется;14;7400;2010-10-14
39;АЛЛЕРДЕРМ СПОТ-ОН;Не требуется;14;7850;2012-03-15
40;АЛЬБАЗЕН;Требуется;6;1100;2021-06-14
41;АЛЬБАЗЕН 10 %;Не требуется;14;4050;2018-10-26
42;АЛЬБАЗЕН 20 %;Требуется;30;7250;2014-07-02
43;АЛЬБАМЕЛИН;Требуется;9;8900;2017-02-24
44;АЛЬБЕН;Не требуется;22;3250;2012-03-11
45;АЛЬБЕН ГРАНУЛЫ;Не требуется;14;6350;2011-09-13
46;АЛЬБЕН С;Не требуется;5;3000;2010-03-07
47;АЛЬБЕНДАЗОЛ ГРАНУЛЯТ 10 %;Требуется;23;9500;2017-03-25
48;АЛЬБЕНДАЗОЛ СУСПЕНЗИЯ 10 %;Не требуется;5;8300;2018-11-15
49;АЛЬБЕНДАЗОЛ ТАБЛЕТКИ 18 %;Не требуется;11;5650;2021-06-23
50;АЛЬВЕСОЛ;Требуется;24;7950;2013-10-19
51;АЛЬВЕТ;Требуется;29;4800;2017-03-04
52;АЛЬВЕТ СУСПЕНЗИЯ;Не требуется;11;8700;2013-11-12
53;АЛЬГАФЕРРИН;Требуется;6;4600;2018-10-31
54;АЛЬФА ВЕТ;Не требуется;20;2350;2013-09-09
55;АЛЮМИНИУМ-СПРЕЙ;Не требуется;13;6150;2016-01-02
56;АМИДЕЛЬ-ГЕЛЬ;Не требуется;8;1750;2021-06-18
57;АМИЛОСУБТИЛИН Г3Х;Не требуется;30;8200;2017-05-27
58;АМИНОВИТАЛ;Требуется;30;6400;2021-02-28
59;АМИПОЛ–Т;Не требуется;18;8100;2014-07-11
60;АМИТ;Не требуется;27;1100;2017-02-15
61;АМИТ ФОРТЕ;Не требуется;24;8700;2019-12-31
62;АМИТАН-1;Не требуется;10;2600;2018-02-03
63;АМИТАН-2;Требуется;16;4350;2015-12-26
64;АМИТАН-3;Не требуется;10;7900;2015-06-13
65;АМОКСИКЛАВ БОЛЮСЫ;Не требуется;15;3400;2016-10-23
66;АМОКСИКЛАВ ПОРОШОК;Требуется;30;5750;2016-09-07
67;АМОКСИМАГ;Не требуется;17;1800;2019-04-26
68;АМОКСИСАН;Не требуется;8;9550;2012-06-13
69;АМОКСИЦИЛЛИН 10 % ПОРОШОК;Не требуется;11;8200;2013-09-30
70;АМОКСИЦИЛЛИН 15 %;Требуется;28;3200;2021-08-06
71;АМОКСИЦИЛЛИН 15%;Требуется;30;6550;2010-09-23
72;АМОКСИЦИЛЛИН 150;Требуется;14;3000;2021-04-13
73;АМОКСОИЛ РЕТАРД;Требуется;19;8600;2014-01-11
74;АМПРОБЕЛ;Не требуется;8;5300;2011-12-16
75;АМПРОЛИУМ 30%;Не требуется;22;3200;2016-11-15
76;АМПРОЛИУМ-25;Требуется;20;5000;2018-08-22
77;АМУРИЛ 50 %;Требуется;30;7200;2021-08-18
78;АМУС;Не требуется;14;5800;2013-07-30
79;АНАЛЬГИВЕТ;Требуется;18;6800;2019-11-23
80;АНАНДИН;Требуется;29;3250;2015-04-23
81;АНАНДИН ПЛЮС;Не требуется;23;9600;2012-10-21
82;АНЗАЦИКЛИН;Не требуется;23;1000;2017-10-11
83;АНОТЕН;Не требуется;15;5700;2011-11-13
84;АНТИ-ФЛИ СПРЕЙ;Не требуется;12;5050;2019-12-19
85;АНТИБАК 100;Не требуется;5;8600;2010-11-29
86;АНТИБАК 250;Не требуется;27;2700;2013-04-19
87;АНТИБАК 2500;Требуется;26;4850;2021-03-11
88;АНТИБАК 500;Требуется;25;5600;2010-04-26
89;АНТИГЕНЫ ЯЩУРНЫЕ;Не требуется;19;2400;2015-02-22
90;АНТИПАР;Не требуется;7;7500;2014-07-13
91;АНТИСЕДАН;Требуется;6;5100;2017-03-28
92;АНТИФЛИ КАПЛИ ИНСЕКТО-АКАРИЦИДНЫЕ;Не требуется;19;2600;2012-10-30
93;АПИАСК полоски;Требуется;27;6500;2020-08-18
94;АПИАСК порошок;Не требуется;22;3300;2021-08-22
95;АПИГЕЛЬ;Не требуется;5;9600;2015-09-11
96;АПИДЕЗ;Не требуется;21;10000;2013-07-20
97;АПИЛИНОЛ;Не требуется;25;5800;2012-10-27
98;АПИМИЛ;Не требуется;13;7200;2020-03-26
99;АПИРОЙ;Требуется;21;3400;2014-06-12
100;АПИСИЛ;Не требуется;6;8550;2015-01-31
101;АПИСТАН;Не требуется;22;7750;2014-03-02
102;АПИСТИМ;Требуется;17;6550;2010-08-23
103;АПКАРД;Не требуется;16;6750;2021-04-27
104;АПОКВЕЛ;Не требуется;5;8600;2011-01-09
105;АПРАМИЦИН;Не требуется;7;1950;2010-03-08
106;АПРАМИЦИН ПОРОШОК;Не требуется;14;9750;2020-11-20
107;АПРАМИЦИНА СУЛЬФАТА 20% РАСТВОР;Требуется;17;9750;2015-07-24
108;АПТЕРИН;Не требуется;7;8000;2017-09-23
109;АПТЕРИН-КОГОТЬ;Требуется;10;8700;2014-01-07
110;АРАТАМ-БРИКЕТЫ;Не требуется;19;6650;2013-04-05
111;АРАТАМ-КОНЦЕНТРАТ;Не требуется;15;3000;2013-10-22
112;АРАТАМ-ПРИМАНКА;Требуется;13;8550;2015-03-04
113;АРМАЦИД;Требуется;12;2300;2018-09-17
114;АРТРОВЕТ КОМПЛЕКС;Требуется;13;7750;2015-01-01
115;АРТРОГЛИКАН;Требуется;10;7000;2021-06-18
116;АСД – 2;Требуется;10;6950;2018-12-11
117;АСД – 3;Требуется;26;2900;2012-12-29
118;АСЕПТИК-МЛ;Не требуется;21;6100;2011-12-21
119;АСЕПТИК-СПЕЦИАЛЬ;Не требуется;17;5300;2012-03-06
120;АСЕПУР;Требуется;13;1950;2015-02-17
121;АСК-70;Не требуется;22;7800;2011-02-28
122;АСКОВЕТ;Требуется;30;7250;2016-03-12
123;АСКОНАЗОЛ;Не требуется;18;6500;2013-03-05
124;АСКОПОЛ;Не требуется;27;3550;2011-06-06
125;АСКОСАН;Не требуется;8;8400;2017-01-02
126;АТИМПАНОЛ;Не требуется;6;7350;2014-01-15
127;АТОПИКА;Не требуется;16;5000;2018-02-24
128;АТРАУМАН АГ;Требуется;14;1600;2018-02-23
129;АФАСЦИЛ;Требуется;8;9100;2017-12-26
130;АЦИДОКС;Требуется;11;2950;2016-02-12
131;АЦИЛОМАГ;Требуется;11;6050;2017-11-27
132;АЭРАЛЬФАМ;Не требуется;29;9300;2021-06-15
133;БАБЕЗАН 4% и 12% РАСТВОР ДЛЯ ИНЬЕКЦИЙ;Требуется;20;5950;2012-12-22
134;БАЙКОКС 5%;Не требуется;10;3400;2019-08-04
135;БАЙМАЙТ;Требуется;15;7350;2019-03-03
136;БАЙМЕК;Требуется;12;10000;2013-04-23
137;БАЙМИЦИН АЭРОЗОЛЬ;Не требуется;5;8500;2015-08-16
138;БАЙОКЛАВ IMM LC;Требуется;5;6100;2015-08-06
139;БАЙОКЛОКС DC;Не требуется;22;4200;2010-06-07
140;БАЙОФЛАЙ ПУР-ОН;Требуется;19;2850;2015-03-06
141;БАЙТРИЛ 10 % Раствор для инъекций;Требуется;23;3900;2011-12-18
142;БАЙТРИЛ 10 % Раствор для орального применения;Требуется;15;8100;2012-10-19
143;БАЙТРИЛ 5 %;Требуется;11;4450;2012-08-14
144;БАЙТРИЛ МАКС 10 % Раствор для инъекций;Не требуется;25;2700;2013-08-09
145;БАЙЦИДАЛ ВП 25;Не требуется;13;6100;2018-02-01
146;БАКСИН;Не требуется;15;8850;2013-01-06
147;БАКТОНЕОТИМ;Не требуется;9;9650;2012-02-26
148;БАКТОПОЛ;Требуется;28;2050;2013-12-26
149;БАЛЬЗАМ БАКТИВЕТ С АСД;Требуется;21;8600;2020-12-27
150;БАЛЬЗАМ ДОРОГОВОЙ;Требуется;15;4650;2012-12-24
151;БАЛЬЗАМ-ОПОЛАСКИВАТЕЛЬ ЛЕСНОЙ;Требуется;14;4150;2010-08-02
152;БАЛЬЗАМ-ОПОЛАСКИВАТЕЛЬ МОРСКОЙ;Не требуется;26;3900;2019-12-25
153;БАРС КАПЛИ ИНСЕКТО-АКАРИЦИДНЫЕ;Не требуется;26;4650;2020-08-22
154;БАРС КАПЛИ УШНЫЕ;Не требуется;12;8500;2012-02-11
155;БАРС ЛОСЬОН ДЛЯ ЧИСТКИ УШЕЙ;Не требуется;20;2400;2013-05-10
156;БАРС ОШЕЙНИК ИНСЕКТО-АКАРИЦИДНЫЙ;Требуется;8;2800;2010-09-11
157;БАРС СПРЕЙ ИНСЕКТО-АКАРИЦИДНЫЙ;Требуется;11;3100;2021-08-12
158;БАРС ФОРТЕ КАПЛИ ИНСЕКТО-АКАРИЦИДНЫЕ;Требуется;24;8550;2013-09-10
159;БАРС ФОРТЕ КАПЛИ УШНЫЕ;Требуется;26;9500;2021-01-03
160;БАЦИЛИХИН;Требуется;25;2550;2014-08-09
161;БЕЙСИК;Требуется;24;3350;2014-12-19
162;БЕНЗИЛПЕНИЦИЛЛИН НАТРИЕВАЯ СОЛЬ;Требуется;11;8300;2014-09-19
163;БЕСТ ИН ШОУ;Требуется;7;9350;2010-01-25
164;БЕТАМОКС LA;Не требуется;10;4700;2011-01-29
165;БЕТАФИН S1;Не требуется;14;6350;2014-12-04
166;БИАНОЛ;Требуется;18;1500;2011-04-26
167;БИВАРООЛ;Требуется;16;8600;2016-06-14
168;БИВЕРМЕКТИН;Не требуется;27;8200;2016-11-21
169;БИЛОЗИН-200;Требуется;27;4550;2011-04-22
170;БИМЕКТИН;Требуется;10;9850;2021-06-02
171;БИМОКСИЛ LА;Требуется;20;1050;2019-10-09
172;БИНАКАР;Не требуется;14;6500;2015-10-05
173;БИО-МОС;Требуется;10;4350;2015-07-08
174;БИОВАК;Требуется;22;5450;2018-01-04
175;БИОВЕРМИН ПОРОШОК;Не требуется;9;3750;2016-03-13
176;БИОВЕТАЛЬГИН инъекционный;Требуется;28;4700;2010-08-24
177;БИОВИТ;Не требуется;15;9900;2016-06-29
178;БИОВИТ Р-150;Не требуется;26;1650;2019-12-19
179;БИОГЕЛЬ 10;Требуется;28;1450;2020-03-13
180;БИОГЕЛЬ 5;Не требуется;25;8700;2021-09-05
181;БИОЗОЛЬ;Требуется;29;8900;2021-09-15
182;БИОКОРРЕКТОР РД;Не требуется;30;7950;2017-06-24
183;БИОЛИЗ;Не требуется;13;9550;2016-04-29
184;БИОЛИЗИН АРТРО ДЛЯ ДОГООБРАЗНЫХ ПОРОД;Не требуется;28;5550;2014-12-29
185;БИОЛИЗИН АРТРО ДЛЯ ОХОТНИЧЬИХ И СЛУЖЕБНО-СПОРТИВНЫХ ПОРОД;Не требуется;23;6750;2015-12-18
186;БИОМЕТРОСАНИТ;Требуется;17;4950;2015-07-27
187;БИОНОР;Требуется;30;1750;2017-01-05
188;БИОПЛЮС 2Б;Требуется;17;9950;2013-02-05
189;БИОР-1;Не требуется;24;3350;2011-11-06
190;БИОР-Н;Требуется;13;5050;2019-03-15
191;БИОРЕКС-ГХ;Требуется;24;4800;2017-05-29
192;БИОРИТМ-КОНТРОЛЬ;Требуется;13;9950;2016-11-21
193;БИОСАНИТ;Не требуется;28;3450;2018-07-12
194;БИОСОЛВ ПЛЮС;Не требуется;28;1300;2011-04-22
195;БИОТЕК;Требуется;29;7700;2016-09-22
196;БИОФАРМ-120;Не требуется;19;9850;2014-10-14
197;БИОФОМ;Не требуется;25;1800;2021-04-16
198;БИОЦЕФИТ;Не требуется;18;6500;2010-04-16
199;БИПИН;Не требуется;5;2700;2016-01-16
200;БИПИН-Т;Требуется;22;9900;2019-08-02
201;БИФИДУМ-СХЖ;Требуется;30;4300;2016-12-11
202;БЛОХНЭТ КАПЛИ ИНСЕКТО-АКАРИЦИДНЫЕ;Не требуется;29;7650;2013-03-26
203;БЛОХНЭТ СПРЕЙ ИНСЕКТО-АКАРИЦИДНЫЙ;Не требуется;22;7200;2014-02-13
204;БОЛЬФО АЭРОЗОЛЬ;Не требуется;19;7500;2020-10-10
205;БОЛЬФО ПУДРА;Требуется;21;5200;2014-12-21
206;БОЛЬФО ШАМПУНЬ;Требуется;16;4950;2010-03-06
207;БОНХАРЕН;Требуется;28;7400;2019-07-16
208;БОНХАРЕН ФОРТЕ;Не требуется;24;4350;2017-12-16
209;БРАВЕКТО;Требуется;26;2050;2016-05-10
210;БРАВЕКТО СПОТ ОН;Требуется;26;7150;2018-07-05
211;БРАНОЛИНД Н;Не требуется;26;9950;2016-10-21
212;БРОМКОЛИН;Требуется;24;8350;2018-12-15
213;БРОМОДОКС;Требуется;10;1700;2010-05-29
214;БРОМОСЕПТ-50;Не требуется;20;8500;2020-12-14
215;БУТОКС 50;Требуется;7;8200;2019-09-30
216;ДАНА КАПЛИ ИНСЕКТО-АКАРИЦИДНЫЕ;Не требуется;5;6500;2016-09-21
217;ДАНА СПРЕЙ ИНСЕКТО-АКАРИЦИДНЫЙ;Не требуется;22;5600;2010-10-22
218;ДАНА УЛЬТРА КАПЛИ ИНСЕКТО-АКАРИЦИДНЫЕ;Требуется;27;8000;2013-02-26
219;ДАНА УЛЬТРА ОШЕЙНИК ПРОТИВОПАРАЗИТАРНЫЙ;Не требуется;8;4750;2013-10-12
220;ДЕГОТЬ;Не требуется;20;3150;2015-08-30
221;ДЕЗ-1;Не требуется;30;2650;2012-01-06
222;ДЕЗАМИН;Требуется;11;3200;2011-07-30
223;ДЕЗАЦИД;Не требуется;28;9850;2020-11-20
224;ДЕЗИНПОЛ;Требуется;29;8450;2014-03-01
225;ДЕЗИНФЕКСАН;Требуется;20;9650;2020-08-09
226;ДЕКОР-1;Не требуется;12;6300;2016-01-11
227;ДЕКОР-2;Не требуется;7;9650;2014-11-05
228;ДЕКСАФОРТ;Требуется;19;3150;2017-10-28
229;ДЕКТА;Требуется;25;2100;2013-01-17
230;ДЕКТА-2;Не требуется;27;6700;2019-08-23
231;ДЕКТОМАКС;Требуется;12;9750;2021-09-05
232;ДЕЛЕГОЛЬ;Требуется;27;3100;2021-09-04
233;ДЕМОС;Не требуется;12;3600;2011-03-17
234;ДеМоС;Требуется;26;8650;2021-03-19
235;ДЕМОС-ЛЮКС;Не требуется;8;7000;2011-12-06
236;ДЕНАГАРД 10 % ПОРОШОК;Требуется;5;2000;2018-06-07
237;ДЕННИЦА ГЕЛЬ;Не требуется;14;9200;2011-01-18
238;ДЕНТАВЕДИН;Не требуется;16;3250;2018-11-05
239;ДЕПОЛЕН;Требуется;5;9750;2016-06-05
240;ДЕРАТ ТВЕРДЫЕ БРИКЕТЫ;Требуется;10;1350;2017-11-24
241;ДЕРМАТОЗОЛЬ;Не требуется;11;5200;2017-12-22
242;ДЕРМИКОЦИД;Не требуется;10;6700;2021-03-31
243;ДЕТОКС;Требуется;22;8200;2010-05-13
244;ДЕФТОРФОСФАТ КОРМОВОЙ;Не требуется;19;3550;2018-06-15
245;ДЕХИНЕЛ ПЛЮС ДЛЯ СОБАК;Не требуется;6;7000;2010-09-02
246;ДЕХИНЕЛ ПЛЮС ДЛЯ СОБАК СО ВКУСОМ МЯСА;Требуется;28;9500;2015-07-23
247;ДЖИМКЕТ УРИНАРИ ПАСТА;Не требуется;26;1100;2010-09-03
248;ДИАГЕЛЬ;Требуется;18;2950;2011-04-28
249;ДИАГНОСТИКУМЫ ЭРИТРОЦИТАРНЫЕ ТИПОСПЕЦИФИЧЕСКИЕ;Требуется;27;2300;2010-05-25
250;ДИАЗИНОН С;Не требуется;8;6400;2018-01-26
251;ДИАРИН;Требуется;13;8900;2016-06-13
252;ДИАРКАН;Требуется;6;2950;2020-05-14
253;ДИГИТОН капли;Требуется;12;1700;2021-04-10
254;ДИЕНОМАСТ;Не требуется;12;1450;2019-03-04
255;ДИЗПАРКОЛ;Требуется;19;7300;2012-06-21
256;ДИКЛАКОКС ФОРТЕ;Требуется;30;1800;2019-04-25
257;ДИКСАМ;Не требуется;30;7000;2013-02-17
258;ДИОКСИДИН 1 % РАСТВОР;Требуется;24;6200;2014-03-28
259;ДИОКСИЛАН 1 % РАСТВОР;Не требуется;6;1100;2020-08-16
260;ДИОМЕТР;Требуется;28;7000;2014-07-20
261;ДИОФУР;Не требуется;20;9050;2021-03-03
262;ДИПАЛ КОНЦЕНТРАТ;Требуется;27;4350;2013-06-09
263;ДИПЕНТАВАК;Не требуется;11;5950;2013-06-09
264;ДИПРОВАН;Не требуется;10;6900;2019-01-09
265;ДИПРОКАРБ;Не требуется;28;9750;2019-03-21
266;ДИРОНЕТ СУСПЕНЗИЯ;Не требуется;18;8450;2015-09-30
267;ДИРОФЕН ТАБЛЕТКИ;Не требуется;13;5100;2011-02-09
268;ДИРОФЕН-ПАСТА;Не требуется;23;1650;2014-04-28
269;ДИРОФЕН-СУСПЕНЗИЯ;Не требуется;22;8850;2018-07-26
270;ДИТРИМ;Не требуется;28;2100;2015-02-08
271;ДИТРИМ ПОРОШОК;Требуется;10;2250;2010-03-02
272;ДИФЕНАЦИН 1 % МАСЛЯНЫЙ РАСТВОР (МРД);Не требуется;13;8250;2020-01-10
273;ДИФЕНАЦИН СУБСТАНЦИЯ;Требуется;21;6950;2017-03-25
274;ДИФУМАСТ;Не требуется;17;2950;2011-03-29
275;ДИФУР;Требуется;13;8550;2021-01-07
276;ДИФУРОЛ А;Требуется;21;7950;2012-03-12
277;ДИФУРОЛ Б;Не требуется;23;8350;2017-05-06
278;ДМ СИД-С;Требуется;19;7050;2013-04-04
279;ДОБРОГРЫЗЯ;Не требуется;19;5900;2013-08-31
280;ДОБРОКОТЯ;Не требуется;29;8050;2020-09-23
281;ДОБРОПЁСА;Требуется;19;3950;2016-10-08
282;ДОКСИВИТ 10 %;Не требуется;13;1000;2012-03-15
283;ДОКСИКЛИН 20 %;Не требуется;20;8600;2011-02-06
284;ДОКСИЛОКС;Требуется;28;1150;2014-12-19
285;ДОКСИМАГ;Требуется;18;4100;2015-09-15
286;ДОКСИМАГ-О;Не требуется;24;7150;2011-09-11
287;ДОКСИМЕТРИН;Требуется;27;6950;2013-01-23
288;ДОМИТОР;Не требуется;24;2150;2011-06-14
289;ДОРБЕН;Не требуется;19;5900;2013-06-29
290;ДОРИН;Требуется;16;1100;2013-05-24
291;ДОРИН-Р;Требуется;11;5450;2011-12-10
292;ДОСАЛИД;Не требуется;18;9600;2012-05-28
293;ДОСТИМ;Требуется;14;5100;2017-11-23
294;ДП 2;Требуется;7;3850;2016-11-23
295;ДП-2Т;Не требуется;12;7800;2015-09-09
296;ДРАКСИН;Требуется;20;7900;2018-03-08
297;ДРОЖЖИ ПИВНЫЕ;Не требуется;5;6950;2010-12-04
298;ДРОЖЖИ-СФК;Требуется;5;5850;2011-09-15
299;ДРОНТАЛ ДЖУНИОР;Не требуется;13;6100;2019-05-24
300;ДРОНТАЛ;Не требуется;29;8000;2010-03-15
301;ДРОНТАЛ ПЛЮС;Не требуется;28;5800;2010-07-12
302;ДЮФАЛАЙТ;Не требуется;26;3700;2016-07-12
303;КEТОНИЛ;Требуется;13;6750;2019-08-14
304;КАЙОД;Не требуется;11;3550;2018-10-25
305;КАЛИЯ ЙОДАТ СУБСТАНЦИЯ;Требуется;28;8200;2010-09-15
306;КАЛИЯ ЙОДИД СУБСТАНЦИЯ;Не требуется;12;3550;2012-03-29
307;КАЛЬВОМИЛК-12;Требуется;14;7600;2016-06-27
308;КАЛЬВОМИЛК-16;Требуется;16;4050;2012-07-16
309;КАЛЬФОСЕТ;Не требуется;13;5600;2021-09-01
310;КАЛЬФОСТОНИК;Требуется;14;8500;2019-05-07
311;КАЛЬЦЕНОН;Не требуется;23;4900;2012-09-11
312;КАЛЬЦЕФИТ-1;Не требуется;30;1200;2012-09-01
313;КАЛЬЦЕФИТ-14;Требуется;26;8200;2017-01-24
314;КАЛЬЦЕФИТ-15;Не требуется;26;7200;2020-12-25
315;КАЛЬЦИТАТ С50;Требуется;10;2000;2016-07-27
316;КАЛЬЦИЯ БОРГЛЮКОНАТ (МАГ);Требуется;25;5600;2014-08-27
317;КАЛЬЦИЯ БОРГЛЮКОНАТ (Нита);Требуется;29;7550;2018-04-27
318;КАМЕДОН;Не требуется;17;2000;2021-08-29
319;КАНАМИЦИН 10 %;Требуется;5;2950;2012-12-05
320;КАНИАГИЛ;Требуется;21;4850;2020-06-26
321;КАНИГЕН DHA2PPi/L;Требуется;22;2450;2019-12-29
322;КАНИГЛО;Не требуется;18;4950;2018-06-14
323;КАНИКВАНТЕЛ ПЛЮС;Не требуется;29;5200;2013-12-15
324;КАНИНСУЛИН;Требуется;15;8000;2016-08-10
325;КАНТАРЕН РАСТВОР ДЛЯ ИНЪЕКЦИЙ;Требуется;19;8750;2016-09-28
326;КАНТАРЕН ТАБЛЕТКИ;Не требуется;19;3600;2017-04-26
327;КАПЛИ ГЛАЗНЫЕ БАРС;Требуется;14;9800;2010-06-08
328;КАПЛИ ГЛАЗНЫЕ ИРИС;Не требуется;26;1500;2016-10-09
329;КАПЛИ ГЛАЗНЫЕ ЦИПРОВЕТ;Требуется;13;5400;2019-03-29
330;КАПЛИ ГЛАЗНЫЕ-ИНТРАНАЗАЛЬНЫЕ АНАНДИН;Требуется;18;7550;2018-01-18
331;КАПЛИ УШНЫЕ АНАНДИН;Требуется;10;1250;2014-02-03
332;КАРДАЛИC;Требуется;19;2950;2016-04-14
333;КАРНИВАК-КОВ;Требуется;28;7900;2017-11-01
334;КАРОЛИН +Se;Не требуется;10;1100;2016-02-09
335;КАРОФЕРТИН;Требуется;28;9650;2017-05-10
336;КАРСУЛЕН;Не требуется;19;5650;2018-05-17
337;КАТОБЕВИТ;Не требуется;12;5150;2017-09-08
338;КАТОЗАЛ;Не требуется;26;5150;2018-02-01
339;КАФОРСЕН РАСТВОР ДЛЯ ИНЪЕКЦИЙ;Не требуется;14;2750;2020-03-15
340;КАФОРСЕН РАСТВОР ДЛЯ ПЕРОРАЛЬНОГО ПРИМЕНЕНИЯ;Требуется;10;1900;2015-11-20
341;КАФОРСЕН ТАБЛЕТКИ;Не требуется;11;4000;2012-08-26
342;КВАДРИКАТ;Требуется;27;3550;2011-01-28
343;КВАДРИСОЛ 5;Не требуется;12;1950;2017-09-23
344;КВИВИТАН;Не требуется;22;7050;2013-12-03
345;КВИК БАЙТ ВГ 10;Требуется;24;1650;2015-10-06
346;КВИНОКОЛ;Не требуется;14;1450;2015-04-19
347;КЕНОТЕСТ;Требуется;20;9050;2011-02-19
348;КЕТОКВИН 1% и 10%;Требуется;13;4300;2019-09-01
349;КЕТОПРОФ;Не требуется;20;4050;2015-05-02
350;КЕТОПРОФЕН 10%;Требуется;15;2650;2014-08-30
351;КЕТОФЕН 1%;Не требуется;19;1350;2019-05-21
352;КЕТОФЕН ТАБЛЕТКИ;Требуется;16;6250;2014-05-05
353;КИЛТИКС ОШЕЙНИК;Не требуется;13;5350;2014-09-26
354;КИНОРОН;Требуется;11;3650;2016-09-09
355;КЛАВАСЕПТИН;Не требуется;14;8000;2018-11-20
356;КЛЕЕЛОВ КЛЕЙ;Требуется;21;1950;2018-12-26
357;КЛЕЕЛОВ ЛИПКАЯ ЛЕНТА;Требуется;19;4150;2011-02-02
358;КЛЕЕЛОВ ЛИПКАЯ ПЛАСТИНА;Не требуется;6;7650;2021-03-26
359;КЛЕТКИ КРОВИ АЭРОЗОЛЬНОЙ СУШКИ АР-301;Не требуется;19;2400;2019-05-31
360;КЛИНАФАРМ СПРЕЙ;Не требуется;17;4450;2011-05-19
361;КЛИНДАСПЕКТИН ВОДОРАСТВОРИМЫЙ ПОРОШОК;Не требуется;28;8400;2012-01-23
362;КЛИНДАСПЕКТИН РАСТВОР ДЛЯ ИНЪЕКЦИЙ;Не требуется;8;7750;2021-08-25
363;КЛОВЕРМ;Не требуется;8;9250;2020-12-01
364;КЛОЗАЛЬБЕН-10;Требуется;15;3500;2020-01-24
365;КЛОЗАНТЕКС;Не требуется;26;9400;2015-05-23
366;КЛОЗАНТИН;Требуется;25;6600;2020-01-20
367;КЛОКСАМАСТ;Требуется;10;9800;2020-08-22
368;КОБАКТАН;Требуется;21;3950;2021-07-09
369;КОБАКТАН LC;Не требуется;10;1650;2021-01-25
370;КОВЕРТАЛ РАСТВОР ДЛЯ ИНЪЕКЦИЙ;Требуется;14;7550;2017-10-29
371;КОВИНАН;Требуется;7;7250;2021-01-25
372;КОВИТСАН;Не требуется;15;3550;2013-04-27
373;КОКЦИДИН-10;Требуется;5;7150;2010-03-26
374;КОКЦИСАН 12 %;Требуется;16;9650;2010-01-16
375;КОЛИГЕН Г-100;Требуется;27;7600;2014-01-05
376;КОЛИДОКС;Требуется;30;6850;2017-04-20
377;КОЛИМАСТ;Требуется;6;2000;2015-01-05
378;КОЛИНГОР;Не требуется;20;2150;2010-07-08
379;КОЛМИК-Е;Не требуется;15;7100;2011-01-27
380;КОМБОВАК;Не требуется;23;2750;2017-12-04
381;КОМБОВАК-К;Не требуется;15;3650;2014-01-08
382;КОМПЛЕКС В;Не требуется;12;3400;2012-02-05
383;КОМПЛЕКС ВИТАМИНОВ А Д3 Е В МАСЛЕ;Не требуется;29;5850;2017-02-03
384;КОМУЛИН;Не требуется;15;9800;2012-02-20
385;КОНВЕНИЯ;Не требуется;17;4400;2017-11-07
386;КОРМ ЭЛИТА;Требуется;15;8650;2015-07-02
387;КОРТАВАНС;Не требуется;18;7400;2021-06-07
388;КОСТОЧКА;Требуется;5;8700;2017-11-20
389;КОТ БАЮН РАСТВОР;Не требуется;19;3050;2010-06-11
390;КОТ БАЮН ТАБЛЕТКИ;Требуется;10;6700;2017-08-16
391;КОТЭРВИН;Требуется;30;1100;2010-02-01
392;КОФЕИН-БЕНЗОАТ НАТРИЯ 20 %;Требуется;25;2300;2016-08-20
393;КОФЕИН-БЕНЗОАТ НАТРИЯ 20 %;Не требуется;10;1450;2020-10-31
394;КОЦЕФЕН 200;Требуется;25;5900;2012-10-02
395;КРЕМ ЗАЩИТНЫЙ ЗАБОТА;Требуется;6;9400;2014-04-10
396;КРЕМ КОПЫТНЫЙ КОСМЕТИЧЕСКИЙ ДЛЯ ЛОШАДЕЙ;Не требуется;25;2250;2021-03-17
397;КРЕМ КОСМЕТИЧЕСКИЙ НОЧКА С ДУШИЦЕЙ И ШИПОВНИКОМ;Требуется;23;4200;2011-02-24
398;КРЕМ КОСМЕТИЧЕСКИЙ НОЧКА С РОМАШКОЙ И КАЛЕНДУЛОЙ;Требуется;15;9500;2016-03-11
399;КРЕМ ЛАБДОЛЕНОВЫЙ;Не требуется;13;3400;2020-04-20
400;КРЕМ «НЕЖНОСТЬ»;Не требуется;25;5100;2014-05-13
401;КРЕОЛИН БЕСФЕНОЛЬНЫЙ КАМЕННОУГОЛЬНЫЙ;Требуется;23;2200;2011-12-07
402;КРЕОЛИН-Д;Требуется;30;5550;2010-10-15
403;КРЕОЛИН-Х;Требуется;17;4250;2014-11-27
404;КСИДИКОЛЬ СПРЕЙ;Требуется;21;2850;2018-05-09
405;КСИКЛАВ СУСПЕНЗИЯ;Не требуется;26;7550;2016-12-11
406;КСИКЛАВ ТАБЛЕТКИ;Требуется;26;8350;2019-06-10
407;КСИЛА;Требуется;10;3350;2016-08-19
408;КСИЛАНАЗА;Не требуется;25;9000;2010-03-26
409;КСИЛАНИТ;Требуется;13;8750;2021-06-15
410;МАГКОЛИСТИН;Не требуется;29;1850;2017-12-02
411;МАГЭСТРОЛ;Не требуется;9;5950;2021-03-10
412;МАГЭСТРОФАН;Требуется;15;3350;2015-09-13
413;МАДИКОКС;Требуется;11;4300;2018-12-08
414;МАЗЬ АВЕРСЕКТИНОВАЯ;Требуется;17;2700;2021-01-05
415;МАЗЬ АКАМИКСАН;Не требуется;9;4100;2015-10-16
416;МАЗЬ АНАНДИН;Требуется;28;3000;2020-03-09
417;МАЗЬ БИОСЕПТИН;Требуется;12;7950;2019-08-19
418;МАЗЬ ДЛЯ ОБРАБОТКИ ИНФИЦИРОВАННЫХ РАН;Требуется;28;9300;2011-09-21
419;МАЗЬ ИХТИОЛОВАЯ;Требуется;30;8300;2017-03-16
420;МАЗЬ ИХТИОЛОВАЯ;Требуется;29;4400;2011-04-15
421;МАЗЬ КАМФОРНАЯ 10%;Не требуется;18;4950;2016-07-08
422;МАЗЬ ЛАНТАВЕТ;Требуется;7;9150;2015-05-29
423;МАЗЬ ЛЕВОМЕКОЛЬ;Требуется;24;8700;2012-05-09
424;МАЗЬ ПИХТОИН;Требуется;13;3500;2019-10-17
425;МАЗЬ ПИХТОИНОВАЯ;Не требуется;22;6700;2021-09-12
426;МАЗЬ САЛИЦИЛОВАЯ;Требуется;17;7400;2010-05-27
427;МАЗЬ СЕРНАЯ ПРОСТАЯ;Требуется;20;9300;2015-10-10
428;МАЗЬ СЕРНО-ДЕГТЯРНАЯ;Не требуется;7;3550;2010-07-20
429;МАЗЬ СТРЕПТОЦИДОВАЯ (Агрофарм);Не требуется;20;7000;2020-10-03
430;МАЗЬ СТРЕПТОЦИДОВАЯ (ЗВП);Не требуется;24;8000;2019-09-29
431;МАЗЬ СТРЕПТОЦИДОВАЯ (Фармакс);Требуется;12;8650;2013-04-11
432;МАЗЬ ТЕТРАЦИКЛИНОВАЯ 3 %;Требуется;27;8150;2017-12-05
433;МАЗЬ ФАРМАЙОДНАЯ АНТИСЕПТИЧЕСКАЯ;Не требуется;8;3650;2018-10-10
434;МАЗЬ ЦИНКОВАЯ (Unguentum Zinci);Требуется;19;4400;2011-10-25
435;МАЗЬ ЭРИТРОМИЦИНОВАЯ;Не требуется;20;5700;2015-12-07
436;МАЗЬ ЯМ;Требуется;5;4500;2011-05-25
437;МАЗЬ ЯМ БК;Требуется;25;5000;2020-08-23
438;МАЗЬ ЯХАЛИМП;Требуется;26;9750;2015-03-08
439;МАКРОЛАН WS;Требуется;19;3650;2013-01-23
440;МАЛЬТ-ПАСТА;Требуется;13;6550;2019-02-22
441;МАПРЕЛИН ХР10 ВЕЙКС;Требуется;21;1100;2015-06-13
442;МАРБОЦИН;Не требуется;30;3550;2018-09-05
443;МАРУКОКС 1 %;Не требуется;23;5900;2018-04-07
444;МАРФЛОКСИН 10% РАСТВОР;Требуется;10;9000;2013-08-24
445;МАРФЛОКСИН 2% РАСТВОР;Не требуется;10;6200;2014-07-20
446;МАРФЛОКСИН ТАБЛЕТКИ;Не требуется;11;8650;2021-09-17
447;МАСЛО КАМФОРНОЕ 10 %;Не требуется;22;2750;2015-04-01
448;МАСТЕНИТ;Требуется;24;6700;2012-10-11
449;МАСТИВЕКС;Требуется;25;8300;2016-05-22
450;МАСТИЕТ ГОЛД;Не требуется;16;4900;2021-04-28
451;МАСТИЕТ ФОРТЕ;Требуется;12;5250;2016-09-25
452;МАСТИЛЕКС;Не требуется;26;8250;2013-06-23
453;МАСТИНОЛ;Требуется;12;8100;2020-07-08
454;МАСТИСАН А;Не требуется;15;7050;2014-03-07
455;МАСТИСЕПТ;Не требуется;27;1650;2013-02-26
456;МАСТИСЕПТ-А;Не требуется;17;7750;2015-01-04
457;МАСТОМЕТРИН РАСТВОР ДЛЯ ИНЪЕКЦИЙ;Требуется;28;1250;2012-06-14
458;МАСТОМИЦИН;Не требуется;7;8350;2019-05-12
459;МАСТОСАНИТ;Не требуется;10;8000;2021-06-12
460;МЕДИЦИЛАТ;Не требуется;12;1800;2016-10-09
461;МЕКСИДОЛ-ВЕТ РАСТВОР ДЛЯ ИНЪЕКЦИЙ;Требуется;8;4850;2019-02-16
462;МЕКСИДОЛ-ВЕТ ТАБЛЕТКИ;Не требуется;15;6450;2013-11-18
463;МЕЛ КОРМОВОЙ;Не требуется;10;7300;2019-04-29
464;МЕЛОКСИДИЛ;Не требуется;13;2600;2021-05-20
465;МЕРАДОК;Не требуется;5;3750;2018-07-25
466;МЕСАЛИН;Не требуется;9;8100;2020-09-05
467;МЕТАБОЛАЗА;Требуется;29;8450;2016-06-10
468;МЕТРАМАГ;Не требуется;6;3300;2017-09-02
469;МЕТРАФУР;Требуется;13;7150;2020-06-19
470;МЕТРИКУР;Требуется;21;2050;2012-01-09
471;МЕТРОНИД 50;Не требуется;6;2400;2011-03-16
472;МЕТРОНИДАЗОЛ;Не требуется;23;5250;2020-02-09
473;МЕТРОНИДАЗОЛ ТАБЛЕТКИ;Требуется;11;8300;2020-09-21
474;МЕТРОСЕПТ;Требуется;30;8600;2010-06-04
475;МИЗОФЕН МАЗЬ;Не требуется;11;3050;2013-07-10
476;МИЗОФЕН-Ф;Не требуется;10;7850;2015-10-14
477;МИКОАСК гель;Требуется;16;8300;2017-04-21
478;МИКОАСК полоски;Требуется;13;1500;2012-10-03
479;МИКОДЕМОЦИД;Не требуется;27;6800;2017-07-18
480;МИКОЗОЛ;Не требуется;16;4150;2013-02-25
481;МИКОСОРБ;Требуется;9;4700;2011-11-16
482;МИКРОВИТАМ;Требуется;9;4450;2011-08-05
483;МИКСОФЕРОН;Требуется;18;5200;2013-03-03
484;МИЛОКЛОКС LA;Не требуется;25;1500;2020-05-01
485;МИЛПРАЗОН ТАБЛЕТКИ ДЛЯ КОШЕК;Не требуется;17;5450;2021-04-19
486;МИЛПРАЗОН ТАБЛЕТКИ ДЛЯ СОБАК;Требуется;5;2350;2014-06-18
487;МИЛЬБЕМАКС ЖЕВАТЕЛЬНЫЕ ТАБЛЕТКИ;Требуется;19;5400;2013-12-06
488;МИЛЬБЕМАКС ТАБЛЕТКИ;Требуется;15;8150;2014-07-05
489;МИЛЬПРО ДОГ;Не требуется;30;5050;2019-08-08
490;МИЛЬПРО КЭТ;Не требуется;24;6750;2021-03-10
491;МИНКОВАК;Требуется;11;2850;2012-07-07
492;МИНКОВАК 2;Не требуется;25;4600;2016-08-26
493;МИНКОВАК 3;Не требуется;15;5950;2016-12-04
494;МИНКОВАК В;Требуется;8;7750;2016-08-30
495;МИНКОВАК Е;Требуется;25;2600;2010-08-15
496;МИНКОВАК Р;Требуется;16;7800;2018-02-12
497;МИСС КИСС КАПЛИ ИНСЕКТО-АКАРИЦИДНЫЕ;Требуется;5;3150;2014-11-03
498;МИСС КИСС ПАЛОЧКИ ВАТНЫЕ ИНТЕНСИВНАЯ ЗАЩИТА;Требуется;25;8550;2014-11-13
499;МИСС КИСС ПАЛОЧКИ ВАТНЫЕ ИНТЕНСИВНАЯ ЗАЩИТА;Не требуется;6;4100;2015-03-01
500;МИСС КИСС ШАМПУНЬ-КОНДИЦИОНЕР ГРАЦИОЗНЫЙ СФИНКС;Не требуется;10;3200;2020-04-15
501;МИСС КИСС ШАМПУНЬ-КОНДИЦИОНЕР ИЗЯЩНАЯ ПАНТЕРА;Не требуется;23;8050;2021-08-10
502;МИСС КИСС ШАМПУНЬ-КОНДИЦИОНЕР ПУШИСТЫЙ ХВОСТИК;Не требуется;12;3550;2011-03-31
503;МИСС КИСС ШАМПУНЬ-КОНДИЦИОНЕР РОСКОШНАЯ ЛЬВИЦА;Не требуется;30;6650;2014-08-01
504;МИСТЕР БРУНО СПРЕЙ;Требуется;7;4400;2018-11-28
505;МИСТЕР БРУНО КАПЛИ ИНСЕКТО-АКАРИЦИДНЫЕ;Не требуется;13;6300;2011-04-01
506;МИСТЕР БРУНО ШАМПУНЬ ИНСЕКТИЦИДНЫЙ;Не требуется;26;4300;2019-08-08
507;МИСТЕР БРУНО ШАМПУНЬ-КОНДИЦИОНЕР ГЛЯНЦЕВЫЙ БЛЕСК;Требуется;21;5100;2017-01-02
508;МИСТЕР БРУНО ШАМПУНЬ-КОНДИЦИОНЕР ЖЕСТКИЙ СТИЛЬ;Не требуется;22;8050;2011-01-30
509;МИСТЕР БРУНО ШАМПУНЬ-КОНДИЦИОНЕР МЯГКИЙ ПЛЮШ;Не требуется;29;2950;2014-02-14
510;МИСТЕР БРУНО ШАМПУНЬ-КОНДИЦИОНЕР НЕЖНЫЙ БАРХАТ;Требуется;22;8000;2012-02-04
511;МИСТЕР БРУНО ШАМПУНЬ-КОНДИЦИОНЕР ПОСЛУШНЫЙ ШЕЛК;Требуется;24;8050;2018-06-25
512;МИСТЕР БРУНО ШАМПУНЬ-КОНДИЦИОНЕР ПУШИСТОЕ ОБЛАКО;Требуется;27;3700;2011-03-20
513;МИСТЕР БРУНО ЭКСТРА КАПЛИ;Не требуется;29;4100;2019-12-28
514;МОЛД-ЗАП;Требуется;21;4650;2017-07-12
515;МОНЕНЗИН 10 %;Не требуется;10;6100;2018-02-05
516;МОНЕНЗИН 20 %;Требуется;20;6400;2010-02-05
517;Монж Диета;Требуется;11;7150;2016-04-25
518;МОНИЗЕН;Требуется;21;8600;2010-07-13
519;МОНЛАР 10 %;Требуется;28;3500;2013-08-02
520;МСТА;Требуется;12;8000;2016-06-08
521;МУЛЬТИБАЙ IMM;Требуется;22;7400;2010-03-06
522;МУЛЬТИБАКТЕРИН ОМЕГА-10;Не требуется;6;6350;2010-11-09
523;МУЛЬТИВИТ;Не требуется;16;7600;2017-10-04
524;МУЛЬТИВИТАМИН ИНЪЕКЦИИ;Не требуется;5;9950;2010-03-10
525;МУЛЬТИВИТАМИН ИНЪЕКЦИОННЫЙ;Требуется;20;5850;2019-08-31
526;МУЛЬТИКАН-1;Не требуется;24;3250;2011-07-20
527;МУЛЬТИКАН-2;Требуется;30;7700;2014-04-27
528;МУЛЬТИКАН-4;Требуется;22;4250;2012-06-09
529;МУЛЬТИКАН-6;Требуется;7;1950;2012-06-12
530;МУЛЬТИКАН-7;Требуется;17;5000;2017-12-10
531;МУЛЬТИКАН-8;Не требуется;15;6900;2016-09-24
532;МУЛЬТИМАС;Требуется;29;7750;2010-07-08
533;МУЛЬТИМАСТ DC;Не требуется;22;5350;2017-10-26
534;МУЛЬТИФЕЛ-4;Не требуется;11;9950;2016-05-07
535;МУРАВЬИНКА;Не требуется;14;1650;2020-11-01
536;МЭК-СХ-1;Не требуется;17;9300;2019-07-06
537;МЭК-СХ-1;Не требуется;6;2300;2020-05-31
538;МЭК-СХ-2;Требуется;9;5000;2013-01-06
539;МЭК-СХ-2;Не требуется;9;8450;2020-05-21
540;МЭК-СХ-3;Требуется;23;7350;2018-08-31
541;МЭК-СХ-3;Не требуется;18;4050;2012-02-21
542;ПАНАКУР ГРАНУЛЯТ;Требуется;22;8300;2019-06-15
543;ПАНАКУР ПАСТА;Не требуется;23;2150;2013-06-23
544;ПАНДЕКС 1 %;Не требуется;26;8950;2010-10-26
545;ПАНОЛОГ мазь;Не требуется;18;1950;2017-01-09
546;ПАРАСТОП;Требуется;21;1000;2016-12-15
547;ПАСТА АЛЕЗАН;Не требуется;27;4050;2016-05-30
548;ПАУДОКС;Требуется;14;5700;2015-04-26
549;ПЕКСИОН;Не требуется;24;5250;2018-06-09
550;ПЕНБЕКС;Не требуется;15;9800;2014-12-15
551;ПЕНОФУР;Не требуется;27;2050;2015-09-20
552;ПЕНСТРЕП;Не требуется;17;2550;2016-04-02
553;ПЕНСТРЕП 400 ЛА;Не требуется;29;5950;2013-11-14
554;ПЕРКУТАН;Не требуется;17;3800;2012-03-01
555;ПЕРОЛ-А;Требуется;23;5300;2020-07-10
556;ПЕТКАМ ТАБС;Не требуется;9;8300;2015-10-05
557;ПЕХА-ХАФТ;Не требуется;18;6700;2016-07-09
558;ПИМОПЕТ;Требуется;30;5600;2017-05-05
559;ПИРО-СТОП;Не требуется;16;8200;2017-01-03
560;ПИРОСАН;Не требуется;12;7000;2020-08-30
561;ПИХТОВИТИН;Не требуется;29;8500;2015-10-02
562;ПЛАЗМА КРОВИ АЭРОЗОЛЬНОЙ СУШКИ АР-820;Не требуется;25;9550;2012-04-17
563;ПЛАЦЕНТА ДЕНАТУРИРОВАННАЯ ЭМУЛЬГИРОВАННАЯ;Требуется;22;3100;2013-06-10
564;ПЛЕРИОН;Требуется;23;6750;2013-04-05
565;ПЛЮСЕТ;Требуется;27;2550;2013-07-24
566;ПНЕВМЕКВИН;Не требуется;28;4500;2011-03-14
567;ПНЕВМОСТОП;Требуется;29;4150;2010-02-16
568;ПОЛИВАЛЕНТНАЯ ФОРМОЛВАКЦИНА;Требуется;18;3050;2014-03-25
569;ПОЛИГЕН РАСТВОР;Не требуется;14;1500;2015-12-04
570;ПОЛИГЕН СУХОЙ;Не требуется;28;4000;2017-04-04
571;ПОЛИДЕКС ПОЛИВИТ – КАЛЬЦИЙ ПЛЮС;Требуется;10;6050;2019-12-09
572;ПОЛИДЕКС ПРОТЕВИТ ПЛЮС;Не требуется;8;2100;2021-05-30
573;ПОЛИДЕКС СУПЕР ШЕРСТЬ ПЛЮС;Не требуется;11;6150;2010-01-31
574;ПОЛИКАНИГЛОБ;Не требуется;26;10000;2015-07-16
575;ПОЛИМИКСИНА М СУЛЬФАТ;Не требуется;6;1150;2017-10-24
576;ПОЛИОКСИДОНИЙ-ВЕТ РАСТВОР;Требуется;29;4450;2012-11-26
577;ПОЛИРИБОНАТ;Не требуется;29;8450;2018-07-20
578;ПОЛИСАН;Требуется;12;3350;2020-08-22
579;ПОЛИСОЛИ МИКРОЭЛЕМЕНТОВ;Не требуется;6;3750;2018-09-07
580;ПОЛИСОРБ ВП;Требуется;23;10000;2017-03-27
581;ПОЛЬОДОКСИН;Не требуется;30;8000;2013-12-18
582;ПОРЗИМ 8100;Требуется;28;4150;2017-05-15
583;ПОРЗИМ 8300;Не требуется;17;8000;2010-01-27
584;ПОРЗИМ 9100;Не требуется;29;5650;2018-11-10
585;ПОРЗИМ 9300;Требуется;15;1400;2015-09-19
586;ПОРЗИМ ТП100;Не требуется;6;4050;2018-02-19
587;ПОРКОМИЛК;Требуется;21;5950;2020-04-23
588;ПОРОШОК СПИРУЛИНА;Не требуется;19;4250;2018-10-27
589;ПОРЦИЛИС ВРМ;Требуется;10;7950;2017-11-24
590;ПОРЦИЛИС КОЛИ;Требуется;27;6700;2016-03-06
591;ПРАЗИВЕР;Требуется;9;9850;2011-08-25
592;ПРАЗИМЕК-D;Не требуется;26;1450;2020-06-21
593;ПРАЗИМЕК-С;Требуется;15;8150;2015-04-30
594;ПРЕМИКС РЯБУШКА (1 %);Не требуется;22;2250;2017-05-01
595;ПРЕМИКСЫ-КОНЦЕНТРАТЫ КЛАДЕЗЬ;Не требуется;28;5400;2016-09-19
596;ПРЕНОЛАКТ-ПОРОШОК;Не требуется;17;1150;2014-04-21
597;ПРИМАЛАКТ;Требуется;14;9400;2017-09-01
598;ПРОГЕСТАМАГ;Не требуется;6;5300;2018-01-25
599;ПРОДАКТИВ ФОРТЕ;Не требуется;29;8750;2015-08-30
600;ПРОКОКС;Требуется;16;4450;2021-06-09
601;ПРОПАЛИН;Требуется;24;1950;2018-03-19
602;ПРОТЕКФЛЮ;Не требуется;27;7450;2020-04-17
603;ПРОТЕКФЛЮ ТЕ;Не требуется;26;8800;2010-12-03
604;ПРОТОСУБТИЛИН Г3Х;Не требуется;21;6850;2019-03-13
605;ПРОФЕНДЕР;Требуется;14;8500;2012-07-20
606;ПУЛЬМАМАГ;Не требуется;14;1800;2012-11-19
607;ПУЛЬМОКИТ;Требуется;30;3650;2013-09-15
608;ПУРЕВАКС RCP;Не требуется;8;5300;2015-04-10
609;ПУРЕВАКС RCPCh;Требуется;9;1600;2020-08-21
610;ПЧЕЛИТ;Требуется;24;6800;2020-07-02
611;ПЧЕЛОДАР;Не требуется;21;9500;2012-01-11
612;РАББИВАК-V;Требуется;7;4150;2011-02-27
613;РАББИВАК-В;Требуется;20;6650;2013-01-24
614;РАБИГЕН МОНО;Требуется;10;4550;2018-04-13
615;РАБИЗИН;Не требуется;22;1350;2021-01-06
616;РАБИКС;Не требуется;30;3700;2015-01-02
617;РАБИФЕЛ;Требуется;18;1000;2014-08-28
618;РАКУМИН-ПАСТА;Требуется;19;7150;2011-02-13
619;РАКУСИД;Требуется;14;8400;2015-12-15
620;РАМИТ;Требуется;6;4350;2011-07-11
621;РАНОЗОЛЬ;Не требуется;26;4100;2015-05-13
622;РАНОСАН МАЗЬ;Требуется;19;7950;2015-06-18
623;РАНОСАН ПОРОШОК;Не требуется;18;8200;2021-05-28
624;РАСТВОР ВИТАМИНОВ А Д3 Е и F;Требуется;30;6800;2012-06-06
625;РАСТВОР ГЛЮКОЗЫ 40%;Не требуется;15;5450;2020-10-12
626;РАСТВОР ГЛЮКОЗЫ 5%;Требуется;13;1050;2020-12-20
627;РАСТВОР КАЛЬЦИЯ БОРГЛЮКОНАТ 20%;Не требуется;15;7800;2013-09-18
628;РАСТВОР КАЛЬЦИЯ ГЛЮКОНАТА 10%;Требуется;5;8450;2017-08-01
629;РАТЕИД;Требуется;23;5650;2018-11-03
630;РАТИМОР-КОНЦЕНТРАТ;Не требуется;10;8300;2011-07-01
631;РАТИМОР-ПРИМАНКА;Не требуется;11;1250;2020-11-07
632;РАТОКС;Не требуется;7;4000;2021-01-03
633;РАТТИДИОН;Не требуется;26;8450;2010-12-27
634;РАЦИДОЛ;Требуется;22;8350;2019-09-05
635;РЕГИДАТ;Не требуется;16;2250;2013-07-08
636;РЕДИАР;Требуется;29;5650;2021-03-28
637;РЕКОФЕРОН ГАММА;Не требуется;14;8100;2010-04-05
638;РЕКС ВИТАЛ АМИНОКИСЛОТЫ;Требуется;15;5200;2016-11-09
639;РЕКС ВИТАЛ ЭЛЕКТРОЛИТЫ;Не требуется;24;3750;2017-05-18
640;РЕНАЛ паста;Требуется;7;5800;2013-08-24
641;РЕНАЛ ФАЗА 1;Требуется;6;7950;2016-04-29
642;РЕПТИЛАЙФ СУСПЕНЗИЯ;Требуется;20;2850;2011-12-10
643;РЕЦЕФ 4;Не требуется;24;9450;2010-12-26
644;РИБОТАН;Не требуется;28;7400;2011-12-03
645;РИВЕРТИН 1 %;Не требуется;24;9950;2011-11-09
646;РИКАРФА ТАБЛЕТКИ;Не требуется;20;1700;2010-02-19
647;РИМАДИЛ Р ТАБЛЕТКИ;Не требуется;15;2400;2014-05-02
648;РИМАДИЛ РАСТВОР ДЛЯ ИНЪЕКЦИЙ;Требуется;28;1550;2017-11-07
649;РИМАДИЛ ТАБЛЕТКИ;Не требуется;13;4600;2016-07-23
650;РИНБРОНХ;Требуется;7;2850;2013-06-14
651;РИФАЛЕКС;Требуется;11;7500;2010-09-21
652;РИФАН;Требуется;12;5450;2014-05-11
653;РИФАПОЛ;Требуется;25;2300;2018-05-07
654;РИФАПРИМ;Не требуется;19;5050;2015-08-30
655;РИФАЦИКЛИН;Не требуется;22;6100;2016-06-06
656;РИХОМЕТРИН;Не требуется;20;5300;2016-10-20
657;РОВАСТИН;Не требуется;26;8050;2011-12-06
658;Родентан-Б;Требуется;5;5900;2021-04-05
659;РОДЕФАСИН-У;Требуется;6;8150;2014-12-27
660;РОДИАЛОН;Требуется;15;8700;2010-09-01
661;РОДОТИУМ 45 %;Требуется;26;1550;2012-06-27
662;РОЛЕНОЛ;Не требуется;24;5800;2016-05-31
663;РОНАКСАН;Не требуется;26;6500;2019-02-24
664;РОНИДАЗОЛ 10 %;Требуется;22;4050;2011-02-25
665;РОНКОЛЕЙКИН;Не требуется;17;7950;2012-08-08
666;РОТЕНДАНТ;Не требуется;16;6100;2021-08-14
667;САЛ-ЗАП;Не требуется;13;1500;2021-02-25
668;САЛИНОФАРМ 12 %;Требуется;19;6700;2011-12-25
669;САЛИНОФАРМ 6 %;Требуется;7;8000;2011-03-31
670;САЛЬМОЗАН;Требуется;15;7000;2011-01-30
671;САНАТОЛ;Требуется;7;6850;2016-04-19
672;САНОКС;Не требуется;15;1000;2010-06-12
673;САНОФЛАЙ;Не требуется;24;7200;2020-10-12
674;САНОФОР;Не требуется;5;2350;2013-11-22
675;САНРОЙ;Не требуется;9;9450;2013-05-20
676;САНТЕЛ 10%;Требуется;28;1450;2014-11-06
677;САНТОМЕКТИН;Не требуется;12;3900;2021-06-03
678;САРКОЛИТИН К-9;Требуется;22;7000;2015-01-02
679;САРКОМИН;Не требуется;10;8650;2013-07-29
680;САРУКОКС 12 %;Не требуется;26;6700;2012-07-20
681;САФРОДЕРМ ГЕЛЬ;Не требуется;30;9900;2011-07-05
682;САФРОДЕРМ НАСТОЙКА;Требуется;17;6650;2015-11-19
683;СГОЛ;Требуется;23;4850;2010-04-20
684;СЕДАМИДИН;Требуется;29;9550;2014-12-01
685;СЕДИМИН;Требуется;30;8450;2021-04-14
686;СЕДИМИН-F+;Требуется;11;1250;2011-04-23
687;СЕДИМИН-Se+;Не требуется;21;9250;2019-08-18
688;СЕЛ-ПЛЕКС;Требуется;20;9000;2020-05-25
689;СЕЛАФОРТ;Требуется;15;5950;2011-11-23
690;СЕЛАЦИД;Не требуется;5;5800;2015-07-09
691;СЕЛЕМАГ;Требуется;6;4950;2010-04-12
692;СЕЛЕМАГ-О;Не требуется;9;4600;2015-02-11
693;СЕЛЕРОЛ;Требуется;22;9650;2015-08-16
694;СЕЛКО-рН;Требуется;30;5650;2018-05-14
695;СЕМИНТРА;Требуется;26;3750;2018-03-02
696;СЕНСИБЛЕКС ВЕЙКС;Не требуется;6;2700;2014-07-08
697;СЕПТИФОРТ СПРЕЙ;Требуется;11;1100;2014-03-13
698;СЕПТО-СПРЕЙ;Не требуется;13;1200;2020-05-04
699;СЕПТОГЕЛЬ;Требуется;12;7150;2014-04-25
700;СЕРЕНИЯ;Требуется;6;5550;2017-12-19
701;СЕРЕНИЯ РАСТВОР ДЛЯ ИНЪЕКЦИЙ;Не требуется;9;4800;2018-04-21
702;СЕРНО-ЦИНКОВАЯ МАЗЬ;Не требуется;13;4100;2016-09-28
703;СИД;Не требуется;17;5650;2019-06-16
704;СИЛЕО;Не требуется;23;9450;2020-09-17
705;СИМПАРИКА;Требуется;20;3350;2017-02-17
706;СИНКОГЕЛЬ;Требуется;27;6750;2012-04-19
707;СИНУЛОКС RTU;Требуется;8;9950;2012-05-21
708;СИНУЛОКС ТАБЛЕТКИ;Требуется;27;6000;2010-04-03
709;СКАВОН ВЕТ КРЕМ;Не требуется;11;10000;2015-01-17
710;СКАВОН ВЕТ СПРЕЙ;Не требуется;19;6650;2013-01-19
711;СКАЛИБОР ИНСЕКТО-АКАРИЦИДНЫЙ;Не требуется;16;9000;2016-05-10
712;СОЛИКОКС;Не требуется;20;1250;2012-04-22
713;СОЛЬФАК ДУО СК 7%;Требуется;7;7350;2011-11-22
714;СОМАТИК-ТЕСТ СМТ;Не требуется;6;10000;2021-02-27
715;СОРБАЛГОН;Требуется;17;7900;2015-02-07
716;СОРБАЛГОН Т;Требуется;21;4450;2013-01-19
717;СПЕКТАМ;Требуется;24;7850;2010-05-21
718;СПЕЛИНК-44;Требуется;28;1700;2017-04-14
719;СПОРОВИТ ЖИДКИЙ;Не требуется;14;5200;2016-05-25
720;СПРЕЙ ЭЛИТА;Не требуется;16;8950;2018-10-10
721;СПРЕЙ ЭЛИТА С ПРОВИТАМИНОМ B5;Требуется;19;4450;2013-04-12
722;СТАРТИН;Требуется;19;1850;2019-05-22
723;СТИМОВИТ;Требуется;6;9850;2011-10-10
724;СТОП-АРТРИТ;Не требуется;19;5950;2010-12-12
725;СТОП-ЗУД СПРЕЙ;Требуется;17;9550;2017-03-28
726;СТОП-ЗУД СУСПЕНЗИЯ;Не требуется;12;8650;2011-09-22
727;СТОП-СТРЕСС КАПЛИ;Не требуется;10;4150;2013-11-15
728;СТОП-СТРЕСС ТАБЛЕТКИ;Требуется;23;5300;2012-11-13
729;СТОП-ЦИСТИТ БИО;Требуется;23;3500;2016-02-04
730;СТОП-ЦИСТИТ ТАБЛЕТКИ;Требуется;22;9450;2017-01-16
731;СТОПМОЛЬ;Не требуется;24;5750;2017-07-26
732;СТРАЙД;Требуется;7;1600;2017-07-30
733;СТРАЙД ПЛЮС;Не требуется;18;7150;2012-11-13
734;СТРЕПТОВИК;Не требуется;14;7950;2019-11-21
735;СТРЕПТОМИЦИНА СУЛЬФАТ (Агрофарм);Требуется;22;9400;2018-01-05
736;СТРЕПТОМИЦИНА СУЛЬФАТ (Синтез);Не требуется;19;7600;2012-12-12
737;СТРЕПТОФУР;Не требуется;29;4250;2021-04-17
738;СТРЕССМИКС;Не требуется;11;8500;2012-10-25
739;СТРОНГХОЛД;Не требуется;19;3600;2010-05-17
740;СТРУВИТНАЯ ДИЕТА;Не требуется;17;1600;2012-03-22
741;СТРУВИТНАЯ ДИЕТА КОНСЕРВЫ;Не требуется;18;7800;2021-07-15
742;СУБТИЛИС;Требуется;12;8800;2017-07-03
743;СУБТИЛИС-Ж;Не требуется;23;6200;2019-03-09
744;СУИФЕРРОВИТ-А;Не требуется;19;1400;2014-02-05
745;СУЛЬТЕПРИМ;Не требуется;6;8850;2019-12-12
746;СУЛЬФ ГРАНУЛЯТ;Не требуется;7;6200;2017-07-19
747;СУЛЬФ-120;Требуется;12;5400;2015-11-01
748;СУЛЬФ-480;Не требуется;12;4650;2012-08-13
749;СУЛЬФЕТРИСАН;Требуется;28;8900;2019-12-09
750;СУМИНАК;Не требуется;29;10000;2020-03-21
751;СУПЕРПУШНОВИТ-М;Не требуется;20;6900;2012-02-23
752;СУПЕРПУШНОВИТ-П;Не требуется;20;1800;2016-04-06
753;СУПЕРФЛЕКС;Требуется;27;1350;2017-02-01
754;СУППРЕСТРАЛ СУСПЕНЗИЯ ДЛЯ ИНЪЕКЦИЙ;Не требуется;25;3300;2018-11-02
755;СУПРЕЛОРИН;Требуется;21;8450;2013-05-03
756;СУПРИМИЦИН;Не требуется;29;7850;2015-11-24
757;СУРОЛАН;Не требуется;29;7350;2011-03-13
758;СУРФАГОН;Не требуется;10;2400;2020-05-16
759;СУРФАГОН;Не требуется;27;3750;2013-09-24
760;ТЕСТОКС;Требуется;28;3150;2016-09-10
761;ТЕТРАВИТ;Не требуется;28;8650;2010-03-04
762;ТЕТРАГИДРОВИТ;Не требуется;24;3350;2017-10-22
763;ТЕТРАЛОНГ-20;Не требуется;6;3200;2020-03-17
764;ТЕТРАМАГ;Требуется;11;6850;2020-11-07
765;ТЕТРАМАСТ;Требуется;28;3250;2020-04-23
766;ТЕТРАМЕТР;Требуется;8;5550;2019-10-26
767;ТЕТРАМИЗОЛ;Не требуется;18;4200;2015-03-23
768;ТЕТРАМИЗОЛ 10% ГРАНУЛЯТ;Не требуется;29;2000;2020-04-14
769;ТЕТРАМИЗОЛ 20 % ГРАНУЛЯТ;Не требуется;7;9100;2012-02-02
770;ТЕТРАЦИКЛИНА ГИДРОХЛОРИД;Не требуется;23;4000;2010-03-17
771;ТЕТРОКСИ 10 %;Не требуется;30;3200;2017-10-19
772;ТЕТРОКСИ LА;Требуется;27;8650;2020-04-14
773;ТИАЛОНГ;Требуется;13;5100;2015-12-02
774;ТИАМУЛИН 2 %;Не требуется;5;4750;2010-11-23
775;ТИАМУЛИН 45 %;Требуется;29;2000;2015-01-19
776;ТИАМУТОКС;Не требуется;23;6000;2011-12-17
777;ТИАМУФАРМ 10%;Требуется;15;4250;2016-01-05
778;ТИГМА-К;Требуется;23;7200;2010-12-05
779;ТИГМА-Щ;Требуется;28;1650;2010-12-08
780;ТИЕРКАЛ;Требуется;14;4500;2010-02-01
781;ТИЛАНИК 20 %;Требуется;24;9700;2010-02-19
782;ТИЛАНИК 5%;Требуется;21;1900;2011-12-28
783;ТИЛАНИК ВОДОРАСТВОРИМЫЙ ПОРОШОК;Не требуется;17;8750;2017-04-30
784;ТИЛАР;Не требуется;16;2450;2011-06-03
785;ТИЛАР 50 %;Требуется;15;5500;2010-07-29
786;ТИЛДРЕН;Не требуется;27;1450;2019-06-20
787;ТИЛОВЕТ 10 %;Требуется;14;1050;2017-10-23
788;ТИЛОВЕТ 25 %;Требуется;24;6600;2015-11-21
789;ТИЛОВЕТ Б-200;Требуется;6;3900;2013-02-11
790;ТИЛОВЕТ Б-50;Не требуется;12;9800;2010-08-17
791;ТИЛОВЕТ ВОДОРАСТВОРИМЫЙ ПОРОШОК;Требуется;6;8950;2017-11-27
792;ТИЛОДОКС-200;Требуется;18;5150;2010-04-19
793;ТИЛОЗИН 200;Требуется;13;6150;2013-11-10
794;ТИЛОЗИН 50;Не требуется;25;1400;2017-10-14
795;ТИЛОЗИН ОСНОВАНИЕ СУБСТАНЦИЯ;Не требуется;27;6300;2012-03-02
796;ТИЛОЗИНА ТАРТРАТ ГРАНУЛИРОВАННЫЙ СУБСТАНЦИЯ;Не требуется;17;1650;2019-03-08
797;ТИЛОЗИНА ТАРТРАТ СУБСТАНЦИЯ;Не требуется;17;5350;2018-08-24
798;ТИЛОЗИНОКАР;Не требуется;11;4050;2015-04-02
799;ТИЛОКОЛ;Не требуется;25;8250;2011-08-30
800;ТИЛОКОЛИН-АФ;Не требуется;21;6100;2020-12-04
801;ТИЛОМАГ 20 %;Требуется;22;7450;2010-07-30
802;ТИЛОМАГ 5 %;Требуется;6;3400;2015-03-29
803;ТИЛОСУЛЬФУРАН;Требуется;22;2400;2011-10-23
804;ТИМПАНОЛ;Не требуется;5;6100;2017-06-25
805;ТИОЦЕФУР;Не требуется;19;1650;2014-11-11
806;ТОЛФЕДИН;Требуется;5;9250;2016-04-16
807;ТОЛФЕДИН 4%;Требуется;19;1000;2012-06-27
808;ТОНОФОСФАН КОМПОЗИТУМ;Требуется;10;9200;2011-09-06
809;ТОП ДОГ;Не требуется;13;3550;2015-05-05
810;ТОРУКОКС 2 %;Не требуется;7;8900;2018-11-22
811;ТОС-3;Не требуется;24;6600;2019-03-26
812;ТРАВМАТИН РАСТВОР ДЛЯ ИНЪЕКЦИЙ;Требуется;16;9950;2020-11-15
813;ТРИАНТЕЛМ;Не требуется;18;3150;2011-10-27
814;ТРИВИТ ДЛЯ ИНЪЕКЦИЙ;Требуется;7;3450;2019-09-10
815;ТРИВИТ ДЛЯ ПРИМЕНЕНИЯ ВНУТРЬ;Требуется;17;7800;2019-05-24
816;ТРИВИТАМИН ДЛЯ ИНЪЕКЦИЙ;Не требуется;5;1950;2016-04-12
817;ТРИВИТАМИН ДЛЯ ПРИМЕНЕНИЯ ВНУТРЬ;Требуется;21;8500;2018-12-23
818;ТРИМЕТИН;Не требуется;27;5350;2013-04-18
819;ТРИМЕТОКС;Требуется;13;7250;2021-08-07
820;ТРИПРИМ;Не требуется;7;5700;2020-12-28
821;ТРИСУЛЬФОН ПОРОШОК;Не требуется;21;2150;2016-06-14
822;ТРИХОВЕТ 5 %;Не требуется;27;7300;2013-02-10
823;ТРИХОПТИЛИН;Не требуется;25;4500;2014-11-05
824;ТРИЦИЛЛИН;Требуется;10;7300;2013-04-19
825;ТРОМЕКСИН;Требуется;22;7500;2018-05-02
826;ТРОНЦИЛ;Требуется;14;2450;2021-05-15
827;ТРОНЦИЛ-К;Требуется;19;7250;2017-03-21
828;ТЭДА;Требуется;16;7600;2020-04-12
829;ФАРМАЙОД;Не требуется;20;6450;2015-04-13
830;ФАРМАСТИМ 4 %;Не требуется;25;7200;2012-10-01
831;ФАРМАСТИМ 8 %;Не требуется;29;1250;2019-12-08
832;ФАРМКОКЦИД-10;Требуется;19;9150;2015-05-07
833;ФАРМОКСИДИН 1 % РАСТВОР;Требуется;21;4800;2019-08-18
834;ФАСКОВЕРМ РАСТВОР;Не требуется;10;7650;2013-01-28
835;ФАСКОЦИД ГРАНУЛЫ;Не требуется;25;5600;2011-01-25
836;ФАСЦИОЛ;Не требуется;20;6200;2014-09-30
837;ФЕБТАЛ;Требуется;5;3900;2019-07-07
838;ФЕЛИГЕН CRP;Не требуется;29;2600;2012-11-23
839;ФЕЛИГЕН CRP/R;Требуется;7;5750;2019-11-22
840;ФЕЛИФЕРОН;Требуется;26;9800;2017-07-27
841;ФЕЛОВАКС;Требуется;29;9350;2012-02-12
842;ФЕНБАЗЕН 10 % ГРАНУЛЯТ;Не требуется;27;8200;2015-04-12
843;ФЕНБАЗЕН 10 % СУСПЕНЗИЯ;Требуется;26;2000;2021-06-14
844;ФЕНБЕНГРАН ГРАНУЛЯТ;Требуется;14;3200;2019-01-28
845;ФЕНБЕНДАЗОЛ;Не требуется;11;8450;2017-09-13
846;ФЕНИЛБУТАЗОН;Не требуется;20;3400;2021-05-13
847;ФЕНПРАЗ;Не требуется;8;5050;2016-05-13
848;ФЕНПРАЗ суспензия;Требуется;15;2450;2017-08-28
849;ФЕРКАН;Требуется;14;7850;2014-04-29
850;ФЕРРАНИМАЛ-75;Требуется;23;7250;2010-05-10
851;ФЕРРАНИМАЛ-75 М;Не требуется;9;5450;2012-05-05
852;ФЕРРОГЛЮКИН-75;Требуется;22;8800;2010-06-06
853;ФИЗАЛ;Требуется;10;6450;2018-08-24
854;ФИЛАКС;Требуется;16;3000;2020-02-15
855;ФИНАЛ МБ;Не требуется;16;8800;2013-02-03
856;ФИПРЕКС 75 СПОТ-ОН;Не требуется;23;7800;2010-01-14
857;ФИПРЕКС СПРЕЙ ФОРТЕ;Не требуется;25;4250;2010-10-18
858;ФИПРИСТ СПОТ ОН;Не требуется;13;5700;2012-02-04
859;ФИПРОКЛИР СПОТ-ОН;Требуется;30;1700;2015-05-28
860;ФИПРОТЕГ;Требуется;8;7850;2016-04-18
861;ФИТОБАКТРИН;Требуется;18;2300;2021-07-19
862;ФИТОКАЛЬЦЕВИТ;Не требуется;9;2750;2016-11-18
863;ФИТОКАЛЬЦЕВИТ С ТАУРИНОМ;Требуется;8;4900;2021-03-26
864;ФИТОМИНЫ + А;Не требуется;6;7650;2021-04-28
865;ФИТОМИНЫ + БК;Не требуется;16;4250;2011-03-22
866;ФИТОМИНЫ + ВШ;Не требуется;28;9550;2010-12-29
867;ФИТОМИНЫ + ГЕМАТОДОГ;Не требуется;5;8550;2020-01-23
868;ФИТОМИНЫ + ГЕМАТОКЭТ;Требуется;12;5250;2014-07-07
869;ФИТОМИНЫ + КК;Требуется;23;4400;2019-11-04
870;ФИТОМИНЫ + МК;Требуется;29;1200;2014-12-17
871;ФИТОМИНЫ + С;Не требуется;15;5600;2020-12-24
872;ФИТОМИНЫ В;Не требуется;5;5150;2010-11-10
873;ФИТОМИНЫ Г;Требуется;18;3000;2015-11-19
874;ФИТОМИНЫ ГЛ;Требуется;27;5500;2013-10-21
875;ФИТОМИНЫ З;Требуется;7;1900;2017-04-07
876;ФИТОМИНЫ Ш;Требуется;24;6750;2020-05-15
877;ФИТОМИНЫ-М-К;Требуется;30;1000;2020-10-04
878;ФИТОМИНЫ-М-КМ;Не требуется;14;8050;2013-11-04
879;ФИТОМИНЫ-М-МС;Не требуется;22;4350;2017-03-04
880;ФИТОМИНЫ-М-Х;Не требуется;27;4100;2012-09-03
881;ФИТОЭЛИТА Крем-бальзам антисептический;Не требуется;17;2000;2013-02-04
882;ФИТОЭЛИТА Крем-бальзам противовоспалительный;Не требуется;6;3500;2015-12-15
883;ФИТОЭЛИТА Крем-бальзам противотравматический;Не требуется;30;7150;2020-06-17
884;ФИТОЭЛИТА Крем-бальзам ранозаживляющий;Требуется;21;8200;2011-09-30
885;ФИТОЭЛИТА лосьон для глаз;Не требуется;20;4500;2015-04-04
886;ФИТОЭЛИТА-К ЗАЩИТА ОТ ИНФЕКЦИЙ;Не требуется;9;2250;2020-11-07
887;ФИТОЭЛИТА-К ЗДОРОВЫЕ ПОЧКИ;Не требуется;18;4350;2016-01-18
888;ФИТОЭЛИТА-К ОСТЕОЧАЙ;Не требуется;30;5850;2018-09-01
889;ФИТОЭЛИТА-К ОЧИСТИТЕЛЬНЫЙ ЧАЙ;Не требуется;20;2700;2010-10-07
890;ФИТОЭЛИТА-К ТОЛСТОПУЗ;Требуется;23;2350;2011-05-12
891;ФИТОЭЛИТА-К ЦИТОСТАТ;Не требуется;21;4550;2020-04-11
892;ФИТОЭЛИТА-К ЧИСТАЯ КОЖА;Не требуется;9;9200;2017-12-25
893;ФИТЭКС КАПЛИ;Требуется;25;3650;2020-02-17
894;ФЛАВОВИТ 8 %;Требуется;7;1000;2020-10-16
895;ФЛАЙ БАЙТ;Не требуется;24;5200;2012-12-08
896;ФЛЕКСОПРОФЕН;Не требуется;8;7750;2017-08-06
897;ФЛИ 3 в 1;Не требуется;11;6550;2019-07-11
898;ФЛОРИКОЛ;Требуется;27;8250;2019-07-30
899;ФЛОРИТИЛ ИНЪЕКЦИОННЫЙ;Требуется;29;1050;2012-09-20
900;ФЛОРОКС;Не требуется;25;8850;2021-01-20
901;ФЛОРОН 10 %;Не требуется;19;6000;2019-07-04
902;ФЛОРОН 2 % ПОРОШОК;Не требуется;8;5200;2013-04-20
903;ФЛОРОН 30 %;Требуется;28;8650;2020-05-14
904;ФЛС-МИКС;Не требуется;16;9350;2015-02-06
905;ФЛУБАКТИН 10 %;Не требуется;21;9700;2015-08-06
906;ФЛУБАКТИН 20 %;Не требуется;7;9100;2016-07-06
907;ФЛУНИДЖЕКТ;Не требуется;13;9250;2019-04-08
908;ФОЛАЙН КАПЛИ;Требуется;10;5900;2011-06-08
909;ФОЛАЙН СПРЕЙ;Требуется;17;6250;2015-09-19
910;ФОЛЛИМАГ;Не требуется;25;8200;2012-11-10
911;ФОРВЕТ капли глазные;Требуется;21;9100;2015-02-24
912;ФОРВЕТ раствор для инъекций;Не требуется;23;1400;2013-06-25
913;ФОРМОЛВАКЦИНА ПРОТИВ ПАСТЕРЕЛЛЕЗА;Требуется;27;7550;2014-12-17
914;ФОРТЕ УНИВЕРСАЛ;Требуется;14;6600;2013-06-20
915;ФОРТЕКОР таблетки;Не требуется;26;1600;2014-10-05
916;ФортиФлора пробиотик;Требуется;7;7850;2019-01-21
917;ФОСПАСИМ РАСТВОР ДЛЯ ИНЪЕКЦИЙ;Требуется;5;3450;2019-10-02
918;ФОСПАСИМ РАСТВОР ДЛЯ ПРИМЕНЕНИЯ ВНУТРЬ;Требуется;11;2800;2019-02-01
919;ФОСПРЕНИЛ;Не требуется;5;7550;2010-12-28
920;ФРЕШ 25;Не требуется;6;1050;2010-12-30
921;ФРОНТЛАЙН КОМБО;Требуется;16;4400;2019-02-15
922;ФРОНТЛАЙН СПОТ ОН;Не требуется;15;4500;2020-10-19
923;ФРОНТЛАЙН СПРЕЙ;Требуется;5;3200;2021-04-02
924;ФСГ-СУПЕР;Требуется;27;9550;2019-01-17
925;ФУМИСАН;Не требуется;30;8800;2019-07-21
926;ФУНГИВЕТ;Не требуется;23;6250;2014-05-18
927;ФУНГИН;Требуется;7;6000;2020-01-27
928;ФУРАМИКС;Не требуется;7;6700;2017-07-28
929;ФУРАПЕН;Требуется;23;6950;2020-09-08
930;ФУРАПОЛ;Требуется;17;4100;2015-06-07
931;ЭВТАНАЗИН;Требуется;17;5350;2013-04-25
932;ЭГОЦИН 20;Не требуется;12;4650;2015-02-27
933;ЭЙМЕТЕРМ СУСПЕНЗИЯ 5%;Требуется;17;5100;2014-06-05
934;ЭКВАЛАН;Не требуется;7;5350;2014-02-09
935;ЭКВАЛАН ДУО;Не требуется;6;9800;2016-02-21
936;ЭКВИЛИС ПРЕКВЕНЗА ТЕ;Не требуется;29;5950;2014-12-29
937;ЭКВИЛИС РЕЗЕКВИН;Требуется;20;9850;2016-03-24
938;ЭКВИЛИС ЭКВЕНЗА-Т;Не требуется;16;8300;2011-05-01
939;ЭКВИСЕКТ ПАСТА;Требуется;18;7600;2010-07-18
940;ЭКЗЕКАН;Требуется;26;3350;2012-11-28
941;ЭКОФЛИС;Требуется;8;8250;2019-11-05
942;ЭКОЦИД С;Требуется;21;8750;2011-01-08
943;ЭКС-5;Требуется;7;4100;2018-12-02
944;ЭКС-5Т;Не требуется;23;4200;2019-12-15
945;ЭКТОДЕС;Требуется;19;7800;2014-01-13
946;ЭЛВЕСТИН;Требуется;14;1900;2015-07-02
947;ЭНГЕМИЦИН 10%;Требуется;30;6400;2014-08-09
948;ЭНРОМАГ 5 %;Требуется;7;3050;2015-11-09
949;ЭНРОМАГ-О;Требуется;5;9850;2019-08-18
950;ЭНРОНИТ;Не требуется;15;4100;2019-06-09
951;ЭНРОСТИН;Не требуется;25;2100;2011-09-22
952;ЭНРОСТИН МАКС;Требуется;21;9000;2016-11-07
953;ЭНРОЦИД;Не требуется;25;2200;2014-05-08
954;ЭНТЕРОКАТ;Не требуется;20;3950;2010-05-25
955;ЭНТЕРОСОРБЕНТ УГЛЕРОДНЫЙ ЗООКАРБ;Не требуется;16;5400;2017-11-21
956;ЭНТИФ;Требуется;24;3600;2019-11-04
957;ЭНТОМОЗАН С;Не требуется;11;3400;2020-02-25
958;ЭПИ ОТИК;Требуется;6;9100;2013-02-27
959;ЭПРИМЕК;Требуется;22;4600;2016-06-06
960;ЭРИДИН;Требуется;14;5950;2012-04-22
961;ЭРИДОН;Не требуется;17;5200;2017-09-03
962;ЭРИМАСТ;Требуется;25;5700;2014-11-23
963;ЭРИПРИМ КОНЦЕНТРАТ;Не требуется;30;6350;2019-03-17
964;ЭРИТРОКСИД;Требуется;22;9100;2015-12-31
965;ЭРОКСИМАСТ;Не требуется;14;9350;2010-11-14
966;ЭСТРОФАН;Не требуется;17;5150;2019-07-17
967;ЭСТРОФАНТИН;Не требуется;8;7050;2011-09-05
968;ЭУРИКАН DHPPI2-L;Не требуется;12;6900;2017-11-30
969;ЭУРИКАН DHPPI2-LR;Не требуется;21;9500;2013-01-19
970;ЭУРИКАН ПИРО;Не требуется;8;6800;2020-04-15
971;ЭФА-ГЕЛЬ;Требуется;20;7000;2015-11-05
972;ЭФА-Д 1 %;Не требуется;21;1500;2012-02-11
973;ЭФФИТИКС;Требуется;16;8400;2018-12-29
974;ЭНТЕРОСОРБЕНТ УГЛЕРОДНЫЙ ЗООКАРБ;Не требуется;25;6800;2015-07-22
975;ЭНТИФ;Не требуется;27;4500;2020-07-01
976;ЭНТОМОЗАН С;Требуется;11;9950;2018-02-03
977;ЭПИ ОТИК;Не требуется;16;2650;2010-02-08
978;ЭПРИМЕК;Требуется;26;7800;2010-09-06
979;ЭРИДИН;Не требуется;30;9000;2013-01-12
980;ЭРИДОН;Требуется;14;3650;2015-09-18
981;ЭРИМАСТ;Требуется;5;3750;2021-03-15
982;ЭРИПРИМ КОНЦЕНТРАТ;Требуется;17;3500;2015-11-09
983;ЭРИТРОКСИД;Требуется;24;8100;2018-11-12
984;ЭРОКСИМАСТ;Не требуется;18;3250;2012-07-31
985;ЭСТРОФАН;Не требуется;13;7350;2016-03-24
986;ЭСТРОФАНТИН;Не требуется;18;6500;2018-09-09
987;ЭУРИКАН DHPPI2-L;Не требуется;29;7150;2014-06-15
988;ЭУРИКАН DHPPI2-LR;Требуется;23;7250;2015-05-07
989;ЭУРИКАН ПИРО;Не требуется;7;7300;2013-07-09
990;ЭФА-ГЕЛЬ;Требуется;28;3150;2010-04-09
991;ЭФА-Д 1 %;Требуется;21;2750;2017-06-02
992;ЭФФИТИКС;Не требуется;11;1150;2021-04-09
993;ЭНТЕРОСОРБЕНТ УГЛЕРОДНЫЙ ЗООКАРБ;Не требуется;25;6100;2010-02-20
994;ЭНТИФ;Не требуется;8;5550;2016-03-22
995;ЭНТОМОЗАН С;Требуется;8;3650;2018-02-24
996;ЭПИ ОТИК;Не требуется;17;8250;2020-03-09
997;ЭПРИМЕК;Не требуется;8;6050;2017-11-06
998;ЭРИДИН;Не требуется;25;4100;2015-12-05
999;ЭРИДОН;Требуется;14;5450;2020-07-08
1000;ЭРИМАСТ;Не требуется;17;1600;2010-05-16
