1;АВАТЕК 15 % СС;Не требуется;11;1150;2021-04-06
2;АВЕРОФАРМ;Не требуется;7;1550;2020-03-13
3;АВЕРСЕКТ - 2;Не требуется;8;8550;2013-02-16
4;АВЕРСЕКТ К&C;Не требуется;20;1850;2011-12-18
5;АВЕРСЕКТ-2 ВК;Не требуется;30;7550;2016-10-10
6;АВЕРТЕЛЬ;Не требуется;15;1500;2020-09-13
7;АВИЗИМ 1100;Не требуется;13;2550;2011-09-06
8;АВИЗИМ 1200;Требуется;20;8300;2011-10-26
9;АВИЗИМ 1300;Не требуется;12;5650;2013-04-25
10;АВИЗИМ 1500;Не требуется;16;7600;2016-08-07
11;АВИМУТИН ГИДРО;Требуется;13;2050;2013-04-05
12;АГИТА 10 WG;Не требуется;21;4000;2017-07-05
13;АГИФЛАЙ;Не требуется;16;2700;2016-04-29
14;АДВАНТЕЙДЖ 40;Не требуется;6;1200;2018-07-29
15;АДВАНТЕЙДЖ 80;Требуется;7;9850;2020-02-06
16;АДВАНТИКС;Не требуется;22;7950;2011-06-17
17;АДВОКАТ;Не требуется;13;8750;2010-09-17
18;АЗИКАН;Требуется;8;8350;2014-10-04
19;АЗИНОКС;Требуется;19;8550;2020-08-06
20;АЗИНОКС ПЛЮС;Не требуется;5;2850;2010-04-08
21;АЗИПИРИН;Требуется;15;6900;2011-01-11
22;АЗИТРОНИТ;Не требуется;15;1450;2010-06-26
23;АЗОКСИВЕТ;Требуется;28;6750;2019-04-09
24;АЙНИЛ 1%;Не требуется;6;5800;2014-06-28
25;АЙНИЛ 10 %;Требуется;21;1650;2012-08-26
26;АЙРОНБУСТЕР;Не требуется;30;5100;2015-07-26
27;АЙСИДИВИТ;Требуется;29;3550;2011-04-09
28;АКАРАСАН;Требуется;27;6150;2018-11-22
29;АКАРОМЕКТИН;Не требуется;9;3300;2014-05-27
30;АКВАРЭТ-КОНЦЕНТРАТ;Требуется;27;5350;2013-05-09
31;АКВАРЭТ-ПРИМАНКА;Требуется;26;3700;2020-04-22
32;АКВИМАГ;Не требуется;30;1150;2017-01-03
33;АКРОЗОЛЬ;Требуется;7;5950;2015-10-24
34;АЛАМИЦИН LA 300;Не требуется;25;7950;2017-05-20
35;АЛАМИЦИН АЭРОЗОЛЬ;Не требуется;24;9050;2014-10-10
36;АЛЗАН;Требуется;14;6600;2018-01-14
37;АЛИЗИН;Требуется;16;3150;2010-01-11
38;АЛЛЕРВЕТ 1%;Требуется;12;8400;2019-03-13
39;АЛЛЕРДЕРМ СПОТ-ОН;Не требуется;26;9000;2013-12-28
40;АЛЬБАЗЕН;Требуется;8;3200;2019-05-21
41;АЛЬБАЗЕН 10 %;Требуется;24;1200;2012-12-29
42;АЛЬБАЗЕН 20 %;Требуется;6;1650;2015-05-21
43;АЛЬБАМЕЛИН;Не требуется;5;6800;2014-04-16
44;АЛЬБЕН;Требуется;21;8800;2021-03-21
45;АЛЬБЕН ГРАНУЛЫ;Не требуется;10;1900;2020-04-23
46;АЛЬБЕН С;Требуется;7;2750;2019-05-12
47;АЛЬБЕНДАЗОЛ ГРАНУЛЯТ 10 %;Не требуется;7;1550;2013-08-30
48;АЛЬБЕНДАЗОЛ СУСПЕНЗИЯ 10 %;Требуется;24;1050;2012-11-30
49;АЛЬБЕНДАЗОЛ ТАБЛЕТКИ 18 %;Не требуется;13;4100;2020-10-10
50;АЛЬВЕСОЛ;Не требуется;21;7450;2010-09-25
51;АЛЬВЕТ;Не требуется;15;4050;2018-02-08
52;АЛЬВЕТ СУСПЕНЗИЯ;Требуется;27;2550;2014-05-16
53;АЛЬГАФЕРРИН;Не требуется;9;7000;2013-10-20
54;АЛЬФА ВЕТ;Не требуется;15;4350;2013-12-08
55;АЛЮМИНИУМ-СПРЕЙ;Требуется;20;7600;2015-02-11
56;АМИДЕЛЬ-ГЕЛЬ;Не требуется;24;7550;2020-04-24
57;АМИЛОСУБТИЛИН Г3Х;Не требуется;18;6900;2018-01-29
58;АМИНОВИТАЛ;Не требуется;7;8050;2020-09-05
59;АМИПОЛ–Т;Не требуется;13;2250;2010-11-12
60;АМИТ;Требуется;15;1250;2014-07-24
61;АМИТ ФОРТЕ;Требуется;24;7950;2017-10-11
62;АМИТАН-1;Требуется;24;1450;2019-12-08
63;АМИТАН-2;Не требуется;12;5900;2017-07-31
64;АМИТАН-3;Не требуется;7;5800;2015-05-02
65;АМОКСИКЛАВ БОЛЮСЫ;Требуется;18;5600;2021-01-31
66;АМОКСИКЛАВ ПОРОШОК;Не требуется;18;4450;2012-10-10
67;АМОКСИМАГ;Не требуется;23;4150;2021-07-19
68;АМОКСИСАН;Требуется;7;8450;2016-10-11
69;АМОКСИЦИЛЛИН 10 % ПОРОШОК;Не требуется;26;4400;2015-10-01
70;АМОКСИЦИЛЛИН 15 %;Требуется;16;2000;2015-03-30
71;АМОКСИЦИЛЛИН 15%;Требуется;28;2850;2020-08-30
72;АМОКСИЦИЛЛИН 150;Не требуется;26;9800;2010-01-18
73;АМОКСОИЛ РЕТАРД;Требуется;28;8700;2021-06-24
74;АМПРОБЕЛ;Требуется;5;1800;2015-03-08
75;АМПРОЛИУМ 30%;Требуется;14;1600;2018-08-20
76;АМПРОЛИУМ-25;Требуется;19;8250;2019-05-13
77;АМУРИЛ 50 %;Требуется;14;1800;2016-02-14
78;АМУС;Требуется;13;5700;2018-03-12
79;АНАЛЬГИВЕТ;Не требуется;22;4950;2012-12-28
80;АНАНДИН;Требуется;25;1200;2020-09-16
81;АНАНДИН ПЛЮС;Требуется;26;7950;2021-06-24
82;АНЗАЦИКЛИН;Не требуется;17;4550;2020-09-07
83;АНОТЕН;Не требуется;30;7900;2012-09-26
84;АНТИ-ФЛИ СПРЕЙ;Не требуется;29;7650;2018-06-05
85;АНТИБАК 100;Требуется;5;9700;2011-12-31
86;АНТИБАК 250;Не требуется;16;8250;2014-10-15
87;АНТИБАК 2500;Не требуется;11;1350;2018-03-15
88;АНТИБАК 500;Требуется;21;3900;2019-08-05
89;АНТИГЕНЫ ЯЩУРНЫЕ;Не требуется;5;9200;2018-08-29
90;АНТИПАР;Не требуется;7;5950;2020-11-26
91;АНТИСЕДАН;Требуется;24;6350;2016-10-14
92;АНТИФЛИ КАПЛИ ИНСЕКТО-АКАРИЦИДНЫЕ;Требуется;15;7900;2017-12-23
93;АПИАСК полоски;Требуется;7;5500;2020-05-28
94;АПИАСК порошок;Требуется;16;9700;2020-11-02
95;АПИГЕЛЬ;Не требуется;19;9850;2017-12-24
96;АПИДЕЗ;Требуется;28;8450;2017-06-01
97;АПИЛИНОЛ;Требуется;26;4650;2010-12-30
98;АПИМИЛ;Не требуется;11;4850;2011-03-25
99;АПИРОЙ;Не требуется;27;7350;2011-10-06
100;АПИСИЛ;Требуется;23;5900;2013-12-20
101;АПИСТАН;Не требуется;9;6250;2017-12-05
102;АПИСТИМ;Требуется;30;2650;2014-03-18
103;АПКАРД;Требуется;16;5300;2021-07-27
104;АПОКВЕЛ;Не требуется;5;9200;2019-11-16
105;АПРАМИЦИН;Не требуется;21;5800;2013-09-21
106;АПРАМИЦИН ПОРОШОК;Требуется;19;9250;2010-07-08
107;АПРАМИЦИНА СУЛЬФАТА 20% РАСТВОР;Требуется;19;3950;2013-11-17
108;АПТЕРИН;Не требуется;18;7300;2014-04-13
109;АПТЕРИН-КОГОТЬ;Не требуется;15;6150;2010-05-13
110;АРАТАМ-БРИКЕТЫ;Требуется;28;4450;2014-01-15
111;АРАТАМ-КОНЦЕНТРАТ;Требуется;30;1950;2011-06-21
112;АРАТАМ-ПРИМАНКА;Требуется;21;5950;2011-03-13
113;АРМАЦИД;Требуется;16;4900;2013-07-16
114;АРТРОВЕТ КОМПЛЕКС;Требуется;6;6550;2014-07-15
115;АРТРОГЛИКАН;Не требуется;21;8050;2015-05-27
116;АСД – 2;Не требуется;22;1900;2014-10-24
117;АСД – 3;Требуется;20;5900;2019-06-23
118;АСЕПТИК-МЛ;Не требуется;15;2400;2014-06-01
119;АСЕПТИК-СПЕЦИАЛЬ;Не требуется;24;7850;2014-02-28
120;АСЕПУР;Не требуется;11;3650;2013-02-03
121;АСК-70;Требуется;28;1100;2018-10-04
122;АСКОВЕТ;Требуется;6;7250;2012-10-15
123;АСКОНАЗОЛ;Не требуется;8;4550;2012-12-16
124;АСКОПОЛ;Не требуется;20;3350;2016-09-29
125;АСКОСАН;Не требуется;22;3350;2016-04-15
126;АТИМПАНОЛ;Требуется;5;3550;2021-08-20
127;АТОПИКА;Не требуется;5;6750;2018-03-02
128;АТРАУМАН АГ;Требуется;13;2950;2014-12-19
129;АФАСЦИЛ;Требуется;15;3400;2015-10-05
130;АЦИДОКС;Требуется;13;2800;2017-03-17
131;АЦИЛОМАГ;Не требуется;27;7050;2015-12-01
132;АЭРАЛЬФАМ;Требуется;21;4950;2010-06-25
133;БАБЕЗАН 4% и 12% РАСТВОР ДЛЯ ИНЬЕКЦИЙ;Не требуется;9;5800;2010-06-20
134;БАЙКОКС 5%;Не требуется;11;1900;2017-04-23
135;БАЙМАЙТ;Не требуется;13;3200;2018-03-12
136;БАЙМЕК;Требуется;22;8900;2013-01-30
137;БАЙМИЦИН АЭРОЗОЛЬ;Требуется;13;3750;2014-09-01
138;БАЙОКЛАВ IMM LC;Требуется;23;5600;2021-05-10
139;БАЙОКЛОКС DC;Не требуется;13;4650;2014-03-28
140;БАЙОФЛАЙ ПУР-ОН;Не требуется;11;1350;2018-04-22
141;БАЙТРИЛ 10 % Раствор для инъекций;Не требуется;15;7800;2016-05-04
142;БАЙТРИЛ 10 % Раствор для орального применения;Не требуется;12;3300;2013-09-13
143;БАЙТРИЛ 5 %;Требуется;6;4150;2018-05-19
144;БАЙТРИЛ МАКС 10 % Раствор для инъекций;Не требуется;7;2550;2013-04-28
145;БАЙЦИДАЛ ВП 25;Не требуется;17;3200;2015-07-09
146;БАКСИН;Не требуется;26;7250;2014-09-22
147;БАКТОНЕОТИМ;Требуется;30;5300;2021-01-30
148;БАКТОПОЛ;Не требуется;20;4350;2015-06-06
149;БАЛЬЗАМ БАКТИВЕТ С АСД;Требуется;16;4050;2010-06-25
150;БАЛЬЗАМ ДОРОГОВОЙ;Не требуется;9;2950;2021-04-20
151;БАЛЬЗАМ-ОПОЛАСКИВАТЕЛЬ ЛЕСНОЙ;Требуется;10;4300;2012-03-27
152;БАЛЬЗАМ-ОПОЛАСКИВАТЕЛЬ МОРСКОЙ;Не требуется;23;4950;2014-06-25
153;БАРС КАПЛИ ИНСЕКТО-АКАРИЦИДНЫЕ;Не требуется;5;3600;2014-10-25
154;БАРС КАПЛИ УШНЫЕ;Не требуется;18;3300;2020-03-09
155;БАРС ЛОСЬОН ДЛЯ ЧИСТКИ УШЕЙ;Не требуется;21;7950;2019-10-31
156;БАРС ОШЕЙНИК ИНСЕКТО-АКАРИЦИДНЫЙ;Требуется;22;8750;2020-02-26
157;БАРС СПРЕЙ ИНСЕКТО-АКАРИЦИДНЫЙ;Не требуется;20;8150;2016-05-03
158;БАРС ФОРТЕ КАПЛИ ИНСЕКТО-АКАРИЦИДНЫЕ;Требуется;28;7550;2017-02-08
159;БАРС ФОРТЕ КАПЛИ УШНЫЕ;Требуется;15;7250;2018-01-31
160;БАЦИЛИХИН;Требуется;17;4650;2012-02-02
161;БЕЙСИК;Требуется;17;5550;2020-12-04
162;БЕНЗИЛПЕНИЦИЛЛИН НАТРИЕВАЯ СОЛЬ;Не требуется;25;9000;2021-08-12
163;БЕСТ ИН ШОУ;Требуется;11;9100;2016-03-02
164;БЕТАМОКС LA;Требуется;9;3300;2012-01-24
165;БЕТАФИН S1;Не требуется;20;1600;2015-09-30
166;БИАНОЛ;Не требуется;14;1250;2011-08-09
167;БИВАРООЛ;Требуется;18;7200;2016-05-10
168;БИВЕРМЕКТИН;Не требуется;25;5100;2018-02-24
169;БИЛОЗИН-200;Не требуется;12;6050;2010-04-15
170;БИМЕКТИН;Не требуется;29;4950;2016-12-01
171;БИМОКСИЛ LА;Требуется;13;6250;2021-03-17
172;БИНАКАР;Не требуется;21;2750;2010-03-04
173;БИО-МОС;Требуется;8;1800;2021-08-30
174;БИОВАК;Требуется;26;1500;2017-04-18
175;БИОВЕРМИН ПОРОШОК;Не требуется;19;6150;2018-03-19
176;БИОВЕТАЛЬГИН инъекционный;Требуется;23;7300;2012-11-12
177;БИОВИТ;Требуется;14;8800;2020-12-20
178;БИОВИТ Р-150;Не требуется;24;7750;2011-03-30
179;БИОГЕЛЬ 10;Требуется;24;6900;2010-07-14
180;БИОГЕЛЬ 5;Не требуется;6;6950;2016-01-19
181;БИОЗОЛЬ;Требуется;21;5300;2017-09-06
182;БИОКОРРЕКТОР РД;Не требуется;21;3900;2018-06-29
183;БИОЛИЗ;Не требуется;16;1500;2010-12-23
184;БИОЛИЗИН АРТРО ДЛЯ ДОГООБРАЗНЫХ ПОРОД;Не требуется;11;5700;2016-11-02
185;БИОЛИЗИН АРТРО ДЛЯ ОХОТНИЧЬИХ И СЛУЖЕБНО-СПОРТИВНЫХ ПОРОД;Требуется;23;6950;2016-06-03
186;БИОМЕТРОСАНИТ;Требуется;21;9300;2017-04-17
187;БИОНОР;Требуется;20;4450;2010-07-19
188;БИОПЛЮС 2Б;Требуется;24;7000;2019-11-08
189;БИОР-1;Не требуется;13;5550;2015-08-30
190;БИОР-Н;Требуется;22;8800;2013-05-06
191;БИОРЕКС-ГХ;Не требуется;7;4900;2013-03-20
192;БИОРИТМ-КОНТРОЛЬ;Не требуется;15;6450;2013-03-30
193;БИОСАНИТ;Не требуется;6;1500;2015-03-05
194;БИОСОЛВ ПЛЮС;Не требуется;15;7600;2013-09-02
195;БИОТЕК;Не требуется;17;6800;2016-04-06
196;БИОФАРМ-120;Требуется;6;9000;2010-12-04
197;БИОФОМ;Не требуется;26;8900;2012-12-29
198;БИОЦЕФИТ;Не требуется;8;1850;2014-06-26
199;БИПИН;Требуется;20;2900;2016-11-14
200;БИПИН-Т;Требуется;9;7900;2013-10-05
201;БИФИДУМ-СХЖ;Требуется;28;4850;2011-09-17
202;БЛОХНЭТ КАПЛИ ИНСЕКТО-АКАРИЦИДНЫЕ;Не требуется;22;5200;2010-12-10
203;БЛОХНЭТ СПРЕЙ ИНСЕКТО-АКАРИЦИДНЫЙ;Не требуется;9;7150;2016-04-17
204;БОЛЬФО АЭРОЗОЛЬ;Не требуется;30;4950;2014-09-11
205;БОЛЬФО ПУДРА;Требуется;12;5600;2020-08-25
206;БОЛЬФО ШАМПУНЬ;Не требуется;15;7350;2017-08-28
207;БОНХАРЕН;Не требуется;23;7000;2019-06-20
208;БОНХАРЕН ФОРТЕ;Не требуется;14;8100;2010-12-12
209;БРАВЕКТО;Не требуется;19;3600;2015-10-12
210;БРАВЕКТО СПОТ ОН;Не требуется;10;3050;2016-12-25
211;БРАНОЛИНД Н;Требуется;26;9850;2021-01-04
212;БРОМКОЛИН;Требуется;7;9150;2019-11-08
213;БРОМОДОКС;Не требуется;9;5600;2012-09-10
214;БРОМОСЕПТ-50;Не требуется;9;3200;2018-07-29
215;БУТОКС 50;Не требуется;27;5450;2011-01-23
216;ДАНА КАПЛИ ИНСЕКТО-АКАРИЦИДНЫЕ;Не требуется;8;3100;2011-02-03
217;ДАНА СПРЕЙ ИНСЕКТО-АКАРИЦИДНЫЙ;Требуется;12;4850;2012-12-11
218;ДАНА УЛЬТРА КАПЛИ ИНСЕКТО-АКАРИЦИДНЫЕ;Требуется;25;1550;2014-03-29
219;ДАНА УЛЬТРА ОШЕЙНИК ПРОТИВОПАРАЗИТАРНЫЙ;Требуется;29;1350;2021-07-20
220;ДЕГОТЬ;Требуется;30;4800;2018-12-20
221;ДЕЗ-1;Требуется;10;6350;2019-09-24
222;ДЕЗАМИН;Требуется;11;5100;2015-09-20
223;ДЕЗАЦИД;Требуется;10;7500;2014-12-12
224;ДЕЗИНПОЛ;Не требуется;5;2800;2020-12-26
225;ДЕЗИНФЕКСАН;Требуется;25;8200;2019-12-11
226;ДЕКОР-1;Требуется;19;6850;2017-09-09
227;ДЕКОР-2;Не требуется;7;3450;2015-01-09
228;ДЕКСАФОРТ;Не требуется;6;6100;2011-08-10
229;ДЕКТА;Не требуется;22;6250;2010-07-18
230;ДЕКТА-2;Не требуется;12;4500;2013-02-06
231;ДЕКТОМАКС;Не требуется;6;6100;2016-05-07
232;ДЕЛЕГОЛЬ;Не требуется;15;4600;2013-10-18
233;ДЕМОС;Требуется;22;7750;2018-04-22
234;ДеМоС;Требуется;28;2700;2015-06-09
235;ДЕМОС-ЛЮКС;Не требуется;28;5250;2010-11-15
236;ДЕНАГАРД 10 % ПОРОШОК;Не требуется;24;4050;2021-04-28
237;ДЕННИЦА ГЕЛЬ;Требуется;27;5750;2010-10-18
238;ДЕНТАВЕДИН;Не требуется;14;6650;2021-07-04
239;ДЕПОЛЕН;Требуется;10;9750;2011-10-28
240;ДЕРАТ ТВЕРДЫЕ БРИКЕТЫ;Требуется;17;7600;2014-04-11
241;ДЕРМАТОЗОЛЬ;Не требуется;30;3100;2010-08-12
242;ДЕРМИКОЦИД;Требуется;20;4900;2012-03-23
243;ДЕТОКС;Не требуется;5;4850;2017-06-03
244;ДЕФТОРФОСФАТ КОРМОВОЙ;Не требуется;22;4800;2015-09-02
245;ДЕХИНЕЛ ПЛЮС ДЛЯ СОБАК;Требуется;8;8350;2015-11-15
246;ДЕХИНЕЛ ПЛЮС ДЛЯ СОБАК СО ВКУСОМ МЯСА;Требуется;10;9050;2013-08-16
247;ДЖИМКЕТ УРИНАРИ ПАСТА;Требуется;5;1450;2017-01-27
248;ДИАГЕЛЬ;Требуется;25;2650;2018-10-18
249;ДИАГНОСТИКУМЫ ЭРИТРОЦИТАРНЫЕ ТИПОСПЕЦИФИЧЕСКИЕ;Требуется;26;9250;2017-05-02
250;ДИАЗИНОН С;Требуется;20;4950;2012-03-19
251;ДИАРИН;Требуется;20;8200;2011-01-27
252;ДИАРКАН;Не требуется;21;4350;2020-05-04
253;ДИГИТОН капли;Не требуется;6;1550;2021-05-15
254;ДИЕНОМАСТ;Не требуется;6;2700;2016-06-14
255;ДИЗПАРКОЛ;Не требуется;19;1700;2011-08-19
256;ДИКЛАКОКС ФОРТЕ;Требуется;29;6750;2012-05-25
257;ДИКСАМ;Не требуется;13;5550;2017-08-04
258;ДИОКСИДИН 1 % РАСТВОР;Не требуется;28;6850;2021-04-21
259;ДИОКСИЛАН 1 % РАСТВОР;Требуется;12;3650;2015-05-31
260;ДИОМЕТР;Требуется;26;4000;2015-10-28
261;ДИОФУР;Не требуется;24;7500;2011-12-15
262;ДИПАЛ КОНЦЕНТРАТ;Не требуется;13;7800;2013-02-13
263;ДИПЕНТАВАК;Не требуется;22;8250;2011-11-27
264;ДИПРОВАН;Требуется;11;7100;2020-11-20
265;ДИПРОКАРБ;Не требуется;7;3250;2011-02-23
266;ДИРОНЕТ СУСПЕНЗИЯ;Требуется;14;3300;2010-09-26
267;ДИРОФЕН ТАБЛЕТКИ;Не требуется;13;8750;2020-11-22
268;ДИРОФЕН-ПАСТА;Не требуется;9;3500;2015-04-17
269;ДИРОФЕН-СУСПЕНЗИЯ;Не требуется;6;5950;2013-04-26
270;ДИТРИМ;Требуется;11;4700;2015-07-03
271;ДИТРИМ ПОРОШОК;Не требуется;7;3850;2015-05-28
272;ДИФЕНАЦИН 1 % МАСЛЯНЫЙ РАСТВОР (МРД);Не требуется;10;4300;2012-11-21
273;ДИФЕНАЦИН СУБСТАНЦИЯ;Не требуется;17;9750;2019-02-14
274;ДИФУМАСТ;Требуется;26;8250;2019-06-11
275;ДИФУР;Требуется;16;7650;2019-03-16
276;ДИФУРОЛ А;Требуется;22;3850;2017-12-10
277;ДИФУРОЛ Б;Требуется;8;4900;2017-01-21
278;ДМ СИД-С;Не требуется;11;5700;2015-07-22
279;ДОБРОГРЫЗЯ;Требуется;25;2150;2013-12-17
280;ДОБРОКОТЯ;Не требуется;13;7900;2021-09-03
281;ДОБРОПЁСА;Требуется;25;3100;2015-02-03
282;ДОКСИВИТ 10 %;Не требуется;22;4350;2016-12-13
283;ДОКСИКЛИН 20 %;Не требуется;13;4150;2017-06-24
284;ДОКСИЛОКС;Не требуется;10;2400;2014-03-01
285;ДОКСИМАГ;Не требуется;18;1150;2015-10-10
286;ДОКСИМАГ-О;Не требуется;18;9550;2015-07-15
287;ДОКСИМЕТРИН;Не требуется;25;1750;2018-08-10
288;ДОМИТОР;Не требуется;6;7900;2013-08-16
289;ДОРБЕН;Требуется;19;2800;2020-12-16
290;ДОРИН;Требуется;21;3950;2013-07-11
291;ДОРИН-Р;Не требуется;24;2450;2012-06-02
292;ДОСАЛИД;Не требуется;11;4550;2014-11-13
293;ДОСТИМ;Требуется;9;7950;2016-10-04
294;ДП 2;Не требуется;22;7000;2018-07-29
295;ДП-2Т;Требуется;27;3900;2018-10-11
296;ДРАКСИН;Требуется;10;5600;2017-08-09
297;ДРОЖЖИ ПИВНЫЕ;Требуется;12;1050;2015-08-10
298;ДРОЖЖИ-СФК;Не требуется;27;1950;2021-08-07
299;ДРОНТАЛ ДЖУНИОР;Требуется;30;7650;2017-06-27
300;ДРОНТАЛ;Требуется;13;4250;2011-03-27
301;ДРОНТАЛ ПЛЮС;Не требуется;8;7450;2018-05-22
302;ДЮФАЛАЙТ;Не требуется;16;8400;2018-02-06
303;КEТОНИЛ;Требуется;9;8400;2017-03-27
304;КАЙОД;Требуется;25;4300;2016-11-26
305;КАЛИЯ ЙОДАТ СУБСТАНЦИЯ;Требуется;16;7100;2015-10-13
306;КАЛИЯ ЙОДИД СУБСТАНЦИЯ;Требуется;28;4450;2019-04-17
307;КАЛЬВОМИЛК-12;Не требуется;14;9200;2018-07-12
308;КАЛЬВОМИЛК-16;Не требуется;14;2100;2019-06-09
309;КАЛЬФОСЕТ;Требуется;5;8300;2018-04-08
310;КАЛЬФОСТОНИК;Не требуется;30;6450;2017-09-06
311;КАЛЬЦЕНОН;Не требуется;18;5100;2012-04-19
312;КАЛЬЦЕФИТ-1;Требуется;5;2050;2019-12-13
313;КАЛЬЦЕФИТ-14;Требуется;30;9800;2020-05-29
314;КАЛЬЦЕФИТ-15;Требуется;16;5400;2021-02-18
315;КАЛЬЦИТАТ С50;Не требуется;12;3300;2016-07-19
316;КАЛЬЦИЯ БОРГЛЮКОНАТ (МАГ);Не требуется;29;3600;2013-03-06
317;КАЛЬЦИЯ БОРГЛЮКОНАТ (Нита);Требуется;19;4150;2010-03-08
318;КАМЕДОН;Не требуется;21;7700;2011-09-15
319;КАНАМИЦИН 10 %;Не требуется;29;7400;2011-02-09
320;КАНИАГИЛ;Требуется;13;6050;2015-12-26
321;КАНИГЕН DHA2PPi/L;Требуется;11;5350;2016-11-05
322;КАНИГЛО;Требуется;16;9900;2017-06-18
323;КАНИКВАНТЕЛ ПЛЮС;Требуется;17;7600;2014-10-13
324;КАНИНСУЛИН;Требуется;23;4000;2017-03-18
325;КАНТАРЕН РАСТВОР ДЛЯ ИНЪЕКЦИЙ;Требуется;15;5600;2020-05-24
326;КАНТАРЕН ТАБЛЕТКИ;Требуется;24;4550;2019-06-17
327;КАПЛИ ГЛАЗНЫЕ БАРС;Требуется;27;1350;2021-05-12
328;КАПЛИ ГЛАЗНЫЕ ИРИС;Требуется;23;2850;2013-10-24
329;КАПЛИ ГЛАЗНЫЕ ЦИПРОВЕТ;Требуется;11;5650;2012-05-09
330;КАПЛИ ГЛАЗНЫЕ-ИНТРАНАЗАЛЬНЫЕ АНАНДИН;Требуется;9;8850;2020-06-06
331;КАПЛИ УШНЫЕ АНАНДИН;Требуется;8;6050;2016-06-18
332;КАРДАЛИC;Требуется;7;5100;2015-10-16
333;КАРНИВАК-КОВ;Требуется;26;9350;2020-12-16
334;КАРОЛИН +Se;Не требуется;6;6050;2012-07-12
335;КАРОФЕРТИН;Требуется;25;7300;2020-07-24
336;КАРСУЛЕН;Не требуется;9;3700;2020-09-24
337;КАТОБЕВИТ;Требуется;17;9300;2014-03-11
338;КАТОЗАЛ;Не требуется;22;6000;2016-01-21
339;КАФОРСЕН РАСТВОР ДЛЯ ИНЪЕКЦИЙ;Требуется;20;6400;2017-09-26
340;КАФОРСЕН РАСТВОР ДЛЯ ПЕРОРАЛЬНОГО ПРИМЕНЕНИЯ;Не требуется;6;9100;2011-05-30
341;КАФОРСЕН ТАБЛЕТКИ;Не требуется;21;3150;2013-08-27
342;КВАДРИКАТ;Не требуется;14;8300;2020-11-30
343;КВАДРИСОЛ 5;Требуется;30;9100;2016-05-19
344;КВИВИТАН;Не требуется;20;3200;2015-02-19
345;КВИК БАЙТ ВГ 10;Требуется;19;8300;2010-09-20
346;КВИНОКОЛ;Не требуется;28;5850;2014-07-31
347;КЕНОТЕСТ;Требуется;18;9150;2011-10-25
348;КЕТОКВИН 1% и 10%;Не требуется;6;6350;2019-01-26
349;КЕТОПРОФ;Не требуется;23;1100;2021-05-02
350;КЕТОПРОФЕН 10%;Требуется;18;9000;2018-09-21
351;КЕТОФЕН 1%;Не требуется;7;3250;2015-03-13
352;КЕТОФЕН ТАБЛЕТКИ;Требуется;17;9550;2021-06-12
353;КИЛТИКС ОШЕЙНИК;Требуется;10;7500;2012-08-09
354;КИНОРОН;Требуется;30;4650;2012-06-14
355;КЛАВАСЕПТИН;Требуется;19;6600;2021-03-20
356;КЛЕЕЛОВ КЛЕЙ;Не требуется;16;3100;2020-02-12
357;КЛЕЕЛОВ ЛИПКАЯ ЛЕНТА;Не требуется;21;2050;2012-02-26
358;КЛЕЕЛОВ ЛИПКАЯ ПЛАСТИНА;Не требуется;17;9000;2018-07-11
359;КЛЕТКИ КРОВИ АЭРОЗОЛЬНОЙ СУШКИ АР-301;Требуется;9;2100;2018-02-28
360;КЛИНАФАРМ СПРЕЙ;Требуется;6;6250;2011-02-19
361;КЛИНДАСПЕКТИН ВОДОРАСТВОРИМЫЙ ПОРОШОК;Не требуется;19;3900;2016-10-02
362;КЛИНДАСПЕКТИН РАСТВОР ДЛЯ ИНЪЕКЦИЙ;Не требуется;10;9300;2011-10-17
363;КЛОВЕРМ;Не требуется;27;5850;2011-10-29
364;КЛОЗАЛЬБЕН-10;Не требуется;30;4600;2015-05-08
365;КЛОЗАНТЕКС;Не требуется;20;4650;2020-04-04
366;КЛОЗАНТИН;Не требуется;6;4900;2013-03-16
367;КЛОКСАМАСТ;Требуется;9;9450;2018-04-24
368;КОБАКТАН;Требуется;5;9250;2012-09-01
369;КОБАКТАН LC;Требуется;20;7550;2011-08-16
370;КОВЕРТАЛ РАСТВОР ДЛЯ ИНЪЕКЦИЙ;Требуется;24;6600;2017-04-08
371;КОВИНАН;Не требуется;9;6250;2013-04-19
372;КОВИТСАН;Не требуется;21;7600;2015-10-18
373;КОКЦИДИН-10;Не требуется;20;4700;2019-12-23
374;КОКЦИСАН 12 %;Не требуется;22;5750;2014-05-21
375;КОЛИГЕН Г-100;Не требуется;25;9550;2012-06-26
376;КОЛИДОКС;Требуется;30;2300;2017-05-17
377;КОЛИМАСТ;Не требуется;5;4000;2015-08-18
378;КОЛИНГОР;Требуется;14;3000;2014-01-08
379;КОЛМИК-Е;Не требуется;17;2650;2015-11-30
380;КОМБОВАК;Требуется;7;1300;2010-03-21
381;КОМБОВАК-К;Не требуется;7;6650;2019-09-23
382;КОМПЛЕКС В;Не требуется;12;9950;2010-05-13
383;КОМПЛЕКС ВИТАМИНОВ А Д3 Е В МАСЛЕ;Требуется;9;7100;2018-10-28
384;КОМУЛИН;Не требуется;14;7650;2020-06-15
385;КОНВЕНИЯ;Не требуется;11;9650;2010-11-11
386;КОРМ ЭЛИТА;Требуется;30;8650;2014-09-26
387;КОРТАВАНС;Не требуется;17;6050;2019-02-14
388;КОСТОЧКА;Требуется;26;2300;2020-12-31
389;КОТ БАЮН РАСТВОР;Требуется;10;3800;2011-09-18
390;КОТ БАЮН ТАБЛЕТКИ;Не требуется;17;5650;2013-03-30
391;КОТЭРВИН;Требуется;9;1000;2021-08-03
392;КОФЕИН-БЕНЗОАТ НАТРИЯ 20 %;Требуется;11;2000;2021-01-27
393;КОФЕИН-БЕНЗОАТ НАТРИЯ 20 %;Требуется;30;6600;2010-12-18
394;КОЦЕФЕН 200;Требуется;21;8000;2014-07-06
395;КРЕМ ЗАЩИТНЫЙ ЗАБОТА;Требуется;22;5500;2013-12-31
396;КРЕМ КОПЫТНЫЙ КОСМЕТИЧЕСКИЙ ДЛЯ ЛОШАДЕЙ;Не требуется;22;4500;2018-05-11
397;КРЕМ КОСМЕТИЧЕСКИЙ НОЧКА С ДУШИЦЕЙ И ШИПОВНИКОМ;Не требуется;20;5100;2021-03-02
398;КРЕМ КОСМЕТИЧЕСКИЙ НОЧКА С РОМАШКОЙ И КАЛЕНДУЛОЙ;Не требуется;5;8000;2020-12-01
399;КРЕМ ЛАБДОЛЕНОВЫЙ;Требуется;27;7000;2010-01-15
400;КРЕМ «НЕЖНОСТЬ»;Требуется;21;2350;2010-06-05
401;КРЕОЛИН БЕСФЕНОЛЬНЫЙ КАМЕННОУГОЛЬНЫЙ;Не требуется;13;3900;2012-08-14
402;КРЕОЛИН-Д;Требуется;24;1800;2017-04-01
403;КРЕОЛИН-Х;Не требуется;16;7250;2013-01-14
404;КСИДИКОЛЬ СПРЕЙ;Не требуется;13;4300;2018-10-02
405;КСИКЛАВ СУСПЕНЗИЯ;Не требуется;6;7150;2017-06-20
406;КСИКЛАВ ТАБЛЕТКИ;Требуется;15;4600;2018-01-08
407;КСИЛА;Требуется;9;1100;2016-10-06
408;КСИЛАНАЗА;Требуется;13;5850;2016-01-19
409;КСИЛАНИТ;Не требуется;12;3950;2014-11-22
410;МАГКОЛИСТИН;Требуется;16;9000;2014-02-26
411;МАГЭСТРОЛ;Не требуется;17;1950;2011-08-13
412;МАГЭСТРОФАН;Требуется;15;9850;2016-12-05
413;МАДИКОКС;Не требуется;25;7500;2012-09-14
414;МАЗЬ АВЕРСЕКТИНОВАЯ;Не требуется;8;2850;2013-07-24
415;МАЗЬ АКАМИКСАН;Не требуется;6;9400;2019-02-23
416;МАЗЬ АНАНДИН;Требуется;29;3700;2021-04-18
417;МАЗЬ БИОСЕПТИН;Требуется;18;8600;2015-05-17
418;МАЗЬ ДЛЯ ОБРАБОТКИ ИНФИЦИРОВАННЫХ РАН;Требуется;17;9600;2018-09-12
419;МАЗЬ ИХТИОЛОВАЯ;Не требуется;9;2550;2010-05-04
420;МАЗЬ ИХТИОЛОВАЯ;Требуется;21;9400;2021-06-14
421;МАЗЬ КАМФОРНАЯ 10%;Не требуется;21;9550;2012-10-08
422;МАЗЬ ЛАНТАВЕТ;Не требуется;15;9250;2021-05-27
423;МАЗЬ ЛЕВОМЕКОЛЬ;Требуется;6;5550;2020-03-04
424;МАЗЬ ПИХТОИН;Требуется;10;9050;2013-12-22
425;МАЗЬ ПИХТОИНОВАЯ;Не требуется;5;8550;2013-01-31
426;МАЗЬ САЛИЦИЛОВАЯ;Требуется;28;1000;2020-03-06
427;МАЗЬ СЕРНАЯ ПРОСТАЯ;Требуется;17;8100;2012-12-09
428;МАЗЬ СЕРНО-ДЕГТЯРНАЯ;Требуется;22;6750;2014-11-20
429;МАЗЬ СТРЕПТОЦИДОВАЯ (Агрофарм);Требуется;18;9700;2012-11-21
430;МАЗЬ СТРЕПТОЦИДОВАЯ (ЗВП);Не требуется;5;9000;2012-08-18
431;МАЗЬ СТРЕПТОЦИДОВАЯ (Фармакс);Не требуется;10;9500;2016-01-12
432;МАЗЬ ТЕТРАЦИКЛИНОВАЯ 3 %;Требуется;9;8950;2016-02-21
433;МАЗЬ ФАРМАЙОДНАЯ АНТИСЕПТИЧЕСКАЯ;Требуется;12;5600;2013-05-03
434;МАЗЬ ЦИНКОВАЯ (Unguentum Zinci);Не требуется;20;9500;2015-11-08
435;МАЗЬ ЭРИТРОМИЦИНОВАЯ;Не требуется;18;1600;2011-11-04
436;МАЗЬ ЯМ;Не требуется;16;7100;2016-01-31
437;МАЗЬ ЯМ БК;Требуется;11;3950;2019-06-12
438;МАЗЬ ЯХАЛИМП;Не требуется;8;9300;2015-12-12
439;МАКРОЛАН WS;Не требуется;5;7950;2018-09-24
440;МАЛЬТ-ПАСТА;Не требуется;14;8450;2015-01-29
441;МАПРЕЛИН ХР10 ВЕЙКС;Требуется;16;5550;2010-06-19
442;МАРБОЦИН;Требуется;29;8300;2010-09-11
443;МАРУКОКС 1 %;Не требуется;19;8900;2012-12-17
444;МАРФЛОКСИН 10% РАСТВОР;Не требуется;19;8800;2017-05-27
445;МАРФЛОКСИН 2% РАСТВОР;Не требуется;8;2450;2019-10-07
446;МАРФЛОКСИН ТАБЛЕТКИ;Требуется;14;6850;2017-07-16
447;МАСЛО КАМФОРНОЕ 10 %;Не требуется;28;3100;2015-04-22
448;МАСТЕНИТ;Требуется;28;6050;2017-04-05
449;МАСТИВЕКС;Не требуется;9;7750;2011-12-22
450;МАСТИЕТ ГОЛД;Требуется;13;7200;2016-01-07
451;МАСТИЕТ ФОРТЕ;Не требуется;16;9800;2016-01-18
452;МАСТИЛЕКС;Требуется;7;6450;2021-08-26
453;МАСТИНОЛ;Требуется;12;9600;2014-03-24
454;МАСТИСАН А;Не требуется;26;4500;2018-02-22
455;МАСТИСЕПТ;Не требуется;27;4700;2012-09-28
456;МАСТИСЕПТ-А;Не требуется;30;8550;2016-10-16
457;МАСТОМЕТРИН РАСТВОР ДЛЯ ИНЪЕКЦИЙ;Требуется;24;3600;2020-09-12
458;МАСТОМИЦИН;Требуется;6;2850;2012-10-08
459;МАСТОСАНИТ;Не требуется;18;4050;2013-07-24
460;МЕДИЦИЛАТ;Требуется;24;4250;2016-09-11
461;МЕКСИДОЛ-ВЕТ РАСТВОР ДЛЯ ИНЪЕКЦИЙ;Не требуется;22;1750;2017-03-29
462;МЕКСИДОЛ-ВЕТ ТАБЛЕТКИ;Требуется;25;9950;2017-06-04
463;МЕЛ КОРМОВОЙ;Не требуется;28;4900;2013-03-28
464;МЕЛОКСИДИЛ;Требуется;5;9100;2020-10-26
465;МЕРАДОК;Требуется;15;2200;2011-01-29
466;МЕСАЛИН;Не требуется;5;9150;2020-08-09
467;МЕТАБОЛАЗА;Не требуется;18;1150;2015-12-27
468;МЕТРАМАГ;Не требуется;15;1000;2016-06-29
469;МЕТРАФУР;Не требуется;14;9200;2019-09-08
470;МЕТРИКУР;Требуется;28;6800;2012-09-02
471;МЕТРОНИД 50;Требуется;27;3500;2020-04-26
472;МЕТРОНИДАЗОЛ;Не требуется;25;1750;2012-10-16
473;МЕТРОНИДАЗОЛ ТАБЛЕТКИ;Не требуется;24;1200;2018-07-08
474;МЕТРОСЕПТ;Требуется;5;4750;2011-04-11
475;МИЗОФЕН МАЗЬ;Требуется;10;2050;2020-01-27
476;МИЗОФЕН-Ф;Не требуется;16;3150;2014-01-26
477;МИКОАСК гель;Не требуется;18;3500;2019-01-21
478;МИКОАСК полоски;Требуется;6;7100;2015-11-02
479;МИКОДЕМОЦИД;Не требуется;23;8150;2012-09-28
480;МИКОЗОЛ;Не требуется;19;4650;2012-04-29
481;МИКОСОРБ;Не требуется;26;5500;2016-08-02
482;МИКРОВИТАМ;Не требуется;12;1100;2018-03-07
483;МИКСОФЕРОН;Требуется;25;7700;2016-08-26
484;МИЛОКЛОКС LA;Не требуется;5;9350;2015-08-12
485;МИЛПРАЗОН ТАБЛЕТКИ ДЛЯ КОШЕК;Требуется;30;2750;2012-10-08
486;МИЛПРАЗОН ТАБЛЕТКИ ДЛЯ СОБАК;Не требуется;12;9350;2020-02-26
487;МИЛЬБЕМАКС ЖЕВАТЕЛЬНЫЕ ТАБЛЕТКИ;Требуется;21;9950;2016-04-07
488;МИЛЬБЕМАКС ТАБЛЕТКИ;Не требуется;26;1400;2020-12-07
489;МИЛЬПРО ДОГ;Не требуется;30;7400;2010-01-16
490;МИЛЬПРО КЭТ;Не требуется;11;3200;2017-12-18
491;МИНКОВАК;Не требуется;23;2850;2014-08-20
492;МИНКОВАК 2;Не требуется;10;8250;2016-11-05
493;МИНКОВАК 3;Требуется;29;3450;2019-02-04
494;МИНКОВАК В;Не требуется;11;1050;2015-12-31
495;МИНКОВАК Е;Не требуется;28;7650;2012-06-18
496;МИНКОВАК Р;Требуется;24;2350;2018-07-01
497;МИСС КИСС КАПЛИ ИНСЕКТО-АКАРИЦИДНЫЕ;Требуется;23;6200;2015-07-27
498;МИСС КИСС ПАЛОЧКИ ВАТНЫЕ ИНТЕНСИВНАЯ ЗАЩИТА;Требуется;5;7350;2018-06-17
499;МИСС КИСС ПАЛОЧКИ ВАТНЫЕ ИНТЕНСИВНАЯ ЗАЩИТА;Требуется;8;2900;2020-08-06
500;МИСС КИСС ШАМПУНЬ-КОНДИЦИОНЕР ГРАЦИОЗНЫЙ СФИНКС;Не требуется;20;6200;2015-07-13
501;МИСС КИСС ШАМПУНЬ-КОНДИЦИОНЕР ИЗЯЩНАЯ ПАНТЕРА;Требуется;17;5850;2012-11-25
502;МИСС КИСС ШАМПУНЬ-КОНДИЦИОНЕР ПУШИСТЫЙ ХВОСТИК;Требуется;29;9650;2014-07-15
503;МИСС КИСС ШАМПУНЬ-КОНДИЦИОНЕР РОСКОШНАЯ ЛЬВИЦА;Не требуется;21;3700;2010-03-12
504;МИСТЕР БРУНО СПРЕЙ;Требуется;23;9250;2015-11-07
505;МИСТЕР БРУНО КАПЛИ ИНСЕКТО-АКАРИЦИДНЫЕ;Требуется;5;3800;2020-01-02
506;МИСТЕР БРУНО ШАМПУНЬ ИНСЕКТИЦИДНЫЙ;Не требуется;24;8300;2014-02-19
507;МИСТЕР БРУНО ШАМПУНЬ-КОНДИЦИОНЕР ГЛЯНЦЕВЫЙ БЛЕСК;Не требуется;13;4650;2018-05-22
508;МИСТЕР БРУНО ШАМПУНЬ-КОНДИЦИОНЕР ЖЕСТКИЙ СТИЛЬ;Требуется;22;3150;2015-10-24
509;МИСТЕР БРУНО ШАМПУНЬ-КОНДИЦИОНЕР МЯГКИЙ ПЛЮШ;Не требуется;25;4400;2012-04-10
510;МИСТЕР БРУНО ШАМПУНЬ-КОНДИЦИОНЕР НЕЖНЫЙ БАРХАТ;Не требуется;18;1150;2011-02-08
511;МИСТЕР БРУНО ШАМПУНЬ-КОНДИЦИОНЕР ПОСЛУШНЫЙ ШЕЛК;Не требуется;21;3850;2018-03-28
512;МИСТЕР БРУНО ШАМПУНЬ-КОНДИЦИОНЕР ПУШИСТОЕ ОБЛАКО;Не требуется;10;6400;2017-01-29
513;МИСТЕР БРУНО ЭКСТРА КАПЛИ;Не требуется;26;8250;2015-06-30
514;МОЛД-ЗАП;Требуется;23;4300;2014-04-02
515;МОНЕНЗИН 10 %;Не требуется;26;4600;2020-09-30
516;МОНЕНЗИН 20 %;Требуется;11;4900;2010-12-25
517;Монж Диета;Требуется;26;1150;2015-01-13
518;МОНИЗЕН;Не требуется;14;1950;2017-07-14
519;МОНЛАР 10 %;Не требуется;10;8500;2010-08-08
520;МСТА;Требуется;9;3200;2017-04-17
521;МУЛЬТИБАЙ IMM;Не требуется;25;2700;2018-08-23
522;МУЛЬТИБАКТЕРИН ОМЕГА-10;Требуется;6;9750;2013-03-19
523;МУЛЬТИВИТ;Не требуется;14;3550;2010-10-04
524;МУЛЬТИВИТАМИН ИНЪЕКЦИИ;Не требуется;10;5150;2017-03-26
525;МУЛЬТИВИТАМИН ИНЪЕКЦИОННЫЙ;Требуется;18;3200;2010-04-30
526;МУЛЬТИКАН-1;Требуется;16;8500;2016-07-18
527;МУЛЬТИКАН-2;Не требуется;29;2750;2013-10-05
528;МУЛЬТИКАН-4;Не требуется;15;8850;2014-04-16
529;МУЛЬТИКАН-6;Требуется;25;5600;2016-03-18
530;МУЛЬТИКАН-7;Требуется;16;9950;2017-12-23
531;МУЛЬТИКАН-8;Не требуется;10;4400;2012-09-30
532;МУЛЬТИМАС;Требуется;27;8150;2010-11-15
533;МУЛЬТИМАСТ DC;Требуется;28;4950;2016-02-28
534;МУЛЬТИФЕЛ-4;Не требуется;29;1550;2011-03-16
535;МУРАВЬИНКА;Не требуется;22;5600;2015-11-05
536;МЭК-СХ-1;Требуется;27;9550;2016-09-30
537;МЭК-СХ-1;Требуется;8;8800;2012-06-13
538;МЭК-СХ-2;Требуется;30;2500;2017-08-01
539;МЭК-СХ-2;Требуется;17;3850;2012-02-23
540;МЭК-СХ-3;Требуется;13;9400;2019-06-02
541;МЭК-СХ-3;Не требуется;21;8400;2020-09-09
542;ПАНАКУР ГРАНУЛЯТ;Требуется;12;1350;2010-05-29
543;ПАНАКУР ПАСТА;Не требуется;19;8200;2014-06-21
544;ПАНДЕКС 1 %;Требуется;28;7850;2018-05-04
545;ПАНОЛОГ мазь;Не требуется;16;9000;2013-02-03
546;ПАРАСТОП;Не требуется;19;9900;2012-07-27
547;ПАСТА АЛЕЗАН;Требуется;5;9750;2020-09-25
548;ПАУДОКС;Требуется;18;6450;2015-09-22
549;ПЕКСИОН;Не требуется;6;3500;2010-02-28
550;ПЕНБЕКС;Требуется;19;9550;2018-03-18
551;ПЕНОФУР;Требуется;26;8700;2013-06-29
552;ПЕНСТРЕП;Требуется;30;6700;2011-09-21
553;ПЕНСТРЕП 400 ЛА;Не требуется;29;7250;2016-10-14
554;ПЕРКУТАН;Не требуется;24;3050;2015-01-27
555;ПЕРОЛ-А;Требуется;17;3600;2021-03-08
556;ПЕТКАМ ТАБС;Не требуется;18;5900;2016-10-02
557;ПЕХА-ХАФТ;Требуется;6;8600;2017-04-03
558;ПИМОПЕТ;Не требуется;27;6900;2010-08-15
559;ПИРО-СТОП;Не требуется;30;7200;2011-07-07
560;ПИРОСАН;Не требуется;29;4050;2013-06-16
561;ПИХТОВИТИН;Требуется;11;6550;2019-01-01
562;ПЛАЗМА КРОВИ АЭРОЗОЛЬНОЙ СУШКИ АР-820;Требуется;28;1450;2015-07-15
563;ПЛАЦЕНТА ДЕНАТУРИРОВАННАЯ ЭМУЛЬГИРОВАННАЯ;Не требуется;6;9150;2020-09-20
564;ПЛЕРИОН;Не требуется;7;8450;2016-05-22
565;ПЛЮСЕТ;Не требуется;26;3050;2020-12-11
566;ПНЕВМЕКВИН;Требуется;20;9750;2018-04-05
567;ПНЕВМОСТОП;Требуется;9;1150;2010-07-27
568;ПОЛИВАЛЕНТНАЯ ФОРМОЛВАКЦИНА;Требуется;17;9100;2017-08-22
569;ПОЛИГЕН РАСТВОР;Требуется;29;6400;2011-04-26
570;ПОЛИГЕН СУХОЙ;Не требуется;8;2600;2020-06-21
571;ПОЛИДЕКС ПОЛИВИТ – КАЛЬЦИЙ ПЛЮС;Не требуется;28;8900;2018-01-15
572;ПОЛИДЕКС ПРОТЕВИТ ПЛЮС;Не требуется;29;9700;2020-04-08
573;ПОЛИДЕКС СУПЕР ШЕРСТЬ ПЛЮС;Требуется;5;2600;2020-01-17
574;ПОЛИКАНИГЛОБ;Требуется;18;2950;2017-12-09
575;ПОЛИМИКСИНА М СУЛЬФАТ;Не требуется;20;2900;2013-03-22
576;ПОЛИОКСИДОНИЙ-ВЕТ РАСТВОР;Не требуется;15;7500;2011-12-04
577;ПОЛИРИБОНАТ;Требуется;9;2350;2011-05-28
578;ПОЛИСАН;Требуется;11;4800;2018-07-13
579;ПОЛИСОЛИ МИКРОЭЛЕМЕНТОВ;Не требуется;12;9550;2019-10-01
580;ПОЛИСОРБ ВП;Не требуется;8;4050;2020-01-04
581;ПОЛЬОДОКСИН;Не требуется;24;9050;2011-06-21
582;ПОРЗИМ 8100;Не требуется;16;5800;2010-08-16
583;ПОРЗИМ 8300;Не требуется;5;1650;2021-01-29
584;ПОРЗИМ 9100;Требуется;26;1100;2019-04-30
585;ПОРЗИМ 9300;Требуется;29;4650;2018-05-03
586;ПОРЗИМ ТП100;Требуется;24;9300;2010-06-23
587;ПОРКОМИЛК;Требуется;25;2100;2020-12-06
588;ПОРОШОК СПИРУЛИНА;Требуется;19;9450;2020-02-15
589;ПОРЦИЛИС ВРМ;Не требуется;25;7150;2014-07-10
590;ПОРЦИЛИС КОЛИ;Не требуется;12;8500;2019-06-23
591;ПРАЗИВЕР;Требуется;12;1350;2021-08-08
592;ПРАЗИМЕК-D;Не требуется;16;7550;2013-07-20
593;ПРАЗИМЕК-С;Требуется;12;8250;2021-03-06
594;ПРЕМИКС РЯБУШКА (1 %);Требуется;18;1150;2019-02-17
595;ПРЕМИКСЫ-КОНЦЕНТРАТЫ КЛАДЕЗЬ;Не требуется;8;5400;2011-07-01
596;ПРЕНОЛАКТ-ПОРОШОК;Не требуется;10;2100;2011-06-07
597;ПРИМАЛАКТ;Не требуется;29;2300;2012-12-11
598;ПРОГЕСТАМАГ;Требуется;11;1150;2017-10-14
599;ПРОДАКТИВ ФОРТЕ;Требуется;14;9400;2016-07-31
600;ПРОКОКС;Требуется;29;4950;2019-12-23
601;ПРОПАЛИН;Не требуется;22;3800;2017-08-29
602;ПРОТЕКФЛЮ;Требуется;20;6500;2013-04-17
603;ПРОТЕКФЛЮ ТЕ;Требуется;16;9900;2015-10-07
604;ПРОТОСУБТИЛИН Г3Х;Не требуется;26;2400;2016-10-04
605;ПРОФЕНДЕР;Требуется;20;4350;2021-09-08
606;ПУЛЬМАМАГ;Не требуется;9;9350;2015-05-28
607;ПУЛЬМОКИТ;Не требуется;13;3550;2013-04-21
608;ПУРЕВАКС RCP;Требуется;29;3050;2018-12-22
609;ПУРЕВАКС RCPCh;Не требуется;7;9750;2020-03-12
610;ПЧЕЛИТ;Требуется;17;4500;2015-11-19
611;ПЧЕЛОДАР;Не требуется;19;3750;2011-10-15
612;РАББИВАК-V;Не требуется;25;4000;2021-06-29
613;РАББИВАК-В;Требуется;22;7800;2019-01-20
614;РАБИГЕН МОНО;Требуется;15;6500;2014-07-19
615;РАБИЗИН;Не требуется;8;7950;2017-03-25
616;РАБИКС;Требуется;19;3050;2021-02-17
617;РАБИФЕЛ;Не требуется;8;5850;2019-09-14
618;РАКУМИН-ПАСТА;Требуется;28;2200;2015-02-21
619;РАКУСИД;Требуется;17;3200;2015-04-17
620;РАМИТ;Не требуется;16;4850;2020-08-01
621;РАНОЗОЛЬ;Требуется;24;3850;2014-09-20
622;РАНОСАН МАЗЬ;Требуется;19;4300;2012-04-18
623;РАНОСАН ПОРОШОК;Требуется;12;9100;2021-01-22
624;РАСТВОР ВИТАМИНОВ А Д3 Е и F;Не требуется;17;4450;2016-05-16
625;РАСТВОР ГЛЮКОЗЫ 40%;Требуется;16;4650;2013-11-04
626;РАСТВОР ГЛЮКОЗЫ 5%;Не требуется;20;4800;2010-09-26
627;РАСТВОР КАЛЬЦИЯ БОРГЛЮКОНАТ 20%;Требуется;16;9150;2018-04-18
628;РАСТВОР КАЛЬЦИЯ ГЛЮКОНАТА 10%;Не требуется;9;2250;2019-04-11
629;РАТЕИД;Не требуется;16;9200;2014-01-13
630;РАТИМОР-КОНЦЕНТРАТ;Требуется;5;3550;2013-06-04
631;РАТИМОР-ПРИМАНКА;Не требуется;28;2350;2013-11-20
632;РАТОКС;Не требуется;11;5000;2015-04-21
633;РАТТИДИОН;Не требуется;25;9450;2010-09-14
634;РАЦИДОЛ;Не требуется;21;6950;2021-07-29
635;РЕГИДАТ;Требуется;26;1050;2020-11-04
636;РЕДИАР;Требуется;27;6500;2020-02-05
637;РЕКОФЕРОН ГАММА;Не требуется;19;5400;2013-03-26
638;РЕКС ВИТАЛ АМИНОКИСЛОТЫ;Не требуется;19;2650;2013-08-27
639;РЕКС ВИТАЛ ЭЛЕКТРОЛИТЫ;Требуется;8;2450;2012-01-05
640;РЕНАЛ паста;Не требуется;24;9850;2020-02-12
641;РЕНАЛ ФАЗА 1;Требуется;6;1200;2017-01-01
642;РЕПТИЛАЙФ СУСПЕНЗИЯ;Не требуется;25;5900;2018-07-31
643;РЕЦЕФ 4;Требуется;10;2750;2021-05-21
644;РИБОТАН;Не требуется;12;1550;2010-06-14
645;РИВЕРТИН 1 %;Требуется;8;8750;2017-04-21
646;РИКАРФА ТАБЛЕТКИ;Требуется;29;8550;2017-05-20
647;РИМАДИЛ Р ТАБЛЕТКИ;Требуется;17;5100;2017-05-01
648;РИМАДИЛ РАСТВОР ДЛЯ ИНЪЕКЦИЙ;Не требуется;26;9500;2020-05-10
649;РИМАДИЛ ТАБЛЕТКИ;Требуется;23;3350;2019-10-02
650;РИНБРОНХ;Не требуется;22;5400;2018-01-24
651;РИФАЛЕКС;Требуется;7;8600;2013-08-16
652;РИФАН;Не требуется;7;1950;2015-04-01
653;РИФАПОЛ;Требуется;27;7700;2015-07-30
654;РИФАПРИМ;Требуется;21;6900;2014-04-03
655;РИФАЦИКЛИН;Не требуется;15;2400;2011-05-14
656;РИХОМЕТРИН;Не требуется;24;7500;2020-11-07
657;РОВАСТИН;Не требуется;27;9200;2017-03-21
658;Родентан-Б;Требуется;20;4500;2016-09-30
659;РОДЕФАСИН-У;Не требуется;26;7800;2011-07-14
660;РОДИАЛОН;Не требуется;12;7400;2012-10-09
661;РОДОТИУМ 45 %;Требуется;24;3300;2018-10-03
662;РОЛЕНОЛ;Не требуется;8;4350;2014-12-26
663;РОНАКСАН;Требуется;23;5000;2011-04-28
664;РОНИДАЗОЛ 10 %;Не требуется;20;8900;2016-01-14
665;РОНКОЛЕЙКИН;Требуется;6;1700;2020-11-05
666;РОТЕНДАНТ;Требуется;15;5050;2014-06-24
667;САЛ-ЗАП;Не требуется;14;9550;2019-07-10
668;САЛИНОФАРМ 12 %;Не требуется;23;3150;2010-09-02
669;САЛИНОФАРМ 6 %;Не требуется;9;2000;2017-03-08
670;САЛЬМОЗАН;Требуется;30;8400;2016-12-01
671;САНАТОЛ;Не требуется;22;4250;2012-05-05
672;САНОКС;Не требуется;30;7150;2016-03-25
673;САНОФЛАЙ;Не требуется;23;2650;2013-05-26
674;САНОФОР;Не требуется;25;6000;2014-08-03
675;САНРОЙ;Требуется;5;9400;2015-11-14
676;САНТЕЛ 10%;Не требуется;28;3150;2012-03-31
677;САНТОМЕКТИН;Не требуется;12;3300;2019-12-06
678;САРКОЛИТИН К-9;Требуется;22;4900;2012-11-19
679;САРКОМИН;Требуется;14;8650;2020-12-17
680;САРУКОКС 12 %;Требуется;17;9400;2014-03-01
681;САФРОДЕРМ ГЕЛЬ;Не требуется;16;8450;2012-06-15
682;САФРОДЕРМ НАСТОЙКА;Не требуется;16;9450;2015-01-30
683;СГОЛ;Не требуется;8;3150;2018-06-09
684;СЕДАМИДИН;Не требуется;19;4250;2019-09-14
685;СЕДИМИН;Не требуется;22;4100;2017-11-16
686;СЕДИМИН-F+;Требуется;28;3600;2021-05-07
687;СЕДИМИН-Se+;Требуется;21;5600;2013-11-15
688;СЕЛ-ПЛЕКС;Не требуется;21;9350;2019-08-20
689;СЕЛАФОРТ;Требуется;22;10000;2017-04-21
690;СЕЛАЦИД;Требуется;13;3900;2016-12-06
691;СЕЛЕМАГ;Не требуется;8;2950;2016-12-05
692;СЕЛЕМАГ-О;Требуется;19;7850;2020-11-29
693;СЕЛЕРОЛ;Не требуется;10;6300;2013-06-07
694;СЕЛКО-рН;Требуется;8;2250;2013-05-18
695;СЕМИНТРА;Требуется;28;7900;2015-10-01
696;СЕНСИБЛЕКС ВЕЙКС;Требуется;29;1050;2013-04-16
697;СЕПТИФОРТ СПРЕЙ;Не требуется;23;9400;2010-04-05
698;СЕПТО-СПРЕЙ;Не требуется;5;3500;2020-07-21
699;СЕПТОГЕЛЬ;Не требуется;20;5050;2012-07-14
700;СЕРЕНИЯ;Требуется;18;5300;2014-12-13
701;СЕРЕНИЯ РАСТВОР ДЛЯ ИНЪЕКЦИЙ;Не требуется;17;3750;2014-12-06
702;СЕРНО-ЦИНКОВАЯ МАЗЬ;Требуется;22;8750;2019-08-19
703;СИД;Требуется;15;1250;2013-02-19
704;СИЛЕО;Требуется;21;7200;2020-01-04
705;СИМПАРИКА;Требуется;28;3500;2014-05-27
706;СИНКОГЕЛЬ;Требуется;22;9800;2016-04-06
707;СИНУЛОКС RTU;Требуется;26;3250;2019-11-12
708;СИНУЛОКС ТАБЛЕТКИ;Не требуется;9;5400;2017-11-09
709;СКАВОН ВЕТ КРЕМ;Не требуется;18;7250;2013-04-14
710;СКАВОН ВЕТ СПРЕЙ;Требуется;9;7450;2010-03-14
711;СКАЛИБОР ИНСЕКТО-АКАРИЦИДНЫЙ;Требуется;8;9100;2020-10-14
712;СОЛИКОКС;Не требуется;19;7100;2011-06-11
713;СОЛЬФАК ДУО СК 7%;Не требуется;23;2350;2010-06-27
714;СОМАТИК-ТЕСТ СМТ;Требуется;12;8650;2010-07-13
715;СОРБАЛГОН;Не требуется;11;7800;2021-04-17
716;СОРБАЛГОН Т;Не требуется;15;9500;2015-06-29
717;СПЕКТАМ;Требуется;5;6000;2011-11-30
718;СПЕЛИНК-44;Требуется;6;3800;2010-06-21
719;СПОРОВИТ ЖИДКИЙ;Требуется;25;6350;2016-12-18
720;СПРЕЙ ЭЛИТА;Требуется;19;5600;2021-08-29
721;СПРЕЙ ЭЛИТА С ПРОВИТАМИНОМ B5;Не требуется;23;7850;2011-06-11
722;СТАРТИН;Не требуется;6;2550;2019-11-19
723;СТИМОВИТ;Не требуется;29;8800;2018-04-13
724;СТОП-АРТРИТ;Не требуется;25;6000;2014-10-26
725;СТОП-ЗУД СПРЕЙ;Требуется;7;9600;2021-05-05
726;СТОП-ЗУД СУСПЕНЗИЯ;Не требуется;25;5000;2019-07-28
727;СТОП-СТРЕСС КАПЛИ;Требуется;24;8700;2012-10-18
728;СТОП-СТРЕСС ТАБЛЕТКИ;Не требуется;6;5450;2018-10-09
729;СТОП-ЦИСТИТ БИО;Не требуется;26;9100;2011-06-13
730;СТОП-ЦИСТИТ ТАБЛЕТКИ;Не требуется;13;4750;2014-10-24
731;СТОПМОЛЬ;Требуется;19;9000;2011-12-18
732;СТРАЙД;Не требуется;26;3950;2012-09-06
733;СТРАЙД ПЛЮС;Требуется;11;7450;2014-12-11
734;СТРЕПТОВИК;Требуется;17;5400;2016-05-17
735;СТРЕПТОМИЦИНА СУЛЬФАТ (Агрофарм);Не требуется;18;9350;2011-11-29
736;СТРЕПТОМИЦИНА СУЛЬФАТ (Синтез);Не требуется;13;6300;2019-04-24
737;СТРЕПТОФУР;Требуется;22;6200;2012-08-29
738;СТРЕССМИКС;Не требуется;17;5100;2013-09-14
739;СТРОНГХОЛД;Требуется;10;5950;2010-01-29
740;СТРУВИТНАЯ ДИЕТА;Не требуется;13;9950;2011-06-21
741;СТРУВИТНАЯ ДИЕТА КОНСЕРВЫ;Не требуется;26;2950;2015-08-04
742;СУБТИЛИС;Требуется;26;7750;2015-09-11
743;СУБТИЛИС-Ж;Требуется;14;8850;2015-04-10
744;СУИФЕРРОВИТ-А;Требуется;29;2950;2014-09-21
745;СУЛЬТЕПРИМ;Требуется;9;2550;2011-06-13
746;СУЛЬФ ГРАНУЛЯТ;Требуется;13;7500;2019-01-25
747;СУЛЬФ-120;Требуется;12;6850;2018-10-15
748;СУЛЬФ-480;Требуется;17;8700;2018-09-04
749;СУЛЬФЕТРИСАН;Требуется;5;2350;2019-11-08
750;СУМИНАК;Не требуется;11;6500;2014-02-24
751;СУПЕРПУШНОВИТ-М;Требуется;14;1200;2017-10-27
752;СУПЕРПУШНОВИТ-П;Не требуется;8;3050;2017-11-18
753;СУПЕРФЛЕКС;Не требуется;12;9450;2010-03-15
754;СУППРЕСТРАЛ СУСПЕНЗИЯ ДЛЯ ИНЪЕКЦИЙ;Не требуется;15;1050;2011-09-28
755;СУПРЕЛОРИН;Не требуется;21;1300;2012-02-03
756;СУПРИМИЦИН;Не требуется;17;7150;2011-08-28
757;СУРОЛАН;Не требуется;30;7850;2020-12-21
758;СУРФАГОН;Не требуется;10;2500;2018-11-25
759;СУРФАГОН;Требуется;9;8100;2013-06-02
760;ТЕСТОКС;Не требуется;12;6300;2012-05-23
761;ТЕТРАВИТ;Требуется;13;9750;2018-09-07
762;ТЕТРАГИДРОВИТ;Не требуется;30;3700;2015-10-03
763;ТЕТРАЛОНГ-20;Требуется;8;6200;2015-06-01
764;ТЕТРАМАГ;Требуется;11;9350;2017-01-05
765;ТЕТРАМАСТ;Требуется;17;7600;2017-08-19
766;ТЕТРАМЕТР;Не требуется;24;3500;2013-05-30
767;ТЕТРАМИЗОЛ;Требуется;9;5200;2018-05-30
768;ТЕТРАМИЗОЛ 10% ГРАНУЛЯТ;Не требуется;18;1350;2016-12-14
769;ТЕТРАМИЗОЛ 20 % ГРАНУЛЯТ;Не требуется;22;5300;2018-01-26
770;ТЕТРАЦИКЛИНА ГИДРОХЛОРИД;Требуется;17;1800;2011-04-14
771;ТЕТРОКСИ 10 %;Требуется;16;7800;2016-03-12
772;ТЕТРОКСИ LА;Требуется;12;6450;2019-02-08
773;ТИАЛОНГ;Не требуется;30;3700;2018-03-13
774;ТИАМУЛИН 2 %;Требуется;9;8350;2021-01-12
775;ТИАМУЛИН 45 %;Не требуется;26;7400;2013-03-22
776;ТИАМУТОКС;Требуется;18;2950;2016-05-21
777;ТИАМУФАРМ 10%;Требуется;11;3950;2010-08-02
778;ТИГМА-К;Требуется;14;8900;2020-12-18
779;ТИГМА-Щ;Не требуется;12;1650;2012-05-14
780;ТИЕРКАЛ;Требуется;6;8600;2013-11-06
781;ТИЛАНИК 20 %;Требуется;8;4500;2018-01-11
782;ТИЛАНИК 5%;Требуется;5;2000;2011-04-01
783;ТИЛАНИК ВОДОРАСТВОРИМЫЙ ПОРОШОК;Требуется;9;6950;2018-04-12
784;ТИЛАР;Требуется;18;6100;2011-09-25
785;ТИЛАР 50 %;Требуется;9;9900;2015-12-01
786;ТИЛДРЕН;Не требуется;18;7050;2016-04-13
787;ТИЛОВЕТ 10 %;Не требуется;26;4100;2015-04-24
788;ТИЛОВЕТ 25 %;Не требуется;22;1350;2015-10-30
789;ТИЛОВЕТ Б-200;Требуется;23;4950;2017-10-03
790;ТИЛОВЕТ Б-50;Не требуется;19;2350;2020-07-19
791;ТИЛОВЕТ ВОДОРАСТВОРИМЫЙ ПОРОШОК;Требуется;20;8400;2019-07-02
792;ТИЛОДОКС-200;Требуется;16;2400;2016-01-04
793;ТИЛОЗИН 200;Требуется;7;9750;2016-10-07
794;ТИЛОЗИН 50;Требуется;22;2450;2013-08-09
795;ТИЛОЗИН ОСНОВАНИЕ СУБСТАНЦИЯ;Требуется;18;8050;2020-03-28
796;ТИЛОЗИНА ТАРТРАТ ГРАНУЛИРОВАННЫЙ СУБСТАНЦИЯ;Не требуется;8;4200;2013-10-16
797;ТИЛОЗИНА ТАРТРАТ СУБСТАНЦИЯ;Требуется;17;2300;2019-12-04
798;ТИЛОЗИНОКАР;Требуется;13;5300;2017-12-03
799;ТИЛОКОЛ;Требуется;14;8850;2018-07-10
800;ТИЛОКОЛИН-АФ;Требуется;15;6300;2013-10-01
801;ТИЛОМАГ 20 %;Не требуется;28;6800;2020-11-22
802;ТИЛОМАГ 5 %;Требуется;23;2700;2018-12-09
803;ТИЛОСУЛЬФУРАН;Не требуется;11;6700;2013-08-06
804;ТИМПАНОЛ;Требуется;9;2950;2015-05-31
805;ТИОЦЕФУР;Не требуется;24;8300;2012-06-05
806;ТОЛФЕДИН;Не требуется;8;6000;2013-07-27
807;ТОЛФЕДИН 4%;Не требуется;22;2500;2019-03-19
808;ТОНОФОСФАН КОМПОЗИТУМ;Требуется;9;3500;2013-07-08
809;ТОП ДОГ;Требуется;23;9250;2019-08-21
810;ТОРУКОКС 2 %;Не требуется;18;4950;2020-07-05
811;ТОС-3;Требуется;8;2900;2010-07-13
812;ТРАВМАТИН РАСТВОР ДЛЯ ИНЪЕКЦИЙ;Не требуется;23;3400;2013-03-30
813;ТРИАНТЕЛМ;Не требуется;15;9550;2015-08-23
814;ТРИВИТ ДЛЯ ИНЪЕКЦИЙ;Не требуется;18;2950;2014-02-25
815;ТРИВИТ ДЛЯ ПРИМЕНЕНИЯ ВНУТРЬ;Требуется;7;7000;2019-11-16
816;ТРИВИТАМИН ДЛЯ ИНЪЕКЦИЙ;Не требуется;16;3550;2014-01-13
817;ТРИВИТАМИН ДЛЯ ПРИМЕНЕНИЯ ВНУТРЬ;Не требуется;16;5900;2010-03-18
818;ТРИМЕТИН;Требуется;29;8500;2016-04-27
819;ТРИМЕТОКС;Требуется;13;7200;2015-06-04
820;ТРИПРИМ;Требуется;30;4850;2017-04-13
821;ТРИСУЛЬФОН ПОРОШОК;Не требуется;18;8050;2015-05-29
822;ТРИХОВЕТ 5 %;Не требуется;11;2400;2012-04-30
823;ТРИХОПТИЛИН;Не требуется;26;7750;2012-08-12
824;ТРИЦИЛЛИН;Не требуется;6;8750;2021-06-25
825;ТРОМЕКСИН;Требуется;7;9800;2021-06-01
826;ТРОНЦИЛ;Не требуется;7;5400;2015-06-09
827;ТРОНЦИЛ-К;Требуется;12;6500;2015-04-17
828;ТЭДА;Не требуется;30;4600;2011-07-28
829;ФАРМАЙОД;Не требуется;12;6950;2010-10-24
830;ФАРМАСТИМ 4 %;Не требуется;23;8900;2019-07-19
831;ФАРМАСТИМ 8 %;Не требуется;13;3900;2018-08-31
832;ФАРМКОКЦИД-10;Требуется;11;5900;2011-02-16
833;ФАРМОКСИДИН 1 % РАСТВОР;Требуется;12;9100;2017-08-07
834;ФАСКОВЕРМ РАСТВОР;Не требуется;25;9800;2014-11-18
835;ФАСКОЦИД ГРАНУЛЫ;Не требуется;30;3100;2011-05-13
836;ФАСЦИОЛ;Не требуется;5;4850;2013-09-01
837;ФЕБТАЛ;Требуется;7;1550;2018-06-28
838;ФЕЛИГЕН CRP;Не требуется;19;4300;2018-08-28
839;ФЕЛИГЕН CRP/R;Не требуется;7;2700;2017-05-13
840;ФЕЛИФЕРОН;Не требуется;11;6550;2019-07-29
841;ФЕЛОВАКС;Требуется;27;8800;2019-08-23
842;ФЕНБАЗЕН 10 % ГРАНУЛЯТ;Не требуется;23;8250;2017-03-01
843;ФЕНБАЗЕН 10 % СУСПЕНЗИЯ;Не требуется;6;9350;2014-01-12
844;ФЕНБЕНГРАН ГРАНУЛЯТ;Требуется;12;2050;2014-09-30
845;ФЕНБЕНДАЗОЛ;Не требуется;23;8050;2018-09-02
846;ФЕНИЛБУТАЗОН;Не требуется;23;4450;2012-03-19
847;ФЕНПРАЗ;Не требуется;24;3700;2015-01-21
848;ФЕНПРАЗ суспензия;Не требуется;7;6150;2011-07-16
849;ФЕРКАН;Требуется;30;7350;2012-10-27
850;ФЕРРАНИМАЛ-75;Не требуется;19;4900;2021-02-02
851;ФЕРРАНИМАЛ-75 М;Не требуется;8;5400;2017-01-26
852;ФЕРРОГЛЮКИН-75;Требуется;8;4550;2019-06-03
853;ФИЗАЛ;Требуется;22;2200;2020-03-11
854;ФИЛАКС;Не требуется;22;10000;2013-04-23
855;ФИНАЛ МБ;Не требуется;11;4150;2020-10-03
856;ФИПРЕКС 75 СПОТ-ОН;Не требуется;24;4400;2013-02-21
857;ФИПРЕКС СПРЕЙ ФОРТЕ;Не требуется;14;6300;2020-05-17
858;ФИПРИСТ СПОТ ОН;Не требуется;21;1850;2012-05-16
859;ФИПРОКЛИР СПОТ-ОН;Требуется;22;5250;2010-05-31
860;ФИПРОТЕГ;Требуется;25;5750;2011-07-14
861;ФИТОБАКТРИН;Требуется;20;7050;2019-06-25
862;ФИТОКАЛЬЦЕВИТ;Требуется;16;8500;2020-07-23
863;ФИТОКАЛЬЦЕВИТ С ТАУРИНОМ;Не требуется;5;4550;2020-09-11
864;ФИТОМИНЫ + А;Требуется;6;2750;2011-06-30
865;ФИТОМИНЫ + БК;Требуется;22;8600;2014-07-17
866;ФИТОМИНЫ + ВШ;Не требуется;29;9000;2021-02-01
867;ФИТОМИНЫ + ГЕМАТОДОГ;Требуется;21;9400;2013-07-09
868;ФИТОМИНЫ + ГЕМАТОКЭТ;Требуется;15;6700;2011-10-01
869;ФИТОМИНЫ + КК;Требуется;8;9300;2017-03-04
870;ФИТОМИНЫ + МК;Не требуется;28;2450;2020-10-18
871;ФИТОМИНЫ + С;Требуется;29;2050;2010-05-06
872;ФИТОМИНЫ В;Требуется;25;8750;2018-01-31
873;ФИТОМИНЫ Г;Не требуется;19;9500;2010-10-24
874;ФИТОМИНЫ ГЛ;Требуется;11;4350;2013-01-24
875;ФИТОМИНЫ З;Требуется;11;9350;2017-04-17
876;ФИТОМИНЫ Ш;Не требуется;26;3300;2014-02-13
877;ФИТОМИНЫ-М-К;Не требуется;6;5800;2013-03-07
878;ФИТОМИНЫ-М-КМ;Не требуется;12;2650;2011-01-13
879;ФИТОМИНЫ-М-МС;Требуется;28;9600;2019-04-08
880;ФИТОМИНЫ-М-Х;Требуется;30;8550;2015-09-17
881;ФИТОЭЛИТА Крем-бальзам антисептический;Не требуется;15;2650;2020-01-20
882;ФИТОЭЛИТА Крем-бальзам противовоспалительный;Не требуется;29;1350;2013-06-30
883;ФИТОЭЛИТА Крем-бальзам противотравматический;Не требуется;30;3450;2010-01-18
884;ФИТОЭЛИТА Крем-бальзам ранозаживляющий;Требуется;23;5400;2012-11-07
885;ФИТОЭЛИТА лосьон для глаз;Требуется;15;3300;2012-07-12
886;ФИТОЭЛИТА-К ЗАЩИТА ОТ ИНФЕКЦИЙ;Требуется;14;1500;2020-01-24
887;ФИТОЭЛИТА-К ЗДОРОВЫЕ ПОЧКИ;Не требуется;5;5050;2014-10-11
888;ФИТОЭЛИТА-К ОСТЕОЧАЙ;Требуется;30;6750;2021-03-14
889;ФИТОЭЛИТА-К ОЧИСТИТЕЛЬНЫЙ ЧАЙ;Не требуется;30;10000;2020-09-29
890;ФИТОЭЛИТА-К ТОЛСТОПУЗ;Не требуется;21;2300;2013-11-03
891;ФИТОЭЛИТА-К ЦИТОСТАТ;Не требуется;23;9600;2012-05-01
892;ФИТОЭЛИТА-К ЧИСТАЯ КОЖА;Требуется;20;4300;2016-11-04
893;ФИТЭКС КАПЛИ;Требуется;8;1050;2018-05-04
894;ФЛАВОВИТ 8 %;Не требуется;21;4300;2019-01-16
895;ФЛАЙ БАЙТ;Требуется;18;8250;2011-12-28
896;ФЛЕКСОПРОФЕН;Не требуется;15;5250;2011-01-02
897;ФЛИ 3 в 1;Требуется;5;1950;2013-07-11
898;ФЛОРИКОЛ;Требуется;9;5350;2018-01-09
899;ФЛОРИТИЛ ИНЪЕКЦИОННЫЙ;Требуется;25;4900;2016-04-06
900;ФЛОРОКС;Требуется;7;3600;2015-03-22
901;ФЛОРОН 10 %;Не требуется;28;5600;2010-11-13
902;ФЛОРОН 2 % ПОРОШОК;Требуется;11;7950;2020-05-05
903;ФЛОРОН 30 %;Требуется;10;6900;2018-02-18
904;ФЛС-МИКС;Не требуется;12;9750;2014-02-28
905;ФЛУБАКТИН 10 %;Не требуется;19;6600;2018-09-17
906;ФЛУБАКТИН 20 %;Требуется;16;4700;2011-04-20
907;ФЛУНИДЖЕКТ;Не требуется;17;7800;2011-09-08
908;ФОЛАЙН КАПЛИ;Требуется;25;5800;2017-10-08
909;ФОЛАЙН СПРЕЙ;Требуется;27;7600;2012-06-26
910;ФОЛЛИМАГ;Не требуется;20;5750;2011-09-24
911;ФОРВЕТ капли глазные;Требуется;25;7050;2021-05-07
912;ФОРВЕТ раствор для инъекций;Не требуется;7;5600;2017-04-01
913;ФОРМОЛВАКЦИНА ПРОТИВ ПАСТЕРЕЛЛЕЗА;Не требуется;25;8000;2020-01-15
914;ФОРТЕ УНИВЕРСАЛ;Не требуется;16;2500;2015-08-25
915;ФОРТЕКОР таблетки;Требуется;19;4150;2021-05-05
916;ФортиФлора пробиотик;Требуется;21;4400;2013-08-12
917;ФОСПАСИМ РАСТВОР ДЛЯ ИНЪЕКЦИЙ;Не требуется;26;2100;2015-09-21
918;ФОСПАСИМ РАСТВОР ДЛЯ ПРИМЕНЕНИЯ ВНУТРЬ;Не требуется;26;4600;2015-01-30
919;ФОСПРЕНИЛ;Не требуется;26;4100;2014-02-12
920;ФРЕШ 25;Требуется;15;8600;2018-10-23
921;ФРОНТЛАЙН КОМБО;Не требуется;19;1650;2015-05-15
922;ФРОНТЛАЙН СПОТ ОН;Не требуется;29;3200;2015-07-25
923;ФРОНТЛАЙН СПРЕЙ;Требуется;23;9100;2019-07-22
924;ФСГ-СУПЕР;Требуется;13;4650;2015-04-25
925;ФУМИСАН;Не требуется;13;5650;2017-08-15
926;ФУНГИВЕТ;Не требуется;9;8500;2020-06-30
927;ФУНГИН;Не требуется;15;8900;2019-03-06
928;ФУРАМИКС;Не требуется;22;5100;2020-01-30
929;ФУРАПЕН;Требуется;17;7850;2013-08-25
930;ФУРАПОЛ;Требуется;24;8100;2014-05-12
931;ЭВТАНАЗИН;Не требуется;16;10000;2013-01-12
932;ЭГОЦИН 20;Требуется;19;9500;2013-08-03
933;ЭЙМЕТЕРМ СУСПЕНЗИЯ 5%;Не требуется;19;5900;2019-11-25
934;ЭКВАЛАН;Не требуется;12;5950;2014-02-17
935;ЭКВАЛАН ДУО;Не требуется;25;3150;2019-03-05
936;ЭКВИЛИС ПРЕКВЕНЗА ТЕ;Не требуется;5;9950;2013-07-09
937;ЭКВИЛИС РЕЗЕКВИН;Не требуется;21;8550;2020-10-27
938;ЭКВИЛИС ЭКВЕНЗА-Т;Не требуется;25;5650;2011-01-21
939;ЭКВИСЕКТ ПАСТА;Требуется;25;1800;2020-01-18
940;ЭКЗЕКАН;Требуется;12;1550;2012-07-03
941;ЭКОФЛИС;Требуется;7;4300;2016-06-29
942;ЭКОЦИД С;Требуется;15;8950;2015-10-09
943;ЭКС-5;Не требуется;15;9800;2017-11-04
944;ЭКС-5Т;Требуется;26;4200;2021-07-10
945;ЭКТОДЕС;Не требуется;19;8200;2019-07-12
946;ЭЛВЕСТИН;Не требуется;6;3200;2012-07-21
947;ЭНГЕМИЦИН 10%;Не требуется;26;4650;2015-11-03
948;ЭНРОМАГ 5 %;Требуется;7;8300;2014-12-12
949;ЭНРОМАГ-О;Не требуется;16;1350;2012-09-07
950;ЭНРОНИТ;Требуется;20;7650;2010-01-20
951;ЭНРОСТИН;Требуется;24;6000;2018-05-07
952;ЭНРОСТИН МАКС;Требуется;19;3900;2018-10-24
953;ЭНРОЦИД;Требуется;29;8750;2016-09-23
954;ЭНТЕРОКАТ;Не требуется;21;2200;2019-03-15
955;ЭНТЕРОСОРБЕНТ УГЛЕРОДНЫЙ ЗООКАРБ;Не требуется;21;9850;2012-05-02
956;ЭНТИФ;Требуется;24;4200;2011-01-31
957;ЭНТОМОЗАН С;Требуется;12;5850;2011-01-12
958;ЭПИ ОТИК;Не требуется;25;4450;2014-03-13
959;ЭПРИМЕК;Не требуется;5;6900;2015-10-11
960;ЭРИДИН;Не требуется;23;1500;2020-11-26
961;ЭРИДОН;Требуется;24;8650;2012-08-19
962;ЭРИМАСТ;Не требуется;9;3450;2015-09-21
963;ЭРИПРИМ КОНЦЕНТРАТ;Не требуется;26;9850;2017-06-15
964;ЭРИТРОКСИД;Не требуется;8;3850;2018-10-03
965;ЭРОКСИМАСТ;Требуется;5;6400;2019-01-07
966;ЭСТРОФАН;Требуется;14;6850;2010-06-09
967;ЭСТРОФАНТИН;Требуется;23;7350;2018-06-08
968;ЭУРИКАН DHPPI2-L;Не требуется;19;5350;2011-01-30
969;ЭУРИКАН DHPPI2-LR;Требуется;25;5450;2018-11-27
970;ЭУРИКАН ПИРО;Требуется;7;9450;2011-01-06
971;ЭФА-ГЕЛЬ;Требуется;9;6900;2018-02-14
972;ЭФА-Д 1 %;Не требуется;7;4100;2010-04-01
973;ЭФФИТИКС;Не требуется;18;3800;2021-01-24
974;ЭНТЕРОСОРБЕНТ УГЛЕРОДНЫЙ ЗООКАРБ;Требуется;19;3050;2021-08-23
975;ЭНТИФ;Требуется;17;3600;2010-07-07
976;ЭНТОМОЗАН С;Требуется;22;2150;2012-01-16
977;ЭПИ ОТИК;Не требуется;13;3300;2018-08-05
978;ЭПРИМЕК;Не требуется;18;5150;2016-09-25
979;ЭРИДИН;Требуется;21;7150;2014-06-21
980;ЭРИДОН;Не требуется;14;2800;2010-12-18
981;ЭРИМАСТ;Требуется;11;6800;2021-09-10
982;ЭРИПРИМ КОНЦЕНТРАТ;Не требуется;28;1500;2012-11-05
983;ЭРИТРОКСИД;Не требуется;12;8600;2011-01-10
984;ЭРОКСИМАСТ;Требуется;7;9550;2019-05-26
985;ЭСТРОФАН;Не требуется;23;4350;2021-01-29
986;ЭСТРОФАНТИН;Требуется;13;4450;2019-07-11
987;ЭУРИКАН DHPPI2-L;Не требуется;16;4950;2019-03-16
988;ЭУРИКАН DHPPI2-LR;Не требуется;23;5300;2017-06-04
989;ЭУРИКАН ПИРО;Требуется;13;7850;2015-02-06
990;ЭФА-ГЕЛЬ;Требуется;20;8250;2020-07-15
991;ЭФА-Д 1 %;Требуется;15;7750;2010-10-09
992;ЭФФИТИКС;Не требуется;26;4600;2010-06-14
993;ЭНТЕРОСОРБЕНТ УГЛЕРОДНЫЙ ЗООКАРБ;Не требуется;22;2500;2012-10-06
994;ЭНТИФ;Требуется;7;9450;2018-02-07
995;ЭНТОМОЗАН С;Не требуется;27;4650;2019-11-26
996;ЭПИ ОТИК;Требуется;23;2450;2021-08-23
997;ЭПРИМЕК;Не требуется;24;1050;2012-08-25
998;ЭРИДИН;Требуется;14;9300;2017-04-17
999;ЭРИДОН;Требуется;23;1850;2015-08-02
1000;ЭРИМАСТ;Требуется;10;8700;2021-01-17
